{
  "mae": 179.97317172178793,
  "rmse": 228.77008269031936,
  "mape": 37.511705408157134
}