date,user_id,y_true,y_pred,residual,abs_error
2018-12-23T00:00:00.000000000,86,32.15,82.514656,-50.36465606689453,50.36465606689453
2018-12-24T00:00:00.000000000,86,239.52000000000004,90.54218,148.97781707763676,148.97781707763676
2018-12-25T00:00:00.000000000,86,165.18,81.69748,83.48252075195313,83.48252075195313
2018-12-26T00:00:00.000000000,86,29.29,81.93148,-52.641480407714845,52.641480407714845
2018-12-27T00:00:00.000000000,86,3.52,91.39997,-87.87997100830079,87.87997100830079
2018-12-28T00:00:00.000000000,86,157.82000000000002,75.44774,82.37226135253908,82.37226135253908
2018-12-29T00:00:00.000000000,86,122.38,83.06935,39.31064880371093,39.31064880371093
2018-12-30T00:00:00.000000000,86,83.0,80.5365,2.4635009765625,2.4635009765625
2018-12-31T00:00:00.000000000,86,50.61999999999999,76.07813,-25.45813262939454,25.45813262939454
2019-01-01T00:00:00.000000000,86,151.26999999999998,77.30299,73.96700622558592,73.96700622558592
2019-01-02T00:00:00.000000000,86,40.37,76.924126,-36.55412567138672,36.55412567138672
2019-01-03T00:00:00.000000000,86,103.46,78.13542,25.324578247070306,25.324578247070306
2019-01-04T00:00:00.000000000,86,148.45000000000002,81.51813,66.93187255859377,66.93187255859377
2019-01-05T00:00:00.000000000,86,198.94,90.2028,108.73720306396484,108.73720306396484
2019-01-06T00:00:00.000000000,86,132.13,83.82137,48.30862701416015,48.30862701416015
2019-01-07T00:00:00.000000000,86,97.09000000000002,86.036415,11.053584899902361,11.053584899902361
2019-01-08T00:00:00.000000000,86,68.16,87.36582,-19.20582183837891,19.20582183837891
2019-01-09T00:00:00.000000000,86,41.33,93.58752,-52.25751678466797,52.25751678466797
2019-01-10T00:00:00.000000000,86,37.85,94.90392,-57.05392303466797,57.05392303466797
2019-01-11T00:00:00.000000000,86,43.459999999999994,85.67619,-42.216193237304694,42.216193237304694
2019-01-12T00:00:00.000000000,86,49.73,84.11839,-34.38839294433594,34.38839294433594
2019-01-13T00:00:00.000000000,86,57.5,84.832275,-27.332275390625,27.332275390625
2019-01-14T00:00:00.000000000,86,4.87,87.2785,-82.40850341796875,82.40850341796875
2019-01-15T00:00:00.000000000,86,114.98,83.706436,31.27356384277344,31.27356384277344
2019-01-16T00:00:00.000000000,86,44.82,86.26197,-41.44197052001953,41.44197052001953
2019-01-17T00:00:00.000000000,86,71.74,82.22356,-10.483556518554693,10.483556518554693
2019-01-18T00:00:00.000000000,86,84.29,83.60801,0.6819906616211,0.6819906616211
2019-01-19T00:00:00.000000000,86,33.33,81.27202,-47.94201843261719,47.94201843261719
2019-01-20T00:00:00.000000000,86,43.24,91.167305,-47.92730499267578,47.92730499267578
2019-01-21T00:00:00.000000000,86,35.76,87.88676,-52.12675689697266,52.12675689697266
2019-01-22T00:00:00.000000000,86,66.29,85.78394,-19.493943176269525,19.493943176269525
2019-01-23T00:00:00.000000000,86,78.86,88.16731,-9.307312622070313,9.307312622070313
2019-01-24T00:00:00.000000000,86,22.12,96.28837,-74.16836822509765,74.16836822509765
2019-01-25T00:00:00.000000000,86,106.47,90.15548,16.314520568847655,16.314520568847655
2019-01-26T00:00:00.000000000,86,218.37,85.646736,132.72326385498047,132.72326385498047
2019-01-27T00:00:00.000000000,86,136.26,89.057205,47.20279479980468,47.20279479980468
2019-01-28T00:00:00.000000000,86,38.5,88.74128,-50.24127960205078,50.24127960205078
2019-01-29T00:00:00.000000000,86,224.62,86.908195,137.71180450439454,137.71180450439454
2019-01-30T00:00:00.000000000,86,158.93000000000004,86.111145,72.81885498046879,72.81885498046879
2019-01-31T00:00:00.000000000,86,57.25,82.48183,-25.231826782226562,25.231826782226562
2019-02-01T00:00:00.000000000,86,31.73,89.55945,-57.829448242187496,57.829448242187496
2019-02-02T00:00:00.000000000,86,168.2,85.44208,82.75792236328124,82.75792236328124
2019-02-03T00:00:00.000000000,86,43.38,81.327,-37.947003479003904,37.947003479003904
2019-02-04T00:00:00.000000000,86,128.88,79.68099,49.19900787353515,49.19900787353515
2019-02-05T00:00:00.000000000,86,63.97,81.238304,-17.268304138183595,17.268304138183595
2019-02-06T00:00:00.000000000,86,40.66,89.919655,-49.25965484619141,49.25965484619141
2019-02-07T00:00:00.000000000,86,345.15,93.06073,252.08927001953123,252.08927001953123
2019-02-08T00:00:00.000000000,86,39.31,88.149445,-48.83944458007812,48.83944458007812
2019-02-09T00:00:00.000000000,86,130.32,87.19089,43.12911254882812,43.12911254882812
2019-02-10T00:00:00.000000000,86,135.51,86.423546,49.08645416259765,49.08645416259765
2019-02-11T00:00:00.000000000,86,38.99000000000001,87.40644,-48.41644073486327,48.41644073486327
2019-02-12T00:00:00.000000000,86,591.6479999999998,85.755806,505.8921940307615,505.8921940307615
2019-02-13T00:00:00.000000000,86,47.48,93.255066,-45.77506591796875,45.77506591796875
2019-02-14T00:00:00.000000000,86,40.25,91.29379,-51.043792724609375,51.043792724609375
2019-02-15T00:00:00.000000000,86,64.27000000000001,86.54622,-22.276218872070302,22.276218872070302
2019-02-16T00:00:00.000000000,86,51.47,82.758934,-31.288934020996095,31.288934020996095
2019-02-17T00:00:00.000000000,86,44.68,82.346054,-37.66605407714844,37.66605407714844
2019-02-18T00:00:00.000000000,86,39.19,83.4527,-44.26269775390625,44.26269775390625
2019-02-19T00:00:00.000000000,86,113.31999999999998,91.2103,22.109703369140604,22.109703369140604
2019-02-20T00:00:00.000000000,86,74.58000000000003,92.66196,-18.08195678710935,18.08195678710935
2019-02-21T00:00:00.000000000,86,28.18,96.97596,-68.79595977783202,68.79595977783202
2019-02-22T00:00:00.000000000,86,32.19,88.87963,-56.68963104248047,56.68963104248047
2019-02-23T00:00:00.000000000,86,123.25,93.85773,29.39227294921875,29.39227294921875
2019-02-24T00:00:00.000000000,86,62.97,92.50896,-29.53895690917969,29.53895690917969
2019-02-25T00:00:00.000000000,86,34.17,87.81667,-53.64667327880859,53.64667327880859
2019-02-26T00:00:00.000000000,86,3.0416,93.92862,-90.88701938476562,90.88701938476562
2019-02-27T00:00:00.000000000,86,30.64,96.01683,-65.37683044433594,65.37683044433594
2019-02-28T00:00:00.000000000,86,45.19,99.60999,-54.41999298095703,54.41999298095703
2019-03-01T00:00:00.000000000,86,45.04,90.13839,-45.098389587402345,45.098389587402345
2019-03-02T00:00:00.000000000,86,125.04,77.355995,47.68400482177735,47.68400482177735
2019-03-03T00:00:00.000000000,86,180.74,75.72051,105.01948760986329,105.01948760986329
2019-03-04T00:00:00.000000000,86,34.63,77.45011,-42.820111389160154,42.820111389160154
2019-03-05T00:00:00.000000000,86,133.48,84.635704,48.844295959472646,48.844295959472646
2019-03-06T00:00:00.000000000,86,80.0,84.37442,-4.374420166015625,4.374420166015625
2019-03-07T00:00:00.000000000,86,44.989999999999995,79.9527,-34.962697753906255,34.962697753906255
2019-03-08T00:00:00.000000000,86,45.38,82.31324,-36.93324005126953,36.93324005126953
2019-03-09T00:00:00.000000000,86,86.07,82.93628,3.133720703124993,3.133720703124993
2019-03-10T00:00:00.000000000,86,38.51,84.97075,-46.46074890136719,46.46074890136719
2019-03-11T00:00:00.000000000,86,55.88,91.48603,-35.60603057861328,35.60603057861328
2019-03-14T00:00:00.000000000,86,39.239999999999995,86.40195,-47.16194702148438,47.16194702148438
2019-03-15T00:00:00.000000000,86,31.86,92.785194,-60.92519439697266,60.92519439697266
2019-03-16T00:00:00.000000000,86,81.97,83.04981,-1.0798123168945324,1.0798123168945324
2019-03-17T00:00:00.000000000,86,36.120000000000005,85.182724,-49.06272399902343,49.06272399902343
2019-03-18T00:00:00.000000000,86,183.65,85.12293,98.52706756591797,98.52706756591797
2019-03-19T00:00:00.000000000,86,41.7,86.43837,-44.73836975097656,44.73836975097656
2019-03-21T00:00:00.000000000,86,187.0,86.49339,100.50660705566406,100.50660705566406
2019-03-22T00:00:00.000000000,86,59.839999999999996,89.51702,-29.677021179199222,29.677021179199222
2019-03-23T00:00:00.000000000,86,62.61,84.93233,-22.322327270507813,22.322327270507813
2019-03-24T00:00:00.000000000,86,137.82,92.28471,45.535286254882806,45.535286254882806
2019-03-25T00:00:00.000000000,86,66.34,84.95714,-18.617138061523434,18.617138061523434
2019-03-26T00:00:00.000000000,86,27.169999999999998,87.20584,-60.03584106445312,60.03584106445312
2019-03-27T00:00:00.000000000,86,37.64,84.888306,-47.2483056640625,47.2483056640625
2019-03-28T00:00:00.000000000,86,118.2,94.13958,24.060420227050784,24.060420227050784
2019-03-29T00:00:00.000000000,86,21.8,91.41824,-69.61824340820313,69.61824340820313
2019-03-30T00:00:00.000000000,86,35.58,86.73079,-51.150789184570314,51.150789184570314
2019-03-31T00:00:00.000000000,86,38.85,86.31475,-47.46475067138672,47.46475067138672
2019-04-01T00:00:00.000000000,86,201.57,94.866325,106.70367462158202,106.70367462158202
2019-04-02T00:00:00.000000000,86,102.61,78.95783,23.652167663574218,23.652167663574218
2019-04-03T00:00:00.000000000,86,67.89,81.01782,-13.127822265625,13.127822265625
2019-04-04T00:00:00.000000000,86,45.81,83.66468,-37.85468048095703,37.85468048095703
2019-04-05T00:00:00.000000000,86,86.53,88.216934,-1.6869342041015614,1.6869342041015614
2019-04-06T00:00:00.000000000,86,61.72,82.94902,-21.22902038574219,21.22902038574219
2019-04-07T00:00:00.000000000,86,115.74,88.75447,26.985529174804682,26.985529174804682
2019-04-08T00:00:00.000000000,86,35.94,85.287346,-49.34734588623047,49.34734588623047
2019-04-09T00:00:00.000000000,86,159.07,90.92722,68.14277679443359,68.14277679443359
2019-04-10T00:00:00.000000000,86,34.43,86.8184,-52.38839752197266,52.38839752197266
2019-04-11T00:00:00.000000000,86,154.56,84.735054,69.82494598388672,69.82494598388672
2019-04-12T00:00:00.000000000,86,142.53,82.54836,59.98163726806641,59.98163726806641
2019-04-13T00:00:00.000000000,86,11.289999999999997,82.25057,-70.96057220458985,70.96057220458985
2019-04-14T00:00:00.000000000,86,147.49,80.60015,66.88984893798829,66.88984893798829
2019-04-15T00:00:00.000000000,86,48.23,82.63908,-34.40907623291016,34.40907623291016
2019-04-16T00:00:00.000000000,86,157.68,83.71567,73.96433227539063,73.96433227539063
2019-04-17T00:00:00.000000000,86,196.05,85.86033,110.1896713256836,110.1896713256836
2019-04-18T00:00:00.000000000,86,224.36,87.39814,136.96186004638673,136.96186004638673
2019-04-19T00:00:00.000000000,86,103.08,88.53527,14.54472930908203,14.54472930908203
2019-04-20T00:00:00.000000000,86,75.03999999999999,90.40644,-15.36644073486329,15.36644073486329
2019-04-21T00:00:00.000000000,86,28.309999999999995,87.86031,-59.55031341552735,59.55031341552735
2019-04-22T00:00:00.000000000,86,71.61,86.40419,-14.794190063476563,14.794190063476563
2019-04-23T00:00:00.000000000,86,75.44999999999999,91.78914,-16.339138793945324,16.339138793945324
2019-04-24T00:00:00.000000000,86,41.77,86.59388,-44.82387969970703,44.82387969970703
2019-04-25T00:00:00.000000000,86,23.16,84.22492,-61.064922180175785,61.064922180175785
2019-04-26T00:00:00.000000000,86,88.12,91.90004,-3.780039672851558,3.780039672851558
2019-04-27T00:00:00.000000000,86,203.63999999999996,88.72511,114.9148870849609,114.9148870849609
2019-04-28T00:00:00.000000000,86,56.93000000000001,87.601845,-30.67184478759765,30.67184478759765
2019-04-29T00:00:00.000000000,86,35.77,84.52724,-48.75723693847656,48.75723693847656
2019-04-30T00:00:00.000000000,86,37.1,83.73973,-46.639730834960936,46.639730834960936
2019-05-01T00:00:00.000000000,86,63.91,94.50219,-30.592189636230472,30.592189636230472
2019-05-02T00:00:00.000000000,86,98.29,79.02791,19.262091674804694,19.262091674804694
2019-05-03T00:00:00.000000000,86,34.25,77.637184,-43.387184143066406,43.387184143066406
2019-05-04T00:00:00.000000000,86,40.92,82.33493,-41.41493041992187,41.41493041992187
2019-05-05T00:00:00.000000000,86,171.27,78.8584,92.41160156250001,92.41160156250001
2019-05-06T00:00:00.000000000,86,25.76,79.807976,-54.047975769042964,54.047975769042964
2019-05-07T00:00:00.000000000,86,84.91,87.64799,-2.7379873657226597,2.7379873657226597
2019-05-08T00:00:00.000000000,86,126.78,85.60283,41.177171020507814,41.177171020507814
2019-05-09T00:00:00.000000000,86,37.52,84.47341,-46.95341156005859,46.95341156005859
2019-05-10T00:00:00.000000000,86,45.68000000000001,83.48983,-37.80983001708984,37.80983001708984
2019-05-11T00:00:00.000000000,86,178.65,81.6876,96.9624008178711,96.9624008178711
2019-05-12T00:00:00.000000000,86,57.06,84.01663,-26.956632080078123,26.956632080078123
2019-05-13T00:00:00.000000000,86,193.71,85.44131,108.26869293212891,108.26869293212891
2019-05-14T00:00:00.000000000,86,41.43000000000001,85.207726,-43.77772552490234,43.77772552490234
2019-05-15T00:00:00.000000000,86,44.72,92.353584,-47.63358428955078,47.63358428955078
2019-05-16T00:00:00.000000000,86,4.42,85.77876,-81.35876281738281,81.35876281738281
2019-05-17T00:00:00.000000000,86,48.540000000000006,76.00636,-27.466362915039056,27.466362915039056
2019-05-18T00:00:00.000000000,86,138.92000000000002,76.94534,61.97465698242189,61.97465698242189
2019-05-19T00:00:00.000000000,86,76.00999999999999,81.94242,-5.932420959472665,5.932420959472665
2019-05-20T00:00:00.000000000,86,36.33,83.91415,-47.584146423339845,47.584146423339845
2019-05-21T00:00:00.000000000,86,128.91,83.740204,45.16979614257812,45.16979614257812
2019-05-22T00:00:00.000000000,86,104.42,83.82977,20.59022705078125,20.59022705078125
2019-05-23T00:00:00.000000000,86,64.44,87.41798,-22.977976379394534,22.977976379394534
2019-05-24T00:00:00.000000000,86,187.33,83.743576,103.58642395019533,103.58642395019533
2019-05-25T00:00:00.000000000,86,114.44,84.075485,30.36451477050781,30.36451477050781
2019-05-26T00:00:00.000000000,86,36.97,85.34749,-48.377488403320314,48.377488403320314
2019-05-27T00:00:00.000000000,86,273.72,82.30405,191.41595336914065,191.41595336914065
2019-05-28T00:00:00.000000000,86,133.41,88.09389,45.316112670898434,45.316112670898434
2019-05-29T00:00:00.000000000,86,85.65,97.43328,-11.783280944824213,11.783280944824213
2019-05-30T00:00:00.000000000,86,42.56,93.89651,-51.33650726318359,51.33650726318359
2019-05-31T00:00:00.000000000,86,120.10000000000001,87.97072,32.129281616210946,32.129281616210946
2019-06-01T00:00:00.000000000,86,117.85,94.65235,23.197648620605463,23.197648620605463
2019-06-02T00:00:00.000000000,86,34.58,83.162415,-48.58241455078125,48.58241455078125
2019-06-03T00:00:00.000000000,86,187.99,79.921,108.0690023803711,108.0690023803711
2019-06-04T00:00:00.000000000,86,35.38,75.94078,-40.560780639648435,40.560780639648435
2019-06-05T00:00:00.000000000,86,61.97,74.103485,-12.133485107421876,12.133485107421876
2019-06-06T00:00:00.000000000,86,3.9999999999999942,82.90081,-78.90081024169922,78.90081024169922
2019-06-07T00:00:00.000000000,86,43.41,77.86182,-34.45181640625,34.45181640625
2019-06-08T00:00:00.000000000,86,163.61,80.22367,83.38632904052736,83.38632904052736
2019-06-09T00:00:00.000000000,86,41.88,82.1862,-40.306203002929685,40.306203002929685
2019-06-10T00:00:00.000000000,86,165.82999999999998,82.38924,83.44076354980467,83.44076354980467
2019-06-11T00:00:00.000000000,86,65.12,83.471115,-18.351115112304683,18.351115112304683
2019-06-12T00:00:00.000000000,86,34.71,80.88198,-46.17198089599609,46.17198089599609
2019-06-13T00:00:00.000000000,86,133.22,88.64066,44.57933685302734,44.57933685302734
2019-06-14T00:00:00.000000000,86,262.82,83.62994,179.19006378173827,179.19006378173827
2019-06-15T00:00:00.000000000,86,47.370000000000005,82.91936,-35.54935729980468,35.54935729980468
2019-06-16T00:00:00.000000000,86,38.28,83.41008,-45.130079956054686,45.130079956054686
2019-06-17T00:00:00.000000000,86,57.92,83.19424,-25.274236755371092,25.274236755371092
2019-06-18T00:00:00.000000000,86,34.04,80.744,-46.70400329589844,46.70400329589844
2019-06-19T00:00:00.000000000,86,124.66,83.27665,41.38335052490234,41.38335052490234
2019-06-20T00:00:00.000000000,86,60.94,78.15381,-17.213808593750002,17.213808593750002
2019-06-21T00:00:00.000000000,86,38.61,83.2754,-44.66539825439453,44.66539825439453
2019-06-22T00:00:00.000000000,86,95.64,90.26519,5.374809875488282,5.374809875488282
2019-06-23T00:00:00.000000000,86,142.18,85.17433,57.005668334960944,57.005668334960944
2019-06-24T00:00:00.000000000,86,169.17000000000002,87.69339,81.47661010742189,81.47661010742189
2019-06-25T00:00:00.000000000,86,106.48,84.43965,22.04034851074219,22.04034851074219
2019-06-26T00:00:00.000000000,86,3.34,83.409424,-80.069423828125,80.069423828125
2019-06-27T00:00:00.000000000,86,28.309999999999995,78.26823,-49.95822662353516,49.95822662353516
2019-06-28T00:00:00.000000000,86,155.34,81.19124,74.14876159667969,74.14876159667969
2019-06-29T00:00:00.000000000,86,75.15,91.797226,-16.647225952148432,16.647225952148432
2019-06-30T00:00:00.000000000,86,167.7,90.12117,77.57882995605468,77.57882995605468
2019-07-01T00:00:00.000000000,86,36.57,87.08852,-50.51851623535156,50.51851623535156
2019-07-02T00:00:00.000000000,86,35.26,76.299164,-41.03916381835938,41.03916381835938
2019-07-03T00:00:00.000000000,86,29.18,80.44706,-51.26705963134766,51.26705963134766
2019-07-04T00:00:00.000000000,86,180.9,82.94456,97.9554428100586,97.9554428100586
2019-07-05T00:00:00.000000000,86,46.0,78.28276,-32.28276062011719,32.28276062011719
2019-07-06T00:00:00.000000000,86,378.34,79.44121,298.8987921142578,298.8987921142578
2019-07-07T00:00:00.000000000,86,76.02000000000001,80.68189,-4.661892395019521,4.661892395019521
2019-07-08T00:00:00.000000000,86,34.14,87.34685,-53.20684753417969,53.20684753417969
2019-07-09T00:00:00.000000000,86,77.64999999999999,82.49553,-4.845529174804696,4.845529174804696
2019-07-10T00:00:00.000000000,86,40.78,83.295555,-42.51555511474609,42.51555511474609
2019-07-11T00:00:00.000000000,86,9.29,90.71996,-81.42996307373048,81.42996307373048
2019-07-12T00:00:00.000000000,86,96.18999999999998,77.830765,18.35923522949217,18.35923522949217
2019-07-13T00:00:00.000000000,86,591.6479999999998,80.5992,511.0488026123045,511.0488026123045
2019-07-14T00:00:00.000000000,86,33.22,78.02499,-44.804986267089845,44.804986267089845
2019-07-15T00:00:00.000000000,86,52.43,86.96023,-34.530227966308594,34.530227966308594
2019-07-16T00:00:00.000000000,86,31.07,81.22669,-50.15669219970703,50.15669219970703
2019-07-17T00:00:00.000000000,86,37.150000000000006,83.20197,-46.051972961425776,46.051972961425776
2019-07-18T00:00:00.000000000,86,196.34000000000003,83.148476,113.19152435302738,113.19152435302738
2019-07-19T00:00:00.000000000,86,36.2,81.67246,-45.4724624633789,45.4724624633789
2019-07-20T00:00:00.000000000,86,124.07000000000001,90.56258,33.507423706054695,33.507423706054695
2019-07-21T00:00:00.000000000,86,37.61,84.63841,-47.02841247558594,47.02841247558594
2019-07-22T00:00:00.000000000,86,116.37000000000002,92.1054,24.2645999145508,24.2645999145508
2019-07-23T00:00:00.000000000,86,18.649999999999995,84.013435,-65.36343536376954,65.36343536376954
2019-07-24T00:00:00.000000000,86,39.68,92.135414,-52.45541412353516,52.45541412353516
2019-07-25T00:00:00.000000000,86,34.02,94.59525,-60.57525299072265,60.57525299072265
2019-07-26T00:00:00.000000000,86,3.0416,95.34895,-92.30735324707031,92.30735324707031
2019-07-27T00:00:00.000000000,86,152.57000000000002,85.82919,66.74080688476565,66.74080688476565
2019-07-28T00:00:00.000000000,86,42.06,86.15745,-44.097447814941404,44.097447814941404
2019-07-29T00:00:00.000000000,86,3.0416,84.66898,-81.62738345947265,81.62738345947265
2019-07-31T00:00:00.000000000,86,43.57,74.17622,-30.606223754882812,30.606223754882812
2019-08-02T00:00:00.000000000,86,98.44,88.73288,9.707120361328123,9.707120361328123
2019-08-03T00:00:00.000000000,86,45.76,74.76859,-29.00859283447266,29.00859283447266
2019-08-04T00:00:00.000000000,86,44.36,72.53628,-28.176277770996094,28.176277770996094
2019-08-05T00:00:00.000000000,86,33.6,79.29868,-45.698683166503905,45.698683166503905
2019-08-06T00:00:00.000000000,86,3.0416,76.53284,-73.4912369140625,73.4912369140625
2019-08-07T00:00:00.000000000,86,78.60000000000001,75.96041,2.6395889282226648,2.6395889282226648
2019-08-08T00:00:00.000000000,86,39.26,78.79367,-39.53367065429688,39.53367065429688
2019-08-09T00:00:00.000000000,86,110.62,88.29898,22.32101928710938,22.32101928710938
2019-08-10T00:00:00.000000000,86,117.86000000000001,82.566925,35.29307495117189,35.29307495117189
2019-08-11T00:00:00.000000000,86,140.76999999999998,83.40057,57.36942626953123,57.36942626953123
2019-08-13T00:00:00.000000000,86,222.59000000000003,83.152565,139.43743499755863,139.43743499755863
2019-08-14T00:00:00.000000000,86,65.13,86.194626,-21.064625854492192,21.064625854492192
2019-08-15T00:00:00.000000000,86,3.73,84.09266,-80.36265899658203,80.36265899658203
2019-08-16T00:00:00.000000000,86,41.79,75.095314,-33.30531402587891,33.30531402587891
2019-08-17T00:00:00.000000000,86,177.04,76.42529,100.61470703124999,100.61470703124999
2019-08-18T00:00:00.000000000,86,83.48,78.68123,4.7987713623046915,4.7987713623046915
2019-08-19T00:00:00.000000000,86,112.37,80.720535,31.649464721679692,31.649464721679692
2019-08-21T00:00:00.000000000,86,32.79,81.13337,-48.34336944580078,48.34336944580078
2019-08-22T00:00:00.000000000,86,33.51,91.110275,-57.60027526855469,57.60027526855469
2019-08-23T00:00:00.000000000,86,72.66,81.71478,-9.054782714843753,9.054782714843753
2019-08-24T00:00:00.000000000,86,51.16,84.457985,-33.29798492431641,33.29798492431641
2019-08-25T00:00:00.000000000,86,196.37,91.742195,104.62780487060547,104.62780487060547
2019-08-26T00:00:00.000000000,86,62.85,88.54781,-25.697813415527342,25.697813415527342
2019-08-27T00:00:00.000000000,86,182.69,93.53056,89.15943664550781,89.15943664550781
2019-08-28T00:00:00.000000000,86,287.73,94.10831,193.6216931152344,193.6216931152344
2019-08-29T00:00:00.000000000,86,36.68,90.739746,-54.05974609375,54.05974609375
2019-08-30T00:00:00.000000000,86,51.34,96.26822,-44.92821899414062,44.92821899414062
2019-08-31T00:00:00.000000000,86,170.5,83.75943,86.74057006835938,86.74057006835938
2019-09-01T00:00:00.000000000,86,32.05,85.76341,-53.71341247558594,53.71341247558594
2019-09-02T00:00:00.000000000,86,107.73,79.91075,27.819248657226566,27.819248657226566
2019-09-03T00:00:00.000000000,86,33.52,67.503914,-33.98391387939453,33.98391387939453
2019-09-04T00:00:00.000000000,86,31.18,77.36619,-46.18618804931641,46.18618804931641
2019-09-05T00:00:00.000000000,86,65.04,82.3573,-17.317299804687494,17.317299804687494
2019-09-06T00:00:00.000000000,86,160.37,85.68563,74.68436920166016,74.68436920166016
2019-09-07T00:00:00.000000000,86,44.92,80.11808,-35.198080139160155,35.198080139160155
2019-09-08T00:00:00.000000000,86,32.13,80.96923,-48.839230651855466,48.839230651855466
2019-09-09T00:00:00.000000000,86,38.910000000000004,88.21849,-49.308490600585934,49.308490600585934
2019-09-10T00:00:00.000000000,86,151.66000000000003,81.821815,69.83818450927737,69.83818450927737
2019-09-11T00:00:00.000000000,86,40.55,83.24172,-42.6917221069336,42.6917221069336
2019-09-12T00:00:00.000000000,86,113.38,82.419426,30.960574035644527,30.960574035644527
2019-09-13T00:00:00.000000000,86,115.25,80.7415,34.50849914550781,34.50849914550781
2019-09-14T00:00:00.000000000,86,227.5,83.088326,144.41167449951172,144.41167449951172
2019-09-15T00:00:00.000000000,86,3.38,81.455505,-78.07550537109375,78.07550537109375
2019-09-16T00:00:00.000000000,86,27.84,75.9091,-48.069103393554684,48.069103393554684
2019-09-17T00:00:00.000000000,86,222.92,77.83812,145.08188049316405,145.08188049316405
2019-09-18T00:00:00.000000000,86,73.05,82.867836,-9.817835998535159,9.817835998535159
2019-09-19T00:00:00.000000000,86,66.11,91.38497,-25.274971618652344,25.274971618652344
2019-09-20T00:00:00.000000000,86,46.74,82.902855,-36.16285491943359,36.16285491943359
2019-09-21T00:00:00.000000000,86,40.53,81.99873,-41.46873352050781,41.46873352050781
2019-09-22T00:00:00.000000000,86,35.65,81.95816,-46.308160400390626,46.308160400390626
2019-09-23T00:00:00.000000000,86,32.86,80.77374,-47.91374267578125,47.91374267578125
2019-09-24T00:00:00.000000000,86,75.93,88.37076,-12.440758056640618,12.440758056640618
2019-09-25T00:00:00.000000000,86,28.4,88.23461,-59.83461151123047,59.83461151123047
2019-09-26T00:00:00.000000000,86,161.66,93.79611,67.86388793945312,67.86388793945312
2019-09-27T00:00:00.000000000,86,35.36,83.50848,-48.14847625732422,48.14847625732422
2019-09-28T00:00:00.000000000,86,8.38,81.73007,-73.35007202148438,73.35007202148438
2019-09-30T00:00:00.000000000,86,78.16,75.69834,2.4616586303710903,2.4616586303710903
2019-10-01T00:00:00.000000000,86,179.29,88.10803,91.18196777343749,91.18196777343749
2019-10-02T00:00:00.000000000,86,148.47,75.18956,73.28044006347656,73.28044006347656
2019-10-03T00:00:00.000000000,86,121.48,74.02457,47.45543334960938,47.45543334960938
2019-10-04T00:00:00.000000000,86,29.08,75.015175,-45.93517486572266,45.93517486572266
2019-10-05T00:00:00.000000000,86,66.17999999999999,83.64709,-17.467087097167976,17.467087097167976
2019-10-06T00:00:00.000000000,86,75.47,78.65034,-3.1803372192382824,3.1803372192382824
2019-10-07T00:00:00.000000000,86,29.35,86.708565,-57.35856475830078,57.35856475830078
2019-10-08T00:00:00.000000000,86,122.78,82.054054,40.725945739746095,40.725945739746095
2019-10-09T00:00:00.000000000,86,70.24000000000001,82.447495,-12.207494506835928,12.207494506835928
2019-10-11T00:00:00.000000000,86,92.4,82.5209,9.879103088378912,9.879103088378912
2019-10-12T00:00:00.000000000,86,40.78,90.54495,-49.764952392578124,49.764952392578124
2019-10-13T00:00:00.000000000,86,50.97,91.45055,-40.48054626464844,40.48054626464844
2019-10-14T00:00:00.000000000,86,170.43,82.1415,88.28849761962891,88.28849761962891
2019-10-15T00:00:00.000000000,86,62.81999999999999,78.59875,-15.778747253417976,15.778747253417976
2019-10-16T00:00:00.000000000,86,45.81999999999999,88.94582,-43.1258236694336,43.1258236694336
2019-10-17T00:00:00.000000000,86,63.49,91.54662,-28.056623229980467,28.056623229980467
2019-10-18T00:00:00.000000000,86,40.95,75.991516,-35.04151611328125,35.04151611328125
2019-10-19T00:00:00.000000000,86,68.38000000000001,75.63855,-7.25854980468749,7.25854980468749
2019-10-20T00:00:00.000000000,86,95.23,81.951294,13.278706054687504,13.278706054687504
2019-10-21T00:00:00.000000000,86,131.34,83.60844,47.73156341552735,47.73156341552735
2019-10-22T00:00:00.000000000,86,116.74,84.25878,32.481218566894526,32.481218566894526
2019-10-23T00:00:00.000000000,86,169.16,83.988304,85.1716958618164,85.1716958618164
2019-10-24T00:00:00.000000000,86,40.16,86.73496,-46.57496246337891,46.57496246337891
2019-10-25T00:00:00.000000000,86,111.90000000000002,82.15613,29.74387207031252,29.74387207031252
2019-10-26T00:00:00.000000000,86,39.07,85.04016,-45.9701611328125,45.9701611328125
2019-10-27T00:00:00.000000000,86,46.21,81.05725,-34.8472509765625,34.8472509765625
2019-10-28T00:00:00.000000000,86,42.77,80.34683,-37.57683227539062,37.57683227539062
2019-10-29T00:00:00.000000000,86,148.83,89.23487,59.59512908935548,59.59512908935548
2019-10-30T00:00:00.000000000,86,35.62,85.417244,-49.797243957519534,49.797243957519534
2019-10-31T00:00:00.000000000,86,229.84,92.88133,136.95866760253907,136.95866760253907
2017-11-25T00:00:00.000000000,180,89.94999999999999,74.35419,15.595812988281239,15.595812988281239
2017-11-26T00:00:00.000000000,180,121.84,74.39689,47.44311126708985,47.44311126708985
2017-11-27T00:00:00.000000000,180,73.42,75.096054,-1.6760540771484358,1.6760540771484358
2017-11-29T00:00:00.000000000,180,70.98,75.24727,-4.2672686767578085,4.2672686767578085
2017-11-30T00:00:00.000000000,180,17.15,82.20561,-65.05561218261718,65.05561218261718
2017-12-01T00:00:00.000000000,180,186.27,77.763985,108.50601531982423,108.50601531982423
2017-12-03T00:00:00.000000000,180,50.82,71.22273,-20.402732543945312,20.402732543945312
2017-12-04T00:00:00.000000000,180,140.82,72.27539,68.544609375,68.544609375
2017-12-05T00:00:00.000000000,180,15.35,74.83313,-59.4831298828125,59.4831298828125
2017-12-07T00:00:00.000000000,180,22.01,78.021675,-56.011675109863276,56.011675109863276
2017-12-08T00:00:00.000000000,180,56.24000000000001,73.70246,-17.462461242675772,17.462461242675772
2017-12-10T00:00:00.000000000,180,3.0416,76.98904,-73.94743656005859,73.94743656005859
2017-12-11T00:00:00.000000000,180,32.07,76.2962,-44.22620361328125,44.22620361328125
2017-12-12T00:00:00.000000000,180,79.3,77.20018,2.0998199462890597,2.0998199462890597
2017-12-15T00:00:00.000000000,180,39.3,80.81519,-41.515193176269534,41.515193176269534
2017-12-17T00:00:00.000000000,180,15.560000000000002,76.36904,-60.80904144287109,60.80904144287109
2017-12-18T00:00:00.000000000,180,29.030000000000005,75.23676,-46.20676300048828,46.20676300048828
2017-12-20T00:00:00.000000000,180,36.57,77.10162,-40.53162353515625,40.53162353515625
2017-12-22T00:00:00.000000000,180,101.97,80.80951,21.16049072265625,21.16049072265625
2017-12-24T00:00:00.000000000,180,33.34,78.95285,-45.61285034179687,45.61285034179687
2017-12-25T00:00:00.000000000,180,36.7,87.55314,-50.85313873291015,50.85313873291015
2017-12-30T00:00:00.000000000,180,41.24,71.818405,-30.578405151367186,30.578405151367186
2017-12-31T00:00:00.000000000,180,62.07999999999999,80.949326,-18.869325561523446,18.869325561523446
2018-01-01T00:00:00.000000000,180,93.20000000000002,87.81884,5.381159973144548,5.381159973144548
2018-01-02T00:00:00.000000000,180,10.55,79.80084,-69.25084228515625,69.25084228515625
2018-01-04T00:00:00.000000000,180,12.229999999999999,79.77949,-67.54948760986328,67.54948760986328
2018-01-05T00:00:00.000000000,180,8.82,80.42682,-71.60681884765626,71.60681884765626
2018-01-06T00:00:00.000000000,180,17.26,75.72705,-58.467050781249995,58.467050781249995
2018-01-07T00:00:00.000000000,180,27.45,76.62183,-49.17183380126953,49.17183380126953
2018-01-08T00:00:00.000000000,180,45.62,78.422066,-32.802065734863284,32.802065734863284
2018-01-09T00:00:00.000000000,180,39.3,84.61421,-45.314212036132815,45.314212036132815
2018-01-10T00:00:00.000000000,180,16.0,89.782005,-73.7820053100586,73.7820053100586
2018-01-12T00:00:00.000000000,180,167.34,87.71306,79.62694152832032,79.62694152832032
2018-01-13T00:00:00.000000000,180,105.09,86.0353,19.05469879150391,19.05469879150391
2018-01-14T00:00:00.000000000,180,137.46,90.37774,47.08226104736329,47.08226104736329
2018-01-15T00:00:00.000000000,180,47.04,89.99903,-42.95903106689453,42.95903106689453
2018-01-16T00:00:00.000000000,180,15.92,91.48638,-75.56638153076172,75.56638153076172
2018-01-17T00:00:00.000000000,180,155.5,93.48084,62.01915740966797,62.01915740966797
2018-01-19T00:00:00.000000000,180,10.699999999999998,86.73079,-76.03078918457031,76.03078918457031
2018-01-20T00:00:00.000000000,180,173.95,78.343765,95.60623474121093,95.60623474121093
2018-01-21T00:00:00.000000000,180,14.660000000000002,83.21519,-68.55518707275391,68.55518707275391
2018-01-22T00:00:00.000000000,180,24.76,75.45863,-50.69863342285156,50.69863342285156
2018-01-24T00:00:00.000000000,180,40.49,79.291985,-38.80198455810547,38.80198455810547
2018-01-25T00:00:00.000000000,180,80.55000000000001,83.97136,-3.421359252929676,3.421359252929676
2018-01-26T00:00:00.000000000,180,48.0,80.51314,-32.51313781738281,32.51313781738281
2018-01-27T00:00:00.000000000,180,47.57,77.047775,-29.477775268554687,29.477775268554687
2018-01-28T00:00:00.000000000,180,8.16,84.82208,-76.66208251953125,76.66208251953125
2018-01-29T00:00:00.000000000,180,23.27,83.75142,-60.48141906738282,60.48141906738282
2018-01-30T00:00:00.000000000,180,21.64,88.025085,-66.38508544921875,66.38508544921875
2018-02-02T00:00:00.000000000,180,175.79,88.33801,87.45198730468749,87.45198730468749
2018-02-03T00:00:00.000000000,180,46.95,83.27663,-36.32662658691406,36.32662658691406
2018-02-05T00:00:00.000000000,180,69.78999999999999,78.6577,-8.867699584960945,8.867699584960945
2018-02-06T00:00:00.000000000,180,140.0,86.85716,53.14283752441406,53.14283752441406
2018-02-07T00:00:00.000000000,180,197.48,90.00915,107.47085235595702,107.47085235595702
2018-02-08T00:00:00.000000000,180,28.17,89.9619,-61.791898803710936,61.791898803710936
2018-02-10T00:00:00.000000000,180,11.55,86.10501,-74.55501098632813,74.55501098632813
2018-02-11T00:00:00.000000000,180,120.35000000000001,80.36037,39.989633178710946,39.989633178710946
2018-02-12T00:00:00.000000000,180,12.08,82.87316,-70.79316131591797,70.79316131591797
2018-02-13T00:00:00.000000000,180,16.38,85.33952,-68.95952331542969,68.95952331542969
2018-02-14T00:00:00.000000000,180,39.56,83.671425,-44.111424865722654,44.111424865722654
2018-02-17T00:00:00.000000000,180,158.41,82.69052,75.71947875976562,75.71947875976562
2018-02-19T00:00:00.000000000,180,25.4,81.02898,-55.62897644042969,55.62897644042969
2018-02-20T00:00:00.000000000,180,57.75,83.95035,-26.200347900390625,26.200347900390625
2018-02-21T00:00:00.000000000,180,81.04999999999998,84.25957,-3.2095672607422046,3.2095672607422046
2018-02-22T00:00:00.000000000,180,17.57,87.619446,-70.04944580078126,70.04944580078126
2018-02-23T00:00:00.000000000,180,94.20999999999998,82.04052,12.16948028564451,12.16948028564451
2018-02-25T00:00:00.000000000,180,95.72,80.144905,15.575094909667968,15.575094909667968
2018-02-26T00:00:00.000000000,180,144.29,80.89347,63.396529235839836,63.396529235839836
2018-02-27T00:00:00.000000000,180,55.26,84.76644,-29.506441345214846,29.506441345214846
2018-02-28T00:00:00.000000000,180,76.92,89.23711,-12.317106323242186,12.317106323242186
2018-03-01T00:00:00.000000000,180,26.18,92.71241,-66.53240997314452,66.53240997314452
2018-03-02T00:00:00.000000000,180,55.2,79.03927,-23.83926849365234,23.83926849365234
2018-03-04T00:00:00.000000000,180,19.52,77.55008,-58.03007934570313,58.03007934570313
2018-03-05T00:00:00.000000000,180,89.8,77.74097,12.059033203124997,12.059033203124997
2018-03-06T00:00:00.000000000,180,7.670000000000001,80.29001,-72.62000854492187,72.62000854492187
2018-03-07T00:00:00.000000000,180,23.08,83.45335,-60.37334625244141,60.37334625244141
2018-03-08T00:00:00.000000000,180,17.81,83.90764,-66.09763854980469,66.09763854980469
2018-03-09T00:00:00.000000000,180,107.18,76.89326,30.286742858886726,30.286742858886726
2018-03-11T00:00:00.000000000,180,17.02,74.665596,-57.645596008300785,57.645596008300785
2018-03-12T00:00:00.000000000,180,59.64,73.079704,-13.439704284667968,13.439704284667968
2018-03-13T00:00:00.000000000,180,30.02,78.50294,-48.482937316894535,48.482937316894535
2018-03-14T00:00:00.000000000,180,9.64,85.11788,-75.47788177490234,75.47788177490234
2018-03-15T00:00:00.000000000,180,133.91,83.3416,50.56840148925781,50.56840148925781
2018-03-16T00:00:00.000000000,180,50.739999999999995,76.93094,-26.19093872070313,26.19093872070313
2018-03-17T00:00:00.000000000,180,25.79,74.18039,-48.390389404296876,48.390389404296876
2018-03-18T00:00:00.000000000,180,153.45999999999998,77.95904,75.50096221923826,75.50096221923826
2018-03-19T00:00:00.000000000,180,15.880000000000003,81.34443,-65.46442901611329,65.46442901611329
2018-03-20T00:00:00.000000000,180,129.34,81.70387,47.63612731933594,47.63612731933594
2018-03-22T00:00:00.000000000,180,63.18,87.5223,-24.342300720214844,24.342300720214844
2018-03-23T00:00:00.000000000,180,140.57,89.84937,50.72062713623046,50.72062713623046
2018-03-24T00:00:00.000000000,180,18.01,89.59647,-71.58647369384765,71.58647369384765
2018-03-26T00:00:00.000000000,180,172.11,85.43337,86.67662750244142,86.67662750244142
2018-03-27T00:00:00.000000000,180,33.34,85.87378,-52.533779296875,52.533779296875
2018-03-28T00:00:00.000000000,180,220.38,87.868576,132.5114239501953,132.5114239501953
2018-03-30T00:00:00.000000000,180,23.74,86.3257,-62.58569885253907,62.58569885253907
2018-04-02T00:00:00.000000000,180,40.150000000000006,88.911766,-48.76176605224609,48.76176605224609
2018-04-03T00:00:00.000000000,180,55.22,76.23915,-21.019151000976564,21.019151000976564
2018-04-04T00:00:00.000000000,180,10.17,76.30242,-66.13242156982422,66.13242156982422
2018-04-05T00:00:00.000000000,180,83.76,80.45256,3.3074395751953176,3.3074395751953176
2018-04-06T00:00:00.000000000,180,139.06,76.536705,62.52329498291016,62.52329498291016
2018-04-07T00:00:00.000000000,180,187.99,75.81631,112.17369293212892,112.17369293212892
2018-04-08T00:00:00.000000000,180,212.7,77.70067,134.99933166503905,134.99933166503905
2018-04-09T00:00:00.000000000,180,213.8,80.09573,133.7042663574219,133.7042663574219
2018-04-10T00:00:00.000000000,180,53.86,85.32969,-31.469689025878907,31.469689025878907
2018-04-11T00:00:00.000000000,180,50.010000000000005,85.995476,-35.985475769042964,35.985475769042964
2018-04-12T00:00:00.000000000,180,112.29,83.71476,28.57524017333985,28.57524017333985
2018-04-14T00:00:00.000000000,180,33.68,75.15478,-41.47477752685547,41.47477752685547
2018-04-16T00:00:00.000000000,180,53.92,77.119,-23.199003295898436,23.199003295898436
2018-04-17T00:00:00.000000000,180,98.77,77.94919,20.82081176757812,20.82081176757812
2018-04-18T00:00:00.000000000,180,7.09,82.772415,-75.68241516113281,75.68241516113281
2018-04-19T00:00:00.000000000,180,137.99,82.50002,55.489977111816415,55.489977111816415
2018-04-21T00:00:00.000000000,180,16.28,80.16049,-63.880491943359374,63.880491943359374
2018-04-22T00:00:00.000000000,180,331.13999999999993,77.5672,253.57280029296868,253.57280029296868
2018-04-23T00:00:00.000000000,180,42.13,85.1415,-43.01150238037109,43.01150238037109
2018-04-24T00:00:00.000000000,180,42.08,82.84441,-40.76441375732422,40.76441375732422
2018-04-26T00:00:00.000000000,180,18.47,86.662125,-68.19212463378906,68.19212463378906
2018-04-27T00:00:00.000000000,180,15.260000000000002,80.03537,-64.77536987304687,64.77536987304687
2018-04-28T00:00:00.000000000,180,9.190000000000001,77.35359,-68.16359191894531,68.16359191894531
2018-04-29T00:00:00.000000000,180,13.78,73.72147,-59.941473693847655,59.941473693847655
2018-04-30T00:00:00.000000000,180,293.09,74.1927,218.89729675292966,218.89729675292966
2018-05-01T00:00:00.000000000,180,24.480000000000004,87.13717,-62.65716888427734,62.65716888427734
2018-05-03T00:00:00.000000000,180,591.6479999999998,84.39947,507.2485325317381,507.2485325317381
2018-05-05T00:00:00.000000000,180,181.31,83.24939,98.0606103515625,98.0606103515625
2018-05-07T00:00:00.000000000,180,10.8,84.600494,-73.80049438476563,73.80049438476563
2018-05-08T00:00:00.000000000,180,44.20000000000001,81.73875,-37.538746643066396,37.538746643066396
2018-05-10T00:00:00.000000000,180,29.05,85.56013,-56.510127258300784,56.510127258300784
2018-05-14T00:00:00.000000000,180,234.43,78.62424,155.80576293945313,155.80576293945313
2018-05-15T00:00:00.000000000,180,138.89,87.855995,51.03400482177733,51.03400482177733
2018-05-16T00:00:00.000000000,180,19.78,88.73088,-68.95088073730469,68.95088073730469
2018-05-17T00:00:00.000000000,180,130.64,81.68155,48.95845092773436,48.95845092773436
2018-05-18T00:00:00.000000000,180,18.9,81.34455,-62.44455108642578,62.44455108642578
2018-05-21T00:00:00.000000000,180,424.47,83.84371,340.6262881469727,340.6262881469727
2018-05-22T00:00:00.000000000,180,60.06,79.69022,-19.630223693847654,19.630223693847654
2018-05-23T00:00:00.000000000,180,79.29,81.59226,-2.3022622680664,2.3022622680664
2018-05-24T00:00:00.000000000,180,76.75999999999999,85.12136,-8.361360778808603,8.361360778808603
2018-05-25T00:00:00.000000000,180,164.02,86.28061,77.73939086914064,77.73939086914064
2018-05-26T00:00:00.000000000,180,88.98000000000002,81.37964,7.600361328125018,7.600361328125018
2018-05-27T00:00:00.000000000,180,58.47,81.2723,-22.802300720214845,22.802300720214845
2018-05-28T00:00:00.000000000,180,288.48,81.603165,206.87683532714846,206.87683532714846
2018-05-29T00:00:00.000000000,180,187.41999999999996,79.74901,107.67099182128902,107.67099182128902
2018-05-30T00:00:00.000000000,180,153.75,87.46991,66.28009033203125,66.28009033203125
2018-05-31T00:00:00.000000000,180,39.25,83.49408,-44.24407958984375,44.24407958984375
2018-06-01T00:00:00.000000000,180,3.0416,84.59156,-81.54996036376953,81.54996036376953
2018-06-04T00:00:00.000000000,180,27.42,71.37081,-43.95081146240234,43.95081146240234
2018-06-05T00:00:00.000000000,180,27.169999999999998,69.91908,-42.74908264160156,42.74908264160156
2018-06-06T00:00:00.000000000,180,26.71,76.41939,-49.70938781738281,49.70938781738281
2018-06-07T00:00:00.000000000,180,69.22999999999999,83.75354,-14.52354003906251,14.52354003906251
2018-06-09T00:00:00.000000000,180,120.42,80.76964,39.650361938476564,39.650361938476564
2018-06-10T00:00:00.000000000,180,18.54,77.34402,-58.804017028808595,58.804017028808595
2018-06-11T00:00:00.000000000,180,32.13,82.489235,-50.359234924316404,50.359234924316404
2018-06-12T00:00:00.000000000,180,146.3,77.65866,68.64133911132814,68.64133911132814
2018-06-13T00:00:00.000000000,180,34.06,81.35511,-47.29511016845703,47.29511016845703
2018-06-14T00:00:00.000000000,180,51.029999999999994,79.25598,-28.225981445312506,28.225981445312506
2018-06-15T00:00:00.000000000,180,256.95,75.57597,181.3740264892578,181.3740264892578
2018-06-16T00:00:00.000000000,180,15.17,75.344795,-60.17479522705078,60.17479522705078
2018-06-17T00:00:00.000000000,180,27.36,73.84196,-46.48195709228516,46.48195709228516
2018-06-18T00:00:00.000000000,180,130.48,76.165695,54.3143048095703,54.3143048095703
2018-06-19T00:00:00.000000000,180,57.19,76.778885,-19.588884887695315,19.588884887695315
2018-06-20T00:00:00.000000000,180,87.04,81.10288,5.9371176147461,5.9371176147461
2018-06-21T00:00:00.000000000,180,15.540000000000001,79.67908,-64.1390771484375,64.1390771484375
2018-06-22T00:00:00.000000000,180,43.23,86.683304,-43.453303833007816,43.453303833007816
2018-06-23T00:00:00.000000000,180,17.67,79.631485,-61.96148498535156,61.96148498535156
2018-06-24T00:00:00.000000000,180,29.91,81.21193,-51.301929321289066,51.301929321289066
2018-06-25T00:00:00.000000000,180,65.22,77.060616,-11.840615539550782,11.840615539550782
2018-06-26T00:00:00.000000000,180,38.92,83.60405,-44.684049682617186,44.684049682617186
2018-06-27T00:00:00.000000000,180,32.05,83.62896,-51.57895965576172,51.57895965576172
2018-06-28T00:00:00.000000000,180,27.7,80.54249,-52.84248809814453,52.84248809814453
2018-06-29T00:00:00.000000000,180,124.93,77.22475,47.705253295898444,47.705253295898444
2018-06-30T00:00:00.000000000,180,29.450000000000003,77.98554,-48.53554229736328,48.53554229736328
2018-07-02T00:00:00.000000000,180,29.08,81.0256,-51.945596618652345,51.945596618652345
2018-07-03T00:00:00.000000000,180,166.67,74.325096,92.3449038696289,92.3449038696289
2018-07-04T00:00:00.000000000,180,69.19,79.25899,-10.068987426757815,10.068987426757815
2018-07-08T00:00:00.000000000,180,14.929999999999998,85.09991,-70.16990692138673,70.16990692138673
2018-07-09T00:00:00.000000000,180,51.1,78.853065,-27.753065490722655,27.753065490722655
2018-07-10T00:00:00.000000000,180,48.400000000000006,80.323616,-31.923616027832026,31.923616027832026
2018-07-11T00:00:00.000000000,180,11.49,84.71974,-73.22974182128907,73.22974182128907
2018-07-12T00:00:00.000000000,180,12.96,77.94758,-64.98757843017577,64.98757843017577
2018-07-13T00:00:00.000000000,180,130.31,77.01896,53.291040954589846,53.291040954589846
2018-07-14T00:00:00.000000000,180,154.07,74.017136,80.0528643798828,80.0528643798828
2018-07-15T00:00:00.000000000,180,69.86,72.27738,-2.417381896972657,2.417381896972657
2018-07-16T00:00:00.000000000,180,123.41000000000001,76.16833,47.24167266845704,47.24167266845704
2018-07-17T00:00:00.000000000,180,140.31,82.81451,57.49549346923828,57.49549346923828
2018-07-18T00:00:00.000000000,180,91.24,85.16199,6.078012695312495,6.078012695312495
2018-07-20T00:00:00.000000000,180,45.2,82.20761,-37.00761108398437,37.00761108398437
2018-07-21T00:00:00.000000000,180,24.459999999999997,77.95274,-53.492743530273444,53.492743530273444
2018-07-22T00:00:00.000000000,180,31.93,76.424034,-44.494034118652344,44.494034118652344
2018-07-23T00:00:00.000000000,180,191.08,77.46597,113.61402709960939,113.61402709960939
2018-07-24T00:00:00.000000000,180,111.3,80.77797,30.522030639648435,30.522030639648435
2018-07-26T00:00:00.000000000,180,53.38999999999999,89.807594,-36.41759429931641,36.41759429931641
2018-07-27T00:00:00.000000000,180,11.48,92.14404,-80.66404296875,80.66404296875
2018-07-28T00:00:00.000000000,180,85.36,77.33572,8.024283752441406,8.024283752441406
2018-07-29T00:00:00.000000000,180,80.0,77.22758,2.7724227905273438,2.7724227905273438
2018-07-30T00:00:00.000000000,180,11.77,72.23206,-60.462063293457035,60.462063293457035
2018-07-31T00:00:00.000000000,180,171.24,73.798615,97.44138549804688,97.44138549804688
2018-08-01T00:00:00.000000000,180,108.38,79.10834,29.271662597656245,29.271662597656245
2018-08-03T00:00:00.000000000,180,10.09,73.5265,-63.43649688720703,63.43649688720703
2018-08-05T00:00:00.000000000,180,37.900000000000006,70.17877,-32.278771972656244,32.278771972656244
2018-08-06T00:00:00.000000000,180,62.91,76.44532,-13.535320129394535,13.535320129394535
2018-08-07T00:00:00.000000000,180,32.489999999999995,82.26892,-49.778920898437505,49.778920898437505
2018-08-10T00:00:00.000000000,180,243.49000000000004,85.639114,157.85088562011723,157.85088562011723
2018-08-12T00:00:00.000000000,180,24.44,85.82115,-61.38115173339844,61.38115173339844
2018-08-13T00:00:00.000000000,180,44.64,81.861,-37.221000061035156,37.221000061035156
2018-08-14T00:00:00.000000000,180,176.49,84.05836,92.43164276123048,92.43164276123048
2018-08-15T00:00:00.000000000,180,114.91,87.57911,27.330890808105465,27.330890808105465
2018-08-17T00:00:00.000000000,180,13.67,82.61866,-68.94865997314453,68.94865997314453
2018-08-18T00:00:00.000000000,180,74.02000000000001,73.37748,0.642520446777354,0.642520446777354
2018-08-19T00:00:00.000000000,180,144.13,73.73404,70.39596069335937,70.39596069335937
2018-08-20T00:00:00.000000000,180,36.81,78.69249,-41.882489624023435,41.882489624023435
2018-08-21T00:00:00.000000000,180,136.0,76.31724,59.682762145996094,59.682762145996094
2018-08-23T00:00:00.000000000,180,135.57,81.37385,54.19615203857421,54.19615203857421
2018-08-24T00:00:00.000000000,180,45.75,81.686775,-35.93677520751953,35.93677520751953
2018-08-25T00:00:00.000000000,180,25.15,76.76766,-51.617662048339845,51.617662048339845
2018-08-26T00:00:00.000000000,180,32.9,84.22516,-51.32515869140625,51.32515869140625
2018-08-27T00:00:00.000000000,180,40.22,73.82426,-33.60425689697266,33.60425689697266
2018-08-29T00:00:00.000000000,180,92.6,78.37635,14.223649597167963,14.223649597167963
2018-08-30T00:00:00.000000000,180,10.730000000000002,75.4617,-64.73170043945312,64.73170043945312
2018-09-01T00:00:00.000000000,180,20.21,72.481346,-52.27134613037109,52.27134613037109
2018-09-02T00:00:00.000000000,180,126.62,67.198616,59.42138397216797,59.42138397216797
2018-09-03T00:00:00.000000000,180,33.05,69.37455,-36.32454986572266,36.32454986572266
2018-09-04T00:00:00.000000000,180,35.75,76.22686,-40.47686004638672,40.47686004638672
2018-09-05T00:00:00.000000000,180,225.53,86.71815,138.81185272216797,138.81185272216797
2018-09-06T00:00:00.000000000,180,241.34,88.469,152.87099822998047,152.87099822998047
2018-09-07T00:00:00.000000000,180,10.730000000000002,87.06308,-76.33307983398437,76.33307983398437
2018-09-08T00:00:00.000000000,180,123.6,79.69804,43.90196380615234,43.90196380615234
2018-09-09T00:00:00.000000000,180,146.22,78.42177,67.79823181152344,67.79823181152344
2018-09-10T00:00:00.000000000,180,44.57999999999999,79.52825,-34.94825164794923,34.94825164794923
2018-09-11T00:00:00.000000000,180,10.94,76.97294,-66.03293853759766,66.03293853759766
2018-09-12T00:00:00.000000000,180,18.32,74.14911,-55.82910888671875,55.82910888671875
2018-09-13T00:00:00.000000000,180,35.32,79.99315,-44.67314880371094,44.67314880371094
2018-09-14T00:00:00.000000000,180,46.809999999999995,70.67434,-23.8643392944336,23.8643392944336
2018-09-15T00:00:00.000000000,180,17.6,71.82326,-54.22325744628906,54.22325744628906
2018-09-16T00:00:00.000000000,180,247.52,81.26558,166.2544207763672,166.2544207763672
2018-09-17T00:00:00.000000000,180,43.93,77.801346,-33.87134582519531,33.87134582519531
2018-09-18T00:00:00.000000000,180,50.95,79.93449,-28.984486389160153,28.984486389160153
2018-09-19T00:00:00.000000000,180,198.78,83.78495,114.99504974365234,114.99504974365234
2018-09-20T00:00:00.000000000,180,32.15,84.066505,-51.91650543212891,51.91650543212891
2018-09-21T00:00:00.000000000,180,14.32,77.66233,-63.342330627441406,63.342330627441406
2018-09-22T00:00:00.000000000,180,18.98,73.27159,-54.29159118652343,54.29159118652343
2018-09-23T00:00:00.000000000,180,143.5,74.8369,68.66310119628906,68.66310119628906
2018-09-24T00:00:00.000000000,180,26.68,75.19905,-48.51905090332031,48.51905090332031
2018-09-25T00:00:00.000000000,180,110.55,79.184326,31.365673828124997,31.365673828124997
2018-09-27T00:00:00.000000000,180,323.7,83.854515,239.8454849243164,239.8454849243164
2018-09-28T00:00:00.000000000,180,18.02,82.83079,-64.81078765869141,64.81078765869141
2018-09-29T00:00:00.000000000,180,16.88,76.242775,-59.36277496337891,59.36277496337891
2018-09-30T00:00:00.000000000,180,15.81,74.1315,-58.32150024414062,58.32150024414062
2018-10-01T00:00:00.000000000,180,194.18000000000004,72.927216,121.25278442382816,121.25278442382816
2018-10-02T00:00:00.000000000,180,113.96,67.230934,46.72906585693359,46.72906585693359
2018-10-03T00:00:00.000000000,180,49.41,73.70535,-24.29535278320313,24.29535278320313
2018-10-04T00:00:00.000000000,180,15.9,78.01236,-62.112359619140626,62.112359619140626
2018-10-05T00:00:00.000000000,180,41.19,73.45646,-32.26645904541016,32.26645904541016
2018-10-06T00:00:00.000000000,180,125.03,80.06326,44.966737060546876,44.966737060546876
2018-10-07T00:00:00.000000000,180,115.14,77.44812,37.6918798828125,37.6918798828125
2018-10-08T00:00:00.000000000,180,16.32,81.59201,-65.27201049804688,65.27201049804688
2018-10-09T00:00:00.000000000,180,57.28,80.82278,-23.542776794433593,23.542776794433593
2018-10-10T00:00:00.000000000,180,136.82999999999998,85.88544,50.944562988281234,50.944562988281234
2018-10-11T00:00:00.000000000,180,41.059999999999995,84.32761,-43.26760620117188,43.26760620117188
2018-10-12T00:00:00.000000000,180,109.13,81.011665,28.118334655761714,28.118334655761714
2018-10-15T00:00:00.000000000,180,156.07,76.80621,79.26378662109374,79.26378662109374
2018-10-16T00:00:00.000000000,180,182.1,81.83009,100.26990661621093,100.26990661621093
2018-10-17T00:00:00.000000000,180,67.72,84.74214,-17.022141723632814,17.022141723632814
2018-10-18T00:00:00.000000000,180,100.0,80.569084,19.43091583251953,19.43091583251953
2018-10-19T00:00:00.000000000,180,8.51,71.3683,-62.858301391601564,62.858301391601564
2018-10-22T00:00:00.000000000,180,21.18,67.091515,-45.911514587402344,45.911514587402344
2018-10-23T00:00:00.000000000,180,219.36,71.16225,148.19775329589845,148.19775329589845
2018-10-26T00:00:00.000000000,180,170.22000000000003,82.485825,87.73417541503909,87.73417541503909
2018-10-27T00:00:00.000000000,180,4.71,82.99905,-78.2890463256836,78.2890463256836
2018-10-28T00:00:00.000000000,180,29.33,80.39832,-51.06832305908203,51.06832305908203
2018-10-29T00:00:00.000000000,180,11.77,77.14429,-65.374287109375,65.374287109375
2018-10-30T00:00:00.000000000,180,53.32,84.72965,-31.409652404785156,31.409652404785156
2018-10-31T00:00:00.000000000,180,130.0,84.50805,45.49195098876953,45.49195098876953
2018-11-01T00:00:00.000000000,180,13.739999999999998,78.33274,-64.59274078369141,64.59274078369141
2018-11-02T00:00:00.000000000,180,30.2,65.87623,-35.67622833251953,35.67622833251953
2018-11-04T00:00:00.000000000,180,150.23999999999998,66.807014,83.43298553466795,83.43298553466795
2018-11-05T00:00:00.000000000,180,76.27,67.535126,8.734874267578121,8.734874267578121
2018-11-06T00:00:00.000000000,180,26.31,76.07121,-49.761212768554685,49.761212768554685
2018-11-07T00:00:00.000000000,180,41.83,81.80908,-39.97908203125,39.97908203125
2018-11-08T00:00:00.000000000,180,178.9,82.971016,95.92898406982422,95.92898406982422
2018-11-09T00:00:00.000000000,180,35.02,87.804596,-52.78459594726562,52.78459594726562
2018-11-10T00:00:00.000000000,180,39.150000000000006,78.301414,-39.15141448974609,39.15141448974609
2018-11-11T00:00:00.000000000,180,26.06,79.24943,-53.189427795410154,53.189427795410154
2018-11-12T00:00:00.000000000,180,53.42,80.92604,-27.50604064941406,27.50604064941406
2018-11-13T00:00:00.000000000,180,21.42,81.511345,-60.09134490966797,60.09134490966797
2018-11-15T00:00:00.000000000,180,125.42,80.085945,45.33405487060547,45.33405487060547
2018-11-16T00:00:00.000000000,180,35.230000000000004,79.65322,-44.42322113037109,44.42322113037109
2018-11-17T00:00:00.000000000,180,61.8,74.89251,-13.092509460449222,13.092509460449222
2018-11-18T00:00:00.000000000,180,290.17,72.84238,217.32762329101564,217.32762329101564
2018-11-19T00:00:00.000000000,180,31.65,77.951996,-46.301995849609376,46.301995849609376
2018-11-20T00:00:00.000000000,180,151.57999999999998,76.13519,75.44480712890623,75.44480712890623
2018-11-21T00:00:00.000000000,180,7.04,82.73578,-75.69577880859374,75.69577880859374
2018-11-22T00:00:00.000000000,180,151.00999999999996,76.95569,74.05431152343746,74.05431152343746
2018-11-23T00:00:00.000000000,180,151.57,74.98548,76.58451873779296,76.58451873779296
2018-11-24T00:00:00.000000000,180,77.57000000000001,76.36812,1.201881713867195,1.201881713867195
2018-11-25T00:00:00.000000000,180,573.0,78.233635,494.76636505126953,494.76636505126953
2018-11-26T00:00:00.000000000,180,51.76,79.80897,-28.048967590332033,28.048967590332033
2018-11-27T00:00:00.000000000,180,3.0416,78.90295,-75.86134647216797,75.86134647216797
2018-11-28T00:00:00.000000000,180,31.2,82.6653,-51.46529846191406,51.46529846191406
2018-12-01T00:00:00.000000000,180,49.59,79.13846,-29.54845825195312,29.54845825195312
2018-12-03T00:00:00.000000000,180,171.9,74.57387,97.32613220214844,97.32613220214844
2018-12-04T00:00:00.000000000,180,29.52,73.311386,-43.79138610839844,43.79138610839844
2018-12-05T00:00:00.000000000,180,166.56999999999996,77.9677,88.60230285644528,88.60230285644528
2018-12-06T00:00:00.000000000,180,268.62,81.17935,187.44064819335938,187.44064819335938
2018-12-07T00:00:00.000000000,180,35.49,83.287,-47.79700256347656,47.79700256347656
2018-12-08T00:00:00.000000000,180,128.37,75.50943,52.86057006835938,52.86057006835938
2018-12-10T00:00:00.000000000,180,14.53,73.53515,-59.00514862060547,59.00514862060547
2018-12-11T00:00:00.000000000,180,31.29,76.01822,-44.728218994140626,44.728218994140626
2018-12-12T00:00:00.000000000,180,243.74,77.96166,165.77833770751954,165.77833770751954
2018-12-13T00:00:00.000000000,180,13.29,80.980934,-67.69093414306641,67.69093414306641
2018-12-14T00:00:00.000000000,180,14.940000000000001,75.83155,-60.89155059814453,60.89155059814453
2018-12-15T00:00:00.000000000,180,149.72,71.19946,78.520537109375,78.520537109375
2018-12-16T00:00:00.000000000,180,19.28,71.70915,-52.429152221679686,52.429152221679686
2018-12-17T00:00:00.000000000,180,42.589999999999996,72.08988,-29.49988189697266,29.49988189697266
2018-12-19T00:00:00.000000000,180,131.27,79.58358,51.68641998291017,51.68641998291017
2018-12-20T00:00:00.000000000,180,481.07,79.04837,402.02162963867187,402.02162963867187
2018-12-21T00:00:00.000000000,180,30.93,74.56895,-43.63894683837891,43.63894683837891
2018-12-22T00:00:00.000000000,180,45.23,77.52959,-32.29958679199219,32.29958679199219
2018-12-23T00:00:00.000000000,180,214.77,81.939,132.83099700927735,132.83099700927735
2018-12-24T00:00:00.000000000,180,68.52,82.4296,-13.90960357666016,13.90960357666016
2018-12-25T00:00:00.000000000,180,172.01,82.430664,89.57933593749999,89.57933593749999
2018-12-26T00:00:00.000000000,180,44.370000000000005,92.193146,-47.82314575195312,47.82314575195312
2018-12-27T00:00:00.000000000,180,51.46,79.76382,-28.303816833496093,28.303816833496093
2018-12-28T00:00:00.000000000,180,3.0416,77.21192,-74.17032169189453,74.17032169189453
2018-12-29T00:00:00.000000000,180,15.35,75.80027,-60.450270080566405,60.450270080566405
2018-12-30T00:00:00.000000000,180,223.47,84.85442,138.61557647705078,138.61557647705078
2018-12-31T00:00:00.000000000,180,154.97000000000003,89.63016,65.3398425292969,65.3398425292969
2019-01-01T00:00:00.000000000,180,56.11,84.81142,-28.701416625976563,28.701416625976563
2019-01-02T00:00:00.000000000,180,156.36,77.568016,78.79198394775392,78.79198394775392
2019-01-03T00:00:00.000000000,180,30.16,79.75361,-49.593608703613285,49.593608703613285
2019-01-04T00:00:00.000000000,180,17.04,83.45585,-66.41584869384766,66.41584869384766
2019-01-05T00:00:00.000000000,180,11.4,80.024216,-68.62421569824218,68.62421569824218
2019-01-06T00:00:00.000000000,180,44.71,78.91659,-34.20658782958984,34.20658782958984
2019-01-07T00:00:00.000000000,180,91.05,75.9261,15.123898315429685,15.123898315429685
2019-01-08T00:00:00.000000000,180,34.379999999999995,80.6165,-46.23650085449219,46.23650085449219
2019-01-09T00:00:00.000000000,180,17.73,87.52914,-69.79913665771484,69.79913665771484
2019-01-10T00:00:00.000000000,180,162.55,86.91607,75.63393096923829,75.63393096923829
2019-01-11T00:00:00.000000000,180,4.22,85.922585,-81.70258453369141,81.70258453369141
2019-01-12T00:00:00.000000000,180,25.73,83.924904,-58.1949038696289,58.1949038696289
2019-01-13T00:00:00.000000000,180,18.89,78.87648,-59.98648010253906,59.98648010253906
2019-01-14T00:00:00.000000000,180,3.26,82.31583,-79.05582641601562,79.05582641601562
2019-01-15T00:00:00.000000000,180,167.24,82.39064,84.84935974121095,84.84935974121095
2019-01-17T00:00:00.000000000,180,35.96,90.810745,-54.85074523925781,54.85074523925781
2019-01-20T00:00:00.000000000,180,34.96,90.761795,-55.80179504394531,55.80179504394531
2019-01-21T00:00:00.000000000,180,148.22,86.357346,61.86265441894531,61.86265441894531
2019-01-22T00:00:00.000000000,180,67.11,88.91784,-21.80783905029297,21.80783905029297
2019-01-23T00:00:00.000000000,180,58.96,93.64315,-34.68315032958984,34.68315032958984
2019-01-25T00:00:00.000000000,180,111.67,92.410995,19.259004516601564,19.259004516601564
2019-01-26T00:00:00.000000000,180,30.1,81.8468,-51.7468017578125,51.7468017578125
2019-01-28T00:00:00.000000000,180,109.41,82.21223,27.197773132324215,27.197773132324215
2019-01-29T00:00:00.000000000,180,54.59,78.70417,-24.114170227050778,24.114170227050778
2019-01-30T00:00:00.000000000,180,35.95,82.3953,-46.44530181884765,46.44530181884765
2019-02-01T00:00:00.000000000,180,19.88,85.0328,-65.15279876708985,65.15279876708985
2019-02-04T00:00:00.000000000,180,82.32,72.99047,9.329529113769524,9.329529113769524
2019-02-05T00:00:00.000000000,180,16.82,76.61584,-59.79583709716797,59.79583709716797
2019-02-06T00:00:00.000000000,180,28.0,83.40565,-55.40564727783203,55.40564727783203
2019-02-08T00:00:00.000000000,180,14.99,84.58475,-69.59474731445313,69.59474731445313
2019-02-09T00:00:00.000000000,180,12.73,84.357254,-71.62725402832031,71.62725402832031
2019-02-10T00:00:00.000000000,180,26.25,85.214676,-58.96467590332031,58.96467590332031
2019-02-11T00:00:00.000000000,180,40.88,82.36561,-41.48560821533203,41.48560821533203
2019-02-12T00:00:00.000000000,180,24.64,84.169334,-59.52933441162109,59.52933441162109
2019-02-13T00:00:00.000000000,180,54.68,87.3101,-32.63009674072266,32.63009674072266
2019-02-15T00:00:00.000000000,180,28.21,85.18003,-56.970030822753905,56.970030822753905
2019-02-16T00:00:00.000000000,180,10.099999999999998,79.7382,-69.63819732666016,69.63819732666016
2019-02-19T00:00:00.000000000,180,204.25,76.05852,128.1914825439453,128.1914825439453
2019-02-20T00:00:00.000000000,180,27.590000000000003,85.78362,-58.193622741699215,58.193622741699215
2019-02-21T00:00:00.000000000,180,63.74,85.89972,-22.159719238281248,22.159719238281248
2019-02-23T00:00:00.000000000,180,9.95,86.6871,-76.73710327148437,76.73710327148437
2019-02-24T00:00:00.000000000,180,35.03,81.111946,-46.08194610595703,46.08194610595703
2019-02-27T00:00:00.000000000,180,26.380000000000003,83.20276,-56.8227587890625,56.8227587890625
2019-02-28T00:00:00.000000000,180,18.13,83.0878,-64.95779907226563,64.95779907226563
2019-03-01T00:00:00.000000000,180,62.40999999999999,80.64038,-18.23038085937501,18.23038085937501
2019-03-02T00:00:00.000000000,180,211.98,72.6637,139.3163037109375,139.3163037109375
2019-03-03T00:00:00.000000000,180,12.13,75.63497,-63.50497161865234,63.50497161865234
2019-03-04T00:00:00.000000000,180,134.78,79.30408,55.4759228515625,55.4759228515625
2019-03-05T00:00:00.000000000,180,58.41,80.70213,-22.29213317871094,22.29213317871094
2019-03-06T00:00:00.000000000,180,180.49,86.21538,94.27462219238282,94.27462219238282
2019-03-07T00:00:00.000000000,180,5.86,86.11004,-80.25003875732422,80.25003875732422
2019-03-08T00:00:00.000000000,180,20.31,84.028885,-63.71888488769531,63.71888488769531
2019-03-10T00:00:00.000000000,180,17.55,83.53288,-65.98288269042969,65.98288269042969
2019-03-11T00:00:00.000000000,180,8.13,76.88868,-68.75867950439454,68.75867950439454
2019-03-12T00:00:00.000000000,180,168.33,77.72888,90.60111816406251,90.60111816406251
2019-03-13T00:00:00.000000000,180,17.49,87.03243,-69.54243255615235,69.54243255615235
2019-03-14T00:00:00.000000000,180,13.25,86.68387,-73.43386840820312,73.43386840820312
2019-03-15T00:00:00.000000000,180,26.82,82.28464,-55.464637451171875,55.464637451171875
2019-03-19T00:00:00.000000000,180,28.45,76.96521,-48.5152099609375,48.5152099609375
2019-03-20T00:00:00.000000000,180,27.04,79.82355,-52.78354736328125,52.78354736328125
2019-03-22T00:00:00.000000000,180,27.43,78.70378,-51.27378112792969,51.27378112792969
2019-03-23T00:00:00.000000000,180,34.21,86.44616,-52.23615936279297,52.23615936279297
2019-03-24T00:00:00.000000000,180,32.96,83.22413,-50.26412872314453,50.26412872314453
2019-03-26T00:00:00.000000000,180,57.75,80.45571,-22.705711364746094,22.705711364746094
2019-03-27T00:00:00.000000000,180,135.7,84.33198,51.36802215576171,51.36802215576171
2019-03-28T00:00:00.000000000,180,10.97,89.497505,-78.52750518798828,78.52750518798828
2019-03-29T00:00:00.000000000,180,125.65,81.525444,44.12455596923829,44.12455596923829
2019-03-30T00:00:00.000000000,180,35.67,77.4016,-41.73160369873047,41.73160369873047
2019-04-01T00:00:00.000000000,180,35.71,79.031,-43.32099822998047,43.32099822998047
2019-04-02T00:00:00.000000000,180,185.56,77.079994,108.48000579833985,108.48000579833985
2019-04-03T00:00:00.000000000,180,113.56000000000002,82.06763,31.492373046875016,31.492373046875016
2019-04-04T00:00:00.000000000,180,175.34,88.95999,86.38000854492188,86.38000854492188
2019-04-05T00:00:00.000000000,180,18.18,89.87383,-71.69383270263671,71.69383270263671
2019-04-06T00:00:00.000000000,180,13.52,81.061554,-67.54155395507813,67.54155395507813
2019-04-08T00:00:00.000000000,180,18.28,79.90384,-61.623839111328124,61.623839111328124
2019-04-09T00:00:00.000000000,180,137.29,82.265335,55.02466491699218,55.02466491699218
2019-04-10T00:00:00.000000000,180,63.33,85.57759,-22.247590942382814,22.247590942382814
2019-04-11T00:00:00.000000000,180,153.91,82.9541,70.9558984375,70.9558984375
2019-04-12T00:00:00.000000000,180,4.72,78.83339,-74.11338928222656,74.11338928222656
2019-04-14T00:00:00.000000000,180,29.54,72.30513,-42.76513000488281,42.76513000488281
2019-04-15T00:00:00.000000000,180,114.49,72.72113,41.768869628906245,41.768869628906245
2019-04-16T00:00:00.000000000,180,320.02,77.4491,242.57090332031248,242.57090332031248
2019-04-17T00:00:00.000000000,180,91.56,85.18312,6.37687927246094,6.37687927246094
2019-04-20T00:00:00.000000000,180,26.71,86.79429,-60.084288635253905,60.084288635253905
2019-04-22T00:00:00.000000000,180,143.57999999999998,83.06861,60.51138885498045,60.51138885498045
2019-04-23T00:00:00.000000000,180,11.46,85.5351,-74.07510284423827,74.07510284423827
2019-04-24T00:00:00.000000000,180,21.379999999999995,80.83104,-59.45103942871094,59.45103942871094
2019-04-26T00:00:00.000000000,180,8.000000000000002,77.92426,-69.92426300048828,69.92426300048828
2019-04-27T00:00:00.000000000,180,128.39,75.3177,53.072296752929674,53.072296752929674
2019-04-28T00:00:00.000000000,180,19.54,79.70913,-60.169129333496095,60.169129333496095
2019-04-29T00:00:00.000000000,180,131.96,81.70037,50.25962921142579,50.25962921142579
2019-04-30T00:00:00.000000000,180,78.63,82.88378,-4.253781433105473,4.253781433105473
2019-05-01T00:00:00.000000000,180,324.79,88.90313,235.8868704223633,235.8868704223633
2019-05-02T00:00:00.000000000,180,10.05,84.3792,-74.32920379638672,74.32920379638672
2019-05-03T00:00:00.000000000,180,52.330000000000005,83.738525,-31.408525390624995,31.408525390624995
2019-05-05T00:00:00.000000000,180,14.49,77.0177,-62.5277001953125,62.5277001953125
2019-05-06T00:00:00.000000000,180,10.88,77.54627,-66.66627227783204,66.66627227783204
2019-05-07T00:00:00.000000000,180,59.120000000000005,79.53195,-20.41195190429687,20.41195190429687
2019-05-08T00:00:00.000000000,180,50.07,86.099525,-36.029525451660156,36.029525451660156
2019-05-12T00:00:00.000000000,180,139.51999999999998,87.47421,52.04578735351561,52.04578735351561
2019-05-13T00:00:00.000000000,180,21.59,84.401306,-62.81130615234375,62.81130615234375
2019-05-14T00:00:00.000000000,180,40.64,79.05347,-38.413466796875,38.413466796875
2019-05-15T00:00:00.000000000,180,35.58,83.30952,-47.72951690673828,47.72951690673828
2019-05-16T00:00:00.000000000,180,117.07,81.28899,35.781013793945306,35.781013793945306
2019-05-17T00:00:00.000000000,180,84.29,79.204025,5.085974731445319,5.085974731445319
2019-05-18T00:00:00.000000000,180,80.46,75.38206,5.0779428100585875,5.0779428100585875
2019-05-20T00:00:00.000000000,180,39.33,78.649216,-39.31921569824219,39.31921569824219
2019-05-21T00:00:00.000000000,180,36.010000000000005,80.70268,-44.69268249511718,44.69268249511718
2019-05-22T00:00:00.000000000,180,135.24,80.61261,54.62739013671876,54.62739013671876
2019-05-24T00:00:00.000000000,180,194.94,84.11177,110.82822937011719,110.82822937011719
2019-05-25T00:00:00.000000000,180,22.87,83.76948,-60.89947784423828,60.89947784423828
2019-05-26T00:00:00.000000000,180,12.68,76.395065,-63.71506530761719,63.71506530761719
2019-05-27T00:00:00.000000000,180,160.73,74.56156,86.16843841552733,86.16843841552733
2019-05-28T00:00:00.000000000,180,126.21,80.754814,45.455185852050775,45.455185852050775
2019-05-29T00:00:00.000000000,180,18.09,87.12992,-69.03992095947265,69.03992095947265
2019-05-30T00:00:00.000000000,180,164.12,81.44628,82.67371856689454,82.67371856689454
2019-05-31T00:00:00.000000000,180,95.47,86.39241,9.077589721679686,9.077589721679686
2019-06-01T00:00:00.000000000,180,136.97,78.5951,58.37489959716797,58.37489959716797
2019-06-02T00:00:00.000000000,180,3.0499999999999994,67.33543,-64.28542633056641,64.28542633056641
2019-06-03T00:00:00.000000000,180,10.740000000000002,70.0186,-59.278600463867186,59.278600463867186
2019-06-04T00:00:00.000000000,180,155.17000000000002,74.524635,80.64536468505861,80.64536468505861
2019-06-05T00:00:00.000000000,180,45.59,83.49595,-37.9059487915039,37.9059487915039
2019-06-07T00:00:00.000000000,180,15.08,86.491615,-71.41161529541016,71.41161529541016
2019-06-08T00:00:00.000000000,180,16.61,78.70161,-62.09160675048828,62.09160675048828
2019-06-09T00:00:00.000000000,180,33.68,83.42802,-49.74801666259766,49.74801666259766
2019-06-10T00:00:00.000000000,180,13.48,81.385216,-67.90521575927734,67.90521575927734
2019-06-11T00:00:00.000000000,180,118.46,78.46126,39.99874206542968,39.99874206542968
2019-06-12T00:00:00.000000000,180,82.92,86.339645,-3.419645385742186,3.419645385742186
2019-06-13T00:00:00.000000000,180,11.14,83.50759,-72.3675912475586,72.3675912475586
2019-06-16T00:00:00.000000000,180,41.96,74.115364,-32.15536407470703,32.15536407470703
2019-06-17T00:00:00.000000000,180,138.77,79.10342,59.66658355712892,59.66658355712892
2019-06-18T00:00:00.000000000,180,43.83,79.7871,-35.95710174560547,35.95710174560547
2019-06-19T00:00:00.000000000,180,15.529999999999998,82.56791,-67.03790924072266,67.03790924072266
2019-06-20T00:00:00.000000000,180,15.8,78.2276,-62.42760009765625,62.42760009765625
2019-06-22T00:00:00.000000000,180,84.78,77.05886,7.721139221191407,7.721139221191407
2019-06-25T00:00:00.000000000,180,136.82,77.15092,59.66908294677734,59.66908294677734
2019-06-26T00:00:00.000000000,180,38.330000000000005,81.32464,-42.99463836669921,42.99463836669921
2019-06-27T00:00:00.000000000,180,10.9,86.37798,-75.47798309326171,75.47798309326171
2019-06-28T00:00:00.000000000,180,273.2,80.58591,192.6140930175781,192.6140930175781
2019-06-29T00:00:00.000000000,180,21.03,81.01473,-59.98473236083984,59.98473236083984
2019-06-30T00:00:00.000000000,180,9.36,80.60046,-71.24045623779297,71.24045623779297
2019-07-01T00:00:00.000000000,180,122.00000000000001,77.25993,44.74006652832033,44.74006652832033
2019-07-02T00:00:00.000000000,180,13.79,72.36888,-58.57888122558594,58.57888122558594
2019-07-03T00:00:00.000000000,180,135.22,74.744446,60.47555419921875,60.47555419921875
2019-07-04T00:00:00.000000000,180,38.28,80.705765,-42.42576477050781,42.42576477050781
2019-07-06T00:00:00.000000000,180,47.49,78.874855,-31.384855041503904,31.384855041503904
2019-07-07T00:00:00.000000000,180,41.21,81.0229,-39.81290344238281,39.81290344238281
2019-07-08T00:00:00.000000000,180,82.89,79.83902,3.0509802246093756,3.0509802246093756
2019-07-09T00:00:00.000000000,180,14.929999999999998,79.72363,-64.79363281250001,64.79363281250001
2019-07-10T00:00:00.000000000,180,8.68,80.51002,-71.83001739501952,71.83001739501952
2019-07-13T00:00:00.000000000,180,26.549999999999997,78.55728,-52.00728149414063,52.00728149414063
2019-07-14T00:00:00.000000000,180,14.04,80.59271,-66.55271240234376,66.55271240234376
2019-07-16T00:00:00.000000000,180,33.17,85.079506,-51.909505920410155,51.909505920410155
2019-07-17T00:00:00.000000000,180,117.99,80.24347,37.746530761718745,37.746530761718745
2019-07-19T00:00:00.000000000,180,70.75999999999999,86.229965,-15.469965209960947,15.469965209960947
2019-07-20T00:00:00.000000000,180,180.5,84.26718,96.23281860351562,96.23281860351562
2019-07-21T00:00:00.000000000,180,215.17,78.8811,136.288896484375,136.288896484375
2019-07-22T00:00:00.000000000,180,171.65,78.13571,93.51428833007813,93.51428833007813
2019-07-23T00:00:00.000000000,180,87.06,79.893425,7.1665750122070335,7.1665750122070335
2019-07-24T00:00:00.000000000,180,26.36,84.388596,-58.02859558105469,58.02859558105469
2019-07-25T00:00:00.000000000,180,11.74,79.94858,-68.20857788085938,68.20857788085938
2019-07-27T00:00:00.000000000,180,5.41,76.99015,-71.58015045166016,71.58015045166016
2019-07-28T00:00:00.000000000,180,167.87000000000003,72.95601,94.91399108886722,94.91399108886722
2019-07-29T00:00:00.000000000,180,159.24,78.012695,81.22730468750001,81.22730468750001
2019-07-30T00:00:00.000000000,180,35.97,77.54989,-41.579888610839845,41.579888610839845
2019-07-31T00:00:00.000000000,180,10.78,84.67256,-73.89256164550781,73.89256164550781
2019-08-02T00:00:00.000000000,180,17.6,90.751205,-73.15120544433594,73.15120544433594
2019-08-03T00:00:00.000000000,180,25.48,69.6363,-44.15629913330078,44.15629913330078
2019-08-04T00:00:00.000000000,180,13.79,71.19337,-57.40336700439453,57.40336700439453
2019-08-05T00:00:00.000000000,180,110.56,67.88755,42.672449645996096,42.672449645996096
2019-08-06T00:00:00.000000000,180,44.20000000000001,74.59692,-30.39691619873046,30.39691619873046
2019-08-07T00:00:00.000000000,180,313.4,80.84432,232.55567779541013,232.55567779541013
2019-08-08T00:00:00.000000000,180,591.6479999999998,82.70428,508.9437229614256,508.9437229614256
2019-08-10T00:00:00.000000000,180,207.57,77.25648,130.31352264404296,130.31352264404296
2019-08-11T00:00:00.000000000,180,15.82,82.88981,-67.06980865478516,67.06980865478516
2019-08-12T00:00:00.000000000,180,62.77,80.90131,-18.131313781738278,18.131313781738278
2019-08-13T00:00:00.000000000,180,121.49,82.0336,39.45640014648437,39.45640014648437
2019-08-14T00:00:00.000000000,180,53.54,81.49525,-27.955246887207032,27.955246887207032
2019-08-15T00:00:00.000000000,180,46.34,83.67783,-37.3378335571289,37.3378335571289
2019-08-16T00:00:00.000000000,180,61.3,81.70208,-20.40207977294922,20.40207977294922
2019-08-17T00:00:00.000000000,180,162.22,76.79838,85.42162200927734,85.42162200927734
2019-08-18T00:00:00.000000000,180,154.72,78.3747,76.34529754638672,76.34529754638672
2019-08-20T00:00:00.000000000,180,195.44,73.10953,122.33047241210937,122.33047241210937
2019-08-21T00:00:00.000000000,180,34.28,80.12607,-45.846068115234374,45.846068115234374
2019-08-23T00:00:00.000000000,180,26.839999999999996,83.44742,-56.60741821289063,56.60741821289063
2019-08-24T00:00:00.000000000,180,26.130000000000003,76.209885,-50.079884643554685,50.079884643554685
2019-08-27T00:00:00.000000000,180,37.35,72.99641,-35.64640655517578,35.64640655517578
2019-08-28T00:00:00.000000000,180,43.06,79.04627,-35.98627227783203,35.98627227783203
2019-08-29T00:00:00.000000000,180,29.93,83.169785,-53.23978454589844,53.23978454589844
2019-08-30T00:00:00.000000000,180,10.53,76.46967,-65.93967315673828,65.93967315673828
2019-08-31T00:00:00.000000000,180,18.78,85.20028,-66.42027923583984,66.42027923583984
2019-09-01T00:00:00.000000000,180,11.73,75.015785,-63.28578521728515,63.28578521728515
2019-09-03T00:00:00.000000000,180,68.24000000000001,65.500305,2.739694824218759,2.739694824218759
2019-09-04T00:00:00.000000000,180,16.34,72.41218,-56.07217803955078,56.07217803955078
2019-09-05T00:00:00.000000000,180,55.12,77.36061,-22.240610961914065,22.240610961914065
2019-09-06T00:00:00.000000000,180,16.69,80.09877,-63.408770141601565,63.408770141601565
2019-09-10T00:00:00.000000000,180,221.04,81.95087,139.08913330078124,139.08913330078124
2019-09-11T00:00:00.000000000,180,16.44,82.62751,-66.18751007080078,66.18751007080078
2019-09-12T00:00:00.000000000,180,244.37,81.16992,163.200078125,163.200078125
2019-09-13T00:00:00.000000000,180,128.5,79.38379,49.1162109375,49.1162109375
2019-09-14T00:00:00.000000000,180,94.36,75.828705,18.531295166015624,18.531295166015624
2019-09-16T00:00:00.000000000,180,50.6,73.80131,-23.201307678222655,23.201307678222655
2019-09-17T00:00:00.000000000,180,316.02,81.04401,234.97599365234373,234.97599365234373
2019-09-18T00:00:00.000000000,180,24.56,83.750694,-59.19069427490234,59.19069427490234
2019-09-20T00:00:00.000000000,180,175.04,80.1484,94.89160064697265,94.89160064697265
2019-09-21T00:00:00.000000000,180,18.34,84.33463,-65.99463287353515,65.99463287353515
2019-09-22T00:00:00.000000000,180,118.55,74.142334,44.407666015625,44.407666015625
2019-09-24T00:00:00.000000000,180,27.42,72.37746,-44.95745666503906,44.95745666503906
2019-09-25T00:00:00.000000000,180,61.94,82.65137,-20.711367187500002,20.711367187500002
2019-09-26T00:00:00.000000000,180,15.66,84.49787,-68.83787139892578,68.83787139892578
2019-09-27T00:00:00.000000000,180,33.38,87.78004,-54.40003692626953,54.40003692626953
2019-09-29T00:00:00.000000000,180,14.16,71.74399,-57.58398803710938,57.58398803710938
2019-09-30T00:00:00.000000000,180,32.52,70.89397,-38.373966674804684,38.373966674804684
2019-10-01T00:00:00.000000000,180,31.93,70.266174,-38.33617431640625,38.33617431640625
2019-10-02T00:00:00.000000000,180,50.54,71.417274,-20.877274475097657,20.877274475097657
2019-10-03T00:00:00.000000000,180,153.39,76.63787,76.75212921142577,76.75212921142577
2019-10-05T00:00:00.000000000,180,11.48,75.9118,-64.43179656982421,64.43179656982421
2019-10-06T00:00:00.000000000,180,16.22,74.444374,-58.22437408447266,58.22437408447266
2019-10-08T00:00:00.000000000,180,167.31,80.86042,86.44957977294922,86.44957977294922
2019-10-09T00:00:00.000000000,180,154.9,83.62423,71.27577056884766,71.27577056884766
2019-10-10T00:00:00.000000000,180,77.65999999999998,91.84387,-14.183872070312518,14.183872070312518
2019-10-12T00:00:00.000000000,180,20.3,79.624115,-59.32411499023438,59.32411499023438
2019-10-13T00:00:00.000000000,180,100.0,80.34407,19.655929565429688,19.655929565429688
2019-10-14T00:00:00.000000000,180,11.909999999999998,72.71351,-60.803508605957035,60.803508605957035
2019-10-15T00:00:00.000000000,180,59.16,71.82459,-12.664592590332035,12.664592590332035
2019-10-16T00:00:00.000000000,180,31.73,83.05522,-51.32522155761718,51.32522155761718
2019-10-17T00:00:00.000000000,180,16.54,74.43458,-57.89457794189453,57.89457794189453
2019-10-18T00:00:00.000000000,180,20.48,80.53863,-60.058627624511715,60.058627624511715
2019-10-19T00:00:00.000000000,180,98.66,70.058914,28.601085815429684,28.601085815429684
2019-10-20T00:00:00.000000000,180,29.12,69.44101,-40.32100952148437,40.32100952148437
2019-10-21T00:00:00.000000000,180,17.77,73.11478,-55.34477661132813,55.34477661132813
2019-10-22T00:00:00.000000000,180,34.38,72.517914,-38.13791381835937,38.13791381835937
2019-10-23T00:00:00.000000000,180,83.02,76.32,6.700000305175777,6.700000305175777
2019-10-24T00:00:00.000000000,180,10.07,83.47466,-73.40466278076173,73.40466278076173
2019-10-25T00:00:00.000000000,180,24.31,79.7555,-55.44550079345703,55.44550079345703
2019-10-26T00:00:00.000000000,180,27.27,74.47116,-47.20116088867188,47.20116088867188
2019-10-28T00:00:00.000000000,180,15.69,74.93849,-59.248491821289065,59.248491821289065
2019-10-29T00:00:00.000000000,180,20.34,74.20353,-53.86352935791015,53.86352935791015
2019-10-30T00:00:00.000000000,180,16.31,77.03455,-60.72455352783203,60.72455352783203
2019-10-31T00:00:00.000000000,180,108.04,76.45749,31.58251098632813,31.58251098632813
2017-11-16T00:00:00.000000000,1098,411.02,400.0799,10.940104980468732,10.940104980468732
2017-11-17T00:00:00.000000000,1098,183.9,368.83047,-184.93047485351562,184.93047485351562
2017-11-18T00:00:00.000000000,1098,313.37,328.87683,-15.506831054687495,15.506831054687495
2017-11-19T00:00:00.000000000,1098,282.14,389.02292,-106.88291870117189,106.88291870117189
2017-11-20T00:00:00.000000000,1098,180.48,447.07962,-266.5996203613281,266.5996203613281
2017-11-21T00:00:00.000000000,1098,327.71000000000004,459.5545,-131.8445043945312,131.8445043945312
2017-11-22T00:00:00.000000000,1098,591.6479999999998,334.90964,256.7383625488279,256.7383625488279
2017-11-23T00:00:00.000000000,1098,543.2,289.2713,253.9286987304688,253.9286987304688
2017-11-24T00:00:00.000000000,1098,242.35000000000002,420.91772,-178.56772460937498,178.56772460937498
2017-11-25T00:00:00.000000000,1098,591.6479999999998,399.3296,192.3184101562498,192.3184101562498
2017-11-26T00:00:00.000000000,1098,303.86,447.34543,-143.48542846679686,143.48542846679686
2017-11-27T00:00:00.000000000,1098,258.75,433.80313,-175.05313110351562,175.05313110351562
2017-11-28T00:00:00.000000000,1098,591.6479999999998,395.63284,196.01515698242167,196.01515698242167
2017-11-29T00:00:00.000000000,1098,514.11,311.92267,202.18733154296876,202.18733154296876
2017-11-30T00:00:00.000000000,1098,323.58000000000004,336.57587,-12.995866699218709,12.995866699218709
2017-12-01T00:00:00.000000000,1098,457.6,433.37793,24.222070312500023,24.222070312500023
2017-12-02T00:00:00.000000000,1098,494.36,454.44067,39.919326171875014,39.919326171875014
2017-12-03T00:00:00.000000000,1098,70.4,353.95502,-283.5550170898438,283.5550170898438
2017-12-04T00:00:00.000000000,1098,591.6479999999998,261.02426,330.6237385253904,330.6237385253904
2017-12-05T00:00:00.000000000,1098,294.76,476.44193,-181.68192504882813,181.68192504882813
2017-12-06T00:00:00.000000000,1098,135.84,465.8703,-330.0303002929687,330.0303002929687
2017-12-07T00:00:00.000000000,1098,106.27999999999999,420.83405,-314.5540454101563,314.5540454101563
2017-12-08T00:00:00.000000000,1098,3.0416,411.22934,-408.18773959960936,408.18773959960936
2017-12-09T00:00:00.000000000,1098,532.6800000000001,366.9236,165.75638549804694,165.75638549804694
2017-12-10T00:00:00.000000000,1098,289.76,314.8903,-25.130289306640634,25.130289306640634
2017-12-11T00:00:00.000000000,1098,197.43,333.03174,-135.60173828125,135.60173828125
2017-12-12T00:00:00.000000000,1098,412.47,392.1395,20.330504150390652,20.330504150390652
2017-12-13T00:00:00.000000000,1098,445.17,417.39386,27.776140136718766,27.776140136718766
2017-12-14T00:00:00.000000000,1098,430.05,410.2345,19.81550292968751,19.81550292968751
2017-12-15T00:00:00.000000000,1098,462.76,414.245,48.51500488281249,48.51500488281249
2017-12-16T00:00:00.000000000,1098,288.97,350.96945,-61.99945190429685,61.99945190429685
2017-12-17T00:00:00.000000000,1098,256.88,359.11874,-102.23874389648438,102.23874389648438
2017-12-18T00:00:00.000000000,1098,42.190000000000005,413.61288,-371.4228845214844,371.4228845214844
2017-12-19T00:00:00.000000000,1098,389.8200000000001,391.5595,-1.7395092773436431,1.7395092773436431
2017-12-20T00:00:00.000000000,1098,591.6479999999998,374.86453,216.78346752929667,216.78346752929667
2017-12-21T00:00:00.000000000,1098,591.6479999999998,393.9271,197.72090649414042,197.72090649414042
2017-12-22T00:00:00.000000000,1098,316.28,472.42773,-156.14773437500003,156.14773437500003
2017-12-23T00:00:00.000000000,1098,428.76000000000005,434.18,-5.419992675781202,5.419992675781202
2017-12-24T00:00:00.000000000,1098,243.52,282.01562,-38.49562499999999,38.49562499999999
2017-12-25T00:00:00.000000000,1098,128.88,358.16635,-229.28635131835938,229.28635131835938
2017-12-26T00:00:00.000000000,1098,591.6479999999998,405.69113,185.95686840820292,185.95686840820292
2017-12-27T00:00:00.000000000,1098,409.35,465.93735,-56.58734741210935,56.58734741210935
2017-12-28T00:00:00.000000000,1098,368.79,446.6381,-77.8480920410156,77.8480920410156
2017-12-29T00:00:00.000000000,1098,403.93,470.805,-66.87499267578124,66.87499267578124
2017-12-30T00:00:00.000000000,1098,493.78,379.3217,114.45831420898435,114.45831420898435
2017-12-31T00:00:00.000000000,1098,113.53,275.1334,-161.60339233398437,161.60339233398437
2018-01-01T00:00:00.000000000,1098,105.88,345.85434,-239.97433959960938,239.97433959960938
2018-01-02T00:00:00.000000000,1098,169.85999999999999,358.31485,-188.45484985351564,188.45484985351564
2018-01-03T00:00:00.000000000,1098,514.36,390.26013,124.09986816406251,124.09986816406251
2018-01-04T00:00:00.000000000,1098,591.6479999999998,472.44266,119.20534252929667,119.20534252929667
2018-01-05T00:00:00.000000000,1098,431.79,518.5099,-86.71988769531248,86.71988769531248
2018-01-06T00:00:00.000000000,1098,526.24,472.12753,54.112467041015634,54.112467041015634
2018-01-07T00:00:00.000000000,1098,591.6479999999998,277.78235,313.8656513671873,313.8656513671873
2018-01-08T00:00:00.000000000,1098,175.04999999999998,368.30652,-193.25651855468752,193.25651855468752
2018-01-09T00:00:00.000000000,1098,219.87,425.04764,-205.17763793945312,205.17763793945312
2018-01-10T00:00:00.000000000,1098,559.13,440.0707,119.05929077148437,119.05929077148437
2018-01-11T00:00:00.000000000,1098,410.39000000000004,466.45978,-56.06977783203121,56.06977783203121
2018-01-12T00:00:00.000000000,1098,575.73,517.8636,57.86641357421877,57.86641357421877
2018-01-13T00:00:00.000000000,1098,591.6479999999998,563.28503,28.362965820312297,28.362965820312297
2018-01-14T00:00:00.000000000,1098,325.87,391.7542,-65.88421142578125,65.88421142578125
2018-01-15T00:00:00.000000000,1098,481.99,232.92374,249.06626342773438,249.06626342773438
2018-01-16T00:00:00.000000000,1098,333.03,464.091,-131.06100341796878,131.06100341796878
2018-01-17T00:00:00.000000000,1098,187.17,516.4259,-329.25590332031254,329.25590332031254
2018-01-18T00:00:00.000000000,1098,366.37000000000006,447.8483,-81.47829711914056,81.47829711914056
2018-01-19T00:00:00.000000000,1098,285.26,477.28317,-192.02317260742188,192.02317260742188
2018-01-20T00:00:00.000000000,1098,577.71,505.26224,72.44776245117191,72.44776245117191
2018-01-21T00:00:00.000000000,1098,340.71000000000004,375.75598,-35.045981445312464,35.045981445312464
2018-01-22T00:00:00.000000000,1098,204.28000000000003,258.60486,-54.32485839843747,54.32485839843747
2018-01-23T00:00:00.000000000,1098,253.93999999999997,345.82736,-91.8873620605469,91.8873620605469
2018-01-24T00:00:00.000000000,1098,445.14,437.1419,7.998093261718736,7.998093261718736
2018-01-25T00:00:00.000000000,1098,591.6479999999998,473.48132,118.1666767578123,118.1666767578123
2018-01-26T00:00:00.000000000,1098,487.2099999999999,500.50427,-13.294272460937577,13.294272460937577
2018-01-27T00:00:00.000000000,1098,591.6479999999998,538.5945,53.0535175781248,53.0535175781248
2018-01-28T00:00:00.000000000,1098,528.34,271.50882,256.8311804199219,256.8311804199219
2018-01-29T00:00:00.000000000,1098,440.76,233.75262,207.00737548828124,207.00737548828124
2018-01-30T00:00:00.000000000,1098,228.16,274.9434,-46.78338989257813,46.78338989257813
2018-01-31T00:00:00.000000000,1098,591.6479999999998,263.91577,327.7322285156248,327.7322285156248
2018-02-01T00:00:00.000000000,1098,448.66,262.67606,185.9839440917969,185.9839440917969
2018-02-02T00:00:00.000000000,1098,473.9100000000001,263.71832,210.19167724609383,210.19167724609383
2018-02-03T00:00:00.000000000,1098,529.91,436.73026,93.17974487304684,93.17974487304684
2018-02-04T00:00:00.000000000,1098,591.6479999999998,259.7806,331.8673908691404,331.8673908691404
2018-02-05T00:00:00.000000000,1098,127.08,241.87923,-114.79922668457031,114.79922668457031
2018-02-06T00:00:00.000000000,1098,331.22,351.95508,-20.735078124999973,20.735078124999973
2018-02-07T00:00:00.000000000,1098,416.23,540.82806,-124.59806396484373,124.59806396484373
2018-02-08T00:00:00.000000000,1098,255.79,501.30945,-245.5194482421875,245.5194482421875
2018-02-09T00:00:00.000000000,1098,591.6479999999998,458.87616,132.77184033203105,132.77184033203105
2018-02-10T00:00:00.000000000,1098,585.98,548.95776,37.02223632812502,37.02223632812502
2018-02-11T00:00:00.000000000,1098,591.6479999999998,384.89874,206.74925732421855,206.74925732421855
2018-02-12T00:00:00.000000000,1098,571.47,256.5221,314.9479052734375,314.9479052734375
2018-02-13T00:00:00.000000000,1098,346.99,359.29895,-12.308950195312491,12.308950195312491
2018-02-14T00:00:00.000000000,1098,527.34,499.07574,28.264255371093782,28.264255371093782
2018-02-15T00:00:00.000000000,1098,466.36,460.89453,5.465468750000014,5.465468750000014
2018-02-16T00:00:00.000000000,1098,480.75,494.37683,-13.6268310546875,13.6268310546875
2018-02-17T00:00:00.000000000,1098,293.27,552.1808,-258.9107861328125,258.9107861328125
2018-02-18T00:00:00.000000000,1098,527.3299999999999,363.90024,163.42976196289055,163.42976196289055
2018-02-19T00:00:00.000000000,1098,132.05,274.3305,-142.28050537109374,142.28050537109374
2018-02-20T00:00:00.000000000,1098,349.01,369.42606,-20.416055908203134,20.416055908203134
2018-02-21T00:00:00.000000000,1098,410.89,433.474,-22.583999023437514,22.583999023437514
2018-02-22T00:00:00.000000000,1098,591.6479999999998,438.9878,152.6602070312498,152.6602070312498
2018-02-23T00:00:00.000000000,1098,455.53,527.51764,-71.98763916015628,71.98763916015628
2018-02-24T00:00:00.000000000,1098,451.42,388.88928,62.530717773437516,62.530717773437516
2018-02-25T00:00:00.000000000,1098,591.6479999999998,249.81772,341.8302814941404,341.8302814941404
2018-02-26T00:00:00.000000000,1098,121.23,383.46692,-262.2369189453125,262.2369189453125
2018-02-27T00:00:00.000000000,1098,153.35,448.0151,-294.66510620117185,294.66510620117185
2018-02-28T00:00:00.000000000,1098,388.37,494.66385,-106.29384887695312,106.29384887695312
2018-03-01T00:00:00.000000000,1098,590.98,451.12198,139.8580212402344,139.8580212402344
2018-03-02T00:00:00.000000000,1098,431.95,458.39713,-26.447125244140636,26.447125244140636
2018-03-03T00:00:00.000000000,1098,480.61,536.7571,-56.147080078124986,56.147080078124986
2018-03-04T00:00:00.000000000,1098,348.72,439.03366,-90.31366088867185,90.31366088867185
2018-03-05T00:00:00.000000000,1098,280.21000000000004,248.12512,32.084877929687536,32.084877929687536
2018-03-06T00:00:00.000000000,1098,204.58,366.96805,-162.3880480957031,162.3880480957031
2018-03-07T00:00:00.000000000,1098,483.25,516.53534,-33.28533935546875,33.28533935546875
2018-03-08T00:00:00.000000000,1098,591.6479999999998,466.3489,125.29909252929667,125.29909252929667
2018-03-09T00:00:00.000000000,1098,473.16,462.823,10.337001953125025,10.337001953125025
2018-03-10T00:00:00.000000000,1098,484.02,540.7769,-56.75691650390627,56.75691650390627
2018-03-11T00:00:00.000000000,1098,591.6479999999998,446.20038,145.44762158203105,145.44762158203105
2018-03-12T00:00:00.000000000,1098,333.09000000000003,252.46323,80.62677368164066,80.62677368164066
2018-03-13T00:00:00.000000000,1098,159.09,320.87698,-161.78698364257812,161.78698364257812
2018-03-14T00:00:00.000000000,1098,516.29,420.42737,95.86263183593746,95.86263183593746
2018-03-15T00:00:00.000000000,1098,356.03,513.89685,-157.86685058593753,157.86685058593753
2018-03-16T00:00:00.000000000,1098,591.6479999999998,458.0623,133.58571362304667,133.58571362304667
2018-03-17T00:00:00.000000000,1098,444.42,534.206,-89.78599365234373,89.78599365234373
2018-03-18T00:00:00.000000000,1098,591.6479999999998,494.59702,97.05098461914042,97.05098461914042
2018-03-19T00:00:00.000000000,1098,187.75000000000003,329.93454,-142.18453979492185,142.18453979492185
2018-03-20T00:00:00.000000000,1098,355.19,239.66899,115.52100891113281,115.52100891113281
2018-03-21T00:00:00.000000000,1098,484.63,467.60806,17.02193725585937,17.02193725585937
2018-03-22T00:00:00.000000000,1098,523.5,495.3849,28.1151123046875,28.1151123046875
2018-03-23T00:00:00.000000000,1098,446.59,450.54785,-3.957851562500025,3.957851562500025
2018-03-24T00:00:00.000000000,1098,591.6479999999998,476.27505,115.37294506835917,115.37294506835917
2018-03-25T00:00:00.000000000,1098,242.61,465.75742,-223.14741577148436,223.14741577148436
2018-03-26T00:00:00.000000000,1098,87.84,276.69427,-188.85427490234375,188.85427490234375
2018-03-27T00:00:00.000000000,1098,3.0416,349.4572,-346.41561435546873,346.41561435546873
2018-03-28T00:00:00.000000000,1098,328.16,436.44598,-108.28598388671872,108.28598388671872
2018-03-29T00:00:00.000000000,1098,375.41,425.4441,-50.034091796874975,50.034091796874975
2018-03-30T00:00:00.000000000,1098,591.6479999999998,445.2839,146.36409497070292,146.36409497070292
2018-03-31T00:00:00.000000000,1098,464.93,412.59543,52.33457153320313,52.33457153320313
2018-04-01T00:00:00.000000000,1098,591.6479999999998,251.00908,340.6389210205076,340.6389210205076
2018-04-02T00:00:00.000000000,1098,304.71000000000004,392.086,-87.37599853515621,87.37599853515621
2018-04-03T00:00:00.000000000,1098,283.44,455.17706,-171.73706298828125,171.73706298828125
2018-04-04T00:00:00.000000000,1098,591.6479999999998,425.85327,165.7947285156248,165.7947285156248
2018-04-05T00:00:00.000000000,1098,591.6479999999998,460.4129,131.23509716796855,131.23509716796855
2018-04-06T00:00:00.000000000,1098,442.52,463.17468,-20.654682617187518,20.654682617187518
2018-04-07T00:00:00.000000000,1098,440.38,417.31192,23.06807983398437,23.06807983398437
2018-04-08T00:00:00.000000000,1098,381.48,331.78305,49.69694946289064,49.69694946289064
2018-04-09T00:00:00.000000000,1098,50.02,261.09973,-211.0797314453125,211.0797314453125
2018-04-10T00:00:00.000000000,1098,139.53,305.27637,-165.7463671875,165.7463671875
2018-04-11T00:00:00.000000000,1098,591.6479999999998,439.9159,151.7321064453123,151.7321064453123
2018-04-12T00:00:00.000000000,1098,591.6479999999998,481.2854,110.3625996093748,110.3625996093748
2018-04-13T00:00:00.000000000,1098,591.6479999999998,497.33755,94.31044506835917,94.31044506835917
2018-04-14T00:00:00.000000000,1098,442.84,543.49164,-100.65163818359378,100.65163818359378
2018-04-15T00:00:00.000000000,1098,591.6479999999998,397.24646,194.4015400390623,194.4015400390623
2018-04-16T00:00:00.000000000,1098,228.67,258.43246,-29.762464599609388,29.762464599609388
2018-04-17T00:00:00.000000000,1098,69.56,461.1079,-391.54791015625,391.54791015625
2018-04-18T00:00:00.000000000,1098,591.6479999999998,471.4223,120.22569775390605,120.22569775390605
2018-04-19T00:00:00.000000000,1098,591.6479999999998,460.7831,130.86488842773417,130.86488842773417
2018-04-20T00:00:00.000000000,1098,375.35,502.98624,-127.6362365722656,127.6362365722656
2018-04-21T00:00:00.000000000,1098,526.42,538.0508,-11.630781250000041,11.630781250000041
2018-04-22T00:00:00.000000000,1098,391.51,345.1438,46.36620117187499,46.36620117187499
2018-04-23T00:00:00.000000000,1098,445.9,242.18968,203.71031799316404,203.71031799316404
2018-04-24T00:00:00.000000000,1098,132.86,480.08734,-347.22734130859374,347.22734130859374
2018-04-25T00:00:00.000000000,1098,298.83,441.71808,-142.88807861328127,142.88807861328127
2018-04-26T00:00:00.000000000,1098,519.61,419.75592,99.85407958984376,99.85407958984376
2018-04-27T00:00:00.000000000,1098,591.6479999999998,452.51224,139.13576245117167,139.13576245117167
2018-04-28T00:00:00.000000000,1098,516.89,509.75366,7.136337890624986,7.136337890624986
2018-04-29T00:00:00.000000000,1098,449.28,439.52686,9.753144531249973,9.753144531249973
2018-04-30T00:00:00.000000000,1098,200.09,258.24075,-58.15075317382812,58.15075317382812
2018-05-01T00:00:00.000000000,1098,228.61999999999998,319.56525,-90.94524658203127,90.94524658203127
2018-05-02T00:00:00.000000000,1098,591.6479999999998,437.7045,153.94350170898417,153.94350170898417
2018-05-03T00:00:00.000000000,1098,591.6479999999998,449.00952,142.6384785156248,142.6384785156248
2018-05-04T00:00:00.000000000,1098,228.69,472.75555,-244.06555419921875,244.06555419921875
2018-05-05T00:00:00.000000000,1098,474.33,522.5793,-48.249284667968766,48.249284667968766
2018-05-06T00:00:00.000000000,1098,294.75,455.02292,-160.27291870117188,160.27291870117188
2018-05-07T00:00:00.000000000,1098,217.89,288.22202,-70.33201538085939,70.33201538085939
2018-05-08T00:00:00.000000000,1098,128.35,347.3805,-219.0304931640625,219.0304931640625
2018-05-09T00:00:00.000000000,1098,197.16000000000005,445.32385,-248.16385253906245,248.16385253906245
2018-05-10T00:00:00.000000000,1098,328.39,428.35797,-99.96797119140626,99.96797119140626
2018-05-11T00:00:00.000000000,1098,144.2,477.3567,-333.156689453125,333.156689453125
2018-05-12T00:00:00.000000000,1098,273.9,375.83014,-101.93013916015627,101.93013916015627
2018-05-13T00:00:00.000000000,1098,404.58,284.65665,119.92335327148436,119.92335327148436
2018-05-14T00:00:00.000000000,1098,193.96,393.20944,-199.24944213867187,199.24944213867187
2018-05-15T00:00:00.000000000,1098,175.98,439.172,-263.1919970703125,263.1919970703125
2018-05-16T00:00:00.000000000,1098,230.63,414.89398,-184.26398193359375,184.26398193359375
2018-05-17T00:00:00.000000000,1098,585.6,443.82104,141.77895507812502,141.77895507812502
2018-05-18T00:00:00.000000000,1098,119.51000000000002,460.3797,-340.86969970703126,340.86969970703126
2018-05-19T00:00:00.000000000,1098,359.9,426.27875,-66.37874755859377,66.37874755859377
2018-05-20T00:00:00.000000000,1098,164.65,281.41684,-116.76683959960937,116.76683959960937
2018-05-21T00:00:00.000000000,1098,201.64000000000001,271.01477,-69.37477050781249,69.37477050781249
2018-05-22T00:00:00.000000000,1098,3.0416,385.45453,-382.41292880859373,382.41292880859373
2018-05-23T00:00:00.000000000,1098,361.72,456.28656,-94.56656005859372,94.56656005859372
2018-05-24T00:00:00.000000000,1098,260.27,469.75848,-209.48848388671877,209.48848388671877
2018-05-25T00:00:00.000000000,1098,495.8,350.6525,145.1475036621094,145.1475036621094
2018-05-26T00:00:00.000000000,1098,332.05,398.5041,-66.45408935546874,66.45408935546874
2018-05-27T00:00:00.000000000,1098,433.73,242.76144,190.96855590820314,190.96855590820314
2018-05-28T00:00:00.000000000,1098,261.73,409.61078,-147.88077880859373,147.88077880859373
2018-05-29T00:00:00.000000000,1098,98.71,471.38217,-372.6721716308594,372.6721716308594
2018-05-30T00:00:00.000000000,1098,359.96000000000004,406.59467,-46.634665527343714,46.634665527343714
2018-05-31T00:00:00.000000000,1098,591.6479999999998,449.62515,142.02284741210917,142.02284741210917
2018-06-01T00:00:00.000000000,1098,273.93,346.4527,-72.52269775390624,72.52269775390624
2018-06-02T00:00:00.000000000,1098,270.41,388.30652,-117.89651855468747,117.89651855468747
2018-06-03T00:00:00.000000000,1098,453.32,252.03076,201.28923828125,201.28923828125
2018-06-04T00:00:00.000000000,1098,204.13999999999996,352.62845,-148.48844848632817,148.48844848632817
2018-06-05T00:00:00.000000000,1098,157.84,420.78503,-262.94503417968747,262.94503417968747
2018-06-06T00:00:00.000000000,1098,561.57,417.8292,143.74080688476568,143.74080688476568
2018-06-07T00:00:00.000000000,1098,494.85,430.58276,64.26723632812502,64.26723632812502
2018-06-08T00:00:00.000000000,1098,393.69999999999993,458.963,-65.26301269531257,65.26301269531257
2018-06-09T00:00:00.000000000,1098,448.5,411.64435,36.85565185546875,36.85565185546875
2018-06-10T00:00:00.000000000,1098,550.96,332.6116,218.3483972167969,218.3483972167969
2018-06-11T00:00:00.000000000,1098,318.98,275.68985,43.29015014648439,43.29015014648439
2018-06-12T00:00:00.000000000,1098,562.85,375.47766,187.37233886718752,187.37233886718752
2018-06-13T00:00:00.000000000,1098,591.6479999999998,452.18997,139.45802807617167,139.45802807617167
2018-06-14T00:00:00.000000000,1098,417.77,443.66086,-25.890858154296893,25.890858154296893
2018-06-15T00:00:00.000000000,1098,438.37999999999994,362.2076,76.17238891601556,76.17238891601556
2018-06-16T00:00:00.000000000,1098,357.38,367.01782,-9.637822265625005,9.637822265625005
2018-06-17T00:00:00.000000000,1098,456.21,298.26004,157.94995971679685,157.94995971679685
2018-06-18T00:00:00.000000000,1098,470.59,406.1111,64.47888549804685,64.47888549804685
2018-06-19T00:00:00.000000000,1098,462.82,453.05603,9.763969726562493,9.763969726562493
2018-06-20T00:00:00.000000000,1098,534.04,456.06543,77.97457031249996,77.97457031249996
2018-06-21T00:00:00.000000000,1098,580.35,477.71362,102.63637695312502,102.63637695312502
2018-06-22T00:00:00.000000000,1098,558.12,473.54858,84.571416015625,84.571416015625
2018-06-23T00:00:00.000000000,1098,405.02,326.73483,78.2851672363281,78.2851672363281
2018-06-24T00:00:00.000000000,1098,417.95,296.88184,121.06816406249999,121.06816406249999
2018-06-25T00:00:00.000000000,1098,419.47,458.85785,-39.38784912109372,39.38784912109372
2018-06-26T00:00:00.000000000,1098,213.89000000000001,455.43558,-241.5455773925781,241.5455773925781
2018-06-27T00:00:00.000000000,1098,510.8,421.82178,88.97822265625001,88.97822265625001
2018-06-28T00:00:00.000000000,1098,591.6479999999998,435.74802,155.89998364257792,155.89998364257792
2018-06-29T00:00:00.000000000,1098,545.52,403.87787,141.64213134765623,141.64213134765623
2018-06-30T00:00:00.000000000,1098,591.6479999999998,302.07782,289.57018017578105,289.57018017578105
2018-07-01T00:00:00.000000000,1098,591.6479999999998,290.55966,301.0883381347654,301.0883381347654
2018-07-02T00:00:00.000000000,1098,105.78000000000002,336.0403,-230.2603137207031,230.2603137207031
2018-07-03T00:00:00.000000000,1098,435.28,339.71164,95.5683605957031,95.5683605957031
2018-07-04T00:00:00.000000000,1098,455.85,526.9438,-71.09378662109373,71.09378662109373
2018-07-05T00:00:00.000000000,1098,591.6479999999998,472.8992,118.74879956054667,118.74879956054667
2018-07-06T00:00:00.000000000,1098,591.6479999999998,484.27792,107.37007641601542,107.37007641601542
2018-07-07T00:00:00.000000000,1098,591.6479999999998,516.0775,75.5704853515623,75.5704853515623
2018-07-08T00:00:00.000000000,1098,522.51,454.048,68.46199584960937,68.46199584960937
2018-07-09T00:00:00.000000000,1098,353.87,278.53333,75.3366748046875,75.3366748046875
2018-07-10T00:00:00.000000000,1098,19.930000000000003,332.06833,-312.13832885742187,312.13832885742187
2018-07-11T00:00:00.000000000,1098,263.18,487.51193,-224.33193237304687,224.33193237304687
2018-07-12T00:00:00.000000000,1098,522.49,498.81296,23.677042236328134,23.677042236328134
2018-07-13T00:00:00.000000000,1098,486.61,447.8135,38.79649291992189,38.79649291992189
2018-07-14T00:00:00.000000000,1098,354.0,478.83838,-124.83837890625,124.83837890625
2018-07-15T00:00:00.000000000,1098,460.32,476.79044,-16.470435791015632,16.470435791015632
2018-07-16T00:00:00.000000000,1098,591.6479999999998,310.85666,280.7913410644529,280.7913410644529
2018-07-17T00:00:00.000000000,1098,127.31,297.88782,-170.5778173828125,170.5778173828125
2018-07-18T00:00:00.000000000,1098,576.06,419.8486,156.21139770507807,156.21139770507807
2018-07-19T00:00:00.000000000,1098,459.91,464.41284,-4.502841796874975,4.502841796874975
2018-07-20T00:00:00.000000000,1098,591.6479999999998,439.81406,151.83394360351542,151.83394360351542
2018-07-21T00:00:00.000000000,1098,245.72,481.59982,-235.87982299804688,235.87982299804688
2018-07-22T00:00:00.000000000,1098,363.94,456.60568,-92.66568237304688,92.66568237304688
2018-07-23T00:00:00.000000000,1098,151.23999999999998,288.0482,-136.8081872558594,136.8081872558594
2018-07-24T00:00:00.000000000,1098,339.39,298.07245,41.317551269531236,41.317551269531236
2018-07-25T00:00:00.000000000,1098,540.78,413.08316,127.69683959960935,127.69683959960935
2018-07-26T00:00:00.000000000,1098,340.11,428.48373,-88.37373413085936,88.37373413085936
2018-07-27T00:00:00.000000000,1098,294.69,435.82678,-141.1367822265625,141.1367822265625
2018-07-28T00:00:00.000000000,1098,513.74,389.00357,124.73642944335938,124.73642944335938
2018-07-29T00:00:00.000000000,1098,429.96,266.48807,163.47193237304685,163.47193237304685
2018-07-30T00:00:00.000000000,1098,280.14,341.69064,-61.55064331054689,61.55064331054689
2018-07-31T00:00:00.000000000,1098,376.95,455.36075,-78.41074829101564,78.41074829101564
2018-08-01T00:00:00.000000000,1098,380.53,427.14365,-46.6136462402344,46.6136462402344
2018-08-02T00:00:00.000000000,1098,371.96,435.6108,-63.650809326171895,63.650809326171895
2018-08-03T00:00:00.000000000,1098,455.4,400.62823,54.77176513671873,54.77176513671873
2018-08-04T00:00:00.000000000,1098,418.49,337.01987,81.47013305664063,81.47013305664063
2018-08-05T00:00:00.000000000,1098,373.96,299.11105,74.8489465332031,74.8489465332031
2018-08-06T00:00:00.000000000,1098,452.44,323.381,129.05898803710937,129.05898803710937
2018-08-07T00:00:00.000000000,1098,219.17,407.15567,-187.98567016601564,187.98567016601564
2018-08-08T00:00:00.000000000,1098,309.47,425.5829,-116.11288574218747,116.11288574218747
2018-08-09T00:00:00.000000000,1098,321.0,345.2957,-24.295684814453125,24.295684814453125
2018-08-10T00:00:00.000000000,1098,591.6479999999998,310.93307,280.7149250488279,280.7149250488279
2018-08-11T00:00:00.000000000,1098,470.07,434.0591,36.01088745117187,36.01088745117187
2018-08-12T00:00:00.000000000,1098,344.37999999999994,407.16736,-62.78735839843756,62.78735839843756
2018-08-13T00:00:00.000000000,1098,357.38,419.73355,-62.35355102539063,62.35355102539063
2018-08-14T00:00:00.000000000,1098,79.05,343.72113,-264.67113037109374,264.67113037109374
2018-08-15T00:00:00.000000000,1098,143.01,306.12817,-163.118173828125,163.118173828125
2018-08-16T00:00:00.000000000,1098,34.64,419.4013,-384.76130615234376,384.76130615234376
2018-08-17T00:00:00.000000000,1098,386.66,361.52567,25.1343347167969,25.1343347167969
2018-08-18T00:00:00.000000000,1098,468.78,428.56393,40.2160656738281,40.2160656738281
2018-08-19T00:00:00.000000000,1098,549.73,451.57986,98.1501354980469,98.1501354980469
2018-08-20T00:00:00.000000000,1098,81.29999999999998,429.8766,-348.57658691406255,348.57658691406255
2018-08-21T00:00:00.000000000,1098,404.61,265.0213,139.58869873046876,139.58869873046876
2018-08-22T00:00:00.000000000,1098,591.6479999999998,373.95486,217.69313549804667,217.69313549804667
2018-08-23T00:00:00.000000000,1098,293.22,487.4663,-194.24630859374997,194.24630859374997
2018-08-24T00:00:00.000000000,1098,334.7,429.6854,-94.98539428710939,94.98539428710939
2018-08-25T00:00:00.000000000,1098,392.49,481.279,-88.78899169921874,88.78899169921874
2018-08-26T00:00:00.000000000,1098,534.22,428.97818,105.2418200683594,105.2418200683594
2018-08-27T00:00:00.000000000,1098,589.9300000000001,314.7834,275.1466137695313,275.1466137695313
2018-08-28T00:00:00.000000000,1098,325.57,324.803,0.7669909667968682,0.7669909667968682
2018-08-29T00:00:00.000000000,1098,507.7,295.51657,212.1834289550781,212.1834289550781
2018-08-30T00:00:00.000000000,1098,431.7000000000001,296.67352,135.02647705078135,135.02647705078135
2018-08-31T00:00:00.000000000,1098,311.32,416.81638,-105.49637573242188,105.49637573242188
2018-09-01T00:00:00.000000000,1098,353.73,371.32925,-17.599254150390607,17.599254150390607
2018-09-02T00:00:00.000000000,1098,591.6479999999998,329.0951,262.5529072265623,262.5529072265623
2018-09-03T00:00:00.000000000,1098,282.41,334.46854,-52.0585363769531,52.0585363769531
2018-09-04T00:00:00.000000000,1098,456.76,445.65155,11.108449707031241,11.108449707031241
2018-09-05T00:00:00.000000000,1098,249.45999999999998,443.62686,-194.16686157226565,194.16686157226565
2018-09-06T00:00:00.000000000,1098,404.55,259.96304,144.5869567871094,144.5869567871094
2018-09-07T00:00:00.000000000,1098,591.6479999999998,422.09787,169.55013012695292,169.55013012695292
2018-09-08T00:00:00.000000000,1098,329.69,461.14236,-131.45236450195313,131.45236450195313
2018-09-09T00:00:00.000000000,1098,427.64,427.8151,-0.17509399414063864,0.17509399414063864
2018-09-10T00:00:00.000000000,1098,51.22999999999999,420.43344,-369.20344116210936,369.20344116210936
2018-09-11T00:00:00.000000000,1098,184.84,326.88718,-142.04717651367187,142.04717651367187
2018-09-12T00:00:00.000000000,1098,407.71,335.87375,71.8362512207031,71.8362512207031
2018-09-13T00:00:00.000000000,1098,502.97,357.92615,145.04385253906253,145.04385253906253
2018-09-14T00:00:00.000000000,1098,591.6479999999998,404.36075,187.28725170898417,187.28725170898417
2018-09-15T00:00:00.000000000,1098,222.7,446.79282,-224.0928161621094,224.0928161621094
2018-09-16T00:00:00.000000000,1098,195.78000000000003,409.58423,-213.80422851562497,213.80422851562497
2018-09-17T00:00:00.000000000,1098,305.62000000000006,294.18362,11.436375732421936,11.436375732421936
2018-09-18T00:00:00.000000000,1098,116.84,495.00168,-378.16167846679684,378.16167846679684
2018-09-19T00:00:00.000000000,1098,500.65,411.16086,89.4891418457031,89.4891418457031
2018-09-20T00:00:00.000000000,1098,526.61,432.44952,94.16047607421876,94.16047607421876
2018-09-21T00:00:00.000000000,1098,521.3399999999999,464.37576,56.96423706054679,56.96423706054679
2018-09-22T00:00:00.000000000,1098,374.82000000000005,443.212,-68.39200561523432,68.39200561523432
2018-09-23T00:00:00.000000000,1098,591.6479999999998,323.54584,268.10216259765605,268.10216259765605
2018-09-24T00:00:00.000000000,1098,207.62,284.4139,-76.79390991210937,76.79390991210937
2018-09-25T00:00:00.000000000,1098,347.84,354.55435,-6.71435180664065,6.71435180664065
2018-09-26T00:00:00.000000000,1098,452.82,413.78787,39.03212768554687,39.03212768554687
2018-09-27T00:00:00.000000000,1098,363.77,406.58572,-42.81572387695314,42.81572387695314
2018-09-28T00:00:00.000000000,1098,484.56,419.129,65.43100219726563,65.43100219726563
2018-09-29T00:00:00.000000000,1098,509.18000000000006,396.7334,112.44660156250006,112.44660156250006
2018-09-30T00:00:00.000000000,1098,444.15000000000003,332.0898,112.06018676757816,112.06018676757816
2018-10-01T00:00:00.000000000,1098,266.58,348.71658,-82.13658325195314,82.13658325195314
2018-10-02T00:00:00.000000000,1098,307.16,291.57864,15.5813562011719,15.5813562011719
2018-10-03T00:00:00.000000000,1098,591.6479999999998,362.91302,228.73497509765605,228.73497509765605
2018-10-04T00:00:00.000000000,1098,434.58,427.65045,6.929548339843734,6.929548339843734
2018-10-05T00:00:00.000000000,1098,541.82,400.0732,141.74678833007818,141.74678833007818
2018-10-06T00:00:00.000000000,1098,585.66,430.86328,154.79671874999997,154.79671874999997
2018-10-07T00:00:00.000000000,1098,591.6479999999998,430.11493,161.53307080078105,161.53307080078105
2018-10-08T00:00:00.000000000,1098,296.17,394.12326,-97.95326049804686,97.95326049804686
2018-10-09T00:00:00.000000000,1098,170.65,388.22876,-217.578759765625,217.578759765625
2018-10-10T00:00:00.000000000,1098,506.69000000000005,356.02856,150.66143554687505,150.66143554687505
2018-10-11T00:00:00.000000000,1098,460.82,391.33124,69.48876220703124,69.48876220703124
2018-10-12T00:00:00.000000000,1098,499.3,409.27777,90.02222900390626,90.02222900390626
2018-10-13T00:00:00.000000000,1098,502.47,406.76068,95.70931884765628,95.70931884765628
2018-10-14T00:00:00.000000000,1098,381.21,409.0311,-27.821097412109395,27.821097412109395
2018-10-15T00:00:00.000000000,1098,181.74,396.9961,-215.25609375,215.25609375
2018-10-16T00:00:00.000000000,1098,62.05,322.0127,-259.9626953125,259.9626953125
2018-10-17T00:00:00.000000000,1098,221.44,385.3426,-163.90259033203125,163.90259033203125
2018-10-18T00:00:00.000000000,1098,591.6479999999998,443.1131,148.53490185546855,148.53490185546855
2018-10-19T00:00:00.000000000,1098,591.6479999999998,442.2784,149.36958813476542,149.36958813476542
2018-10-20T00:00:00.000000000,1098,591.6479999999998,490.6998,100.94820141601542,100.94820141601542
2018-10-21T00:00:00.000000000,1098,591.6479999999998,504.3018,87.34621166992167,87.34621166992167
2018-10-22T00:00:00.000000000,1098,229.42,346.32428,-116.90427978515626,116.90427978515626
2018-10-23T00:00:00.000000000,1098,122.24,281.36703,-159.12703491210937,159.12703491210937
2018-10-24T00:00:00.000000000,1098,464.12,396.98853,67.131474609375,67.131474609375
2018-10-25T00:00:00.000000000,1098,591.6479999999998,461.88647,129.7615253906248,129.7615253906248
2018-10-26T00:00:00.000000000,1098,518.73,462.22037,56.50963256835939,56.50963256835939
2018-10-27T00:00:00.000000000,1098,529.63,492.52383,37.10616577148437,37.10616577148437
2018-10-28T00:00:00.000000000,1098,591.6479999999998,505.47064,86.17735791015605,86.17735791015605
2018-10-29T00:00:00.000000000,1098,185.75000000000003,331.04245,-145.29244995117185,145.29244995117185
2018-10-30T00:00:00.000000000,1098,74.25999999999999,260.09363,-185.8336279296875,185.8336279296875
2018-10-31T00:00:00.000000000,1098,591.6479999999998,435.25964,156.3883564453123,156.3883564453123
2018-11-01T00:00:00.000000000,1098,414.27,472.69873,-58.42873046875002,58.42873046875002
2018-11-02T00:00:00.000000000,1098,425.68,406.37048,19.309516601562507,19.309516601562507
2018-11-03T00:00:00.000000000,1098,525.98,440.32745,85.65254638671877,85.65254638671877
2018-11-04T00:00:00.000000000,1098,591.6479999999998,467.6777,123.97029614257792,123.97029614257792
2018-11-05T00:00:00.000000000,1098,108.96,370.57834,-261.6183386230469,261.6183386230469
2018-11-06T00:00:00.000000000,1098,171.26999999999998,263.55,-92.27998779296877,92.27998779296877
2018-11-07T00:00:00.000000000,1098,591.6479999999998,456.9309,134.7170917968748,134.7170917968748
2018-11-08T00:00:00.000000000,1098,29.56999999999998,514.0309,-484.4608837890625,484.4608837890625
2018-11-09T00:00:00.000000000,1098,484.16,430.61533,53.54467407226565,53.54467407226565
2018-11-10T00:00:00.000000000,1098,335.71000000000004,466.76056,-131.0505590820312,131.0505590820312
2018-11-11T00:00:00.000000000,1098,335.41,439.44644,-104.0364416503906,104.0364416503906
2018-11-12T00:00:00.000000000,1098,220.28,302.95276,-82.6727587890625,82.6727587890625
2018-11-13T00:00:00.000000000,1098,591.6479999999998,342.00293,249.6450703124998,249.6450703124998
2018-11-14T00:00:00.000000000,1098,560.05,473.22543,86.82456665039058,86.82456665039058
2018-11-15T00:00:00.000000000,1098,502.74999999999994,422.4283,80.32168579101557,80.32168579101557
2018-11-16T00:00:00.000000000,1098,464.4,449.76532,14.634680175781227,14.634680175781227
2018-11-17T00:00:00.000000000,1098,469.44,411.2907,58.14928955078125,58.14928955078125
2018-11-18T00:00:00.000000000,1098,276.54,310.37897,-33.83896728515623,33.83896728515623
2018-11-19T00:00:00.000000000,1098,212.04,381.59207,-169.55207153320313,169.55207153320313
2018-11-20T00:00:00.000000000,1098,293.67,427.85178,-134.18177612304686,134.18177612304686
2018-11-21T00:00:00.000000000,1098,259.85,411.28812,-151.4381164550781,151.4381164550781
2018-11-22T00:00:00.000000000,1098,404.16,393.1968,10.9631921386719,10.9631921386719
2018-11-23T00:00:00.000000000,1098,591.6479999999998,364.62265,227.02534985351542,227.02534985351542
2018-11-24T00:00:00.000000000,1098,255.75999999999996,340.79114,-85.03113769531254,85.03113769531254
2018-11-25T00:00:00.000000000,1098,276.71,364.6249,-87.91490844726565,87.91490844726565
2018-11-26T00:00:00.000000000,1098,326.44,369.8843,-43.44430786132813,43.44430786132813
2018-11-27T00:00:00.000000000,1098,591.6479999999998,371.75137,219.89662670898417,219.89662670898417
2018-11-28T00:00:00.000000000,1098,591.6479999999998,425.86966,165.77834057617167,165.77834057617167
2018-11-29T00:00:00.000000000,1098,497.43000000000006,444.77878,52.65122192382819,52.65122192382819
2018-11-30T00:00:00.000000000,1098,577.16,407.65106,169.50893798828122,169.50893798828122
2018-12-01T00:00:00.000000000,1098,542.05,380.71002,161.3399780273437,161.3399780273437
2018-12-02T00:00:00.000000000,1098,503.15,337.946,165.2039855957031,165.2039855957031
2018-12-03T00:00:00.000000000,1098,288.22,349.00928,-60.78927734374997,60.78927734374997
2018-12-04T00:00:00.000000000,1098,352.6,401.93304,-49.33304443359373,49.33304443359373
2018-12-05T00:00:00.000000000,1098,355.55,429.47357,-73.92357177734374,73.92357177734374
2018-12-06T00:00:00.000000000,1098,487.73,418.3577,69.3723034667969,69.3723034667969
2018-12-07T00:00:00.000000000,1098,491.2,424.27542,66.92457885742186,66.92457885742186
2018-12-08T00:00:00.000000000,1098,559.27,398.97128,160.2987170410156,160.2987170410156
2018-12-09T00:00:00.000000000,1098,293.55,341.66302,-48.11302490234374,48.11302490234374
2018-12-10T00:00:00.000000000,1098,208.58999999999997,339.65475,-131.0647546386719,131.0647546386719
2018-12-11T00:00:00.000000000,1098,177.76999999999998,387.1127,-209.34270141601564,209.34270141601564
2018-12-12T00:00:00.000000000,1098,591.6479999999998,421.29788,170.35011791992167,170.35011791992167
2018-12-13T00:00:00.000000000,1098,323.55,419.7268,-96.17680664062499,96.17680664062499
2018-12-14T00:00:00.000000000,1098,591.6479999999998,392.56458,199.0834248046873,199.0834248046873
2018-12-15T00:00:00.000000000,1098,591.6479999999998,426.32034,165.32765698242167,165.32765698242167
2018-12-16T00:00:00.000000000,1098,591.6479999999998,397.27823,194.36977124023417,194.36977124023417
2018-12-17T00:00:00.000000000,1098,101.85,382.85187,-281.0018676757812,281.0018676757812
2018-12-18T00:00:00.000000000,1098,142.37,363.58926,-221.21926391601562,221.21926391601562
2018-12-19T00:00:00.000000000,1098,383.2300000000001,418.1998,-34.9697985839843,34.9697985839843
2018-12-20T00:00:00.000000000,1098,525.79,427.73016,98.05983642578121,98.05983642578121
2018-12-21T00:00:00.000000000,1098,546.12,461.7219,84.39810668945313,84.39810668945313
2018-12-22T00:00:00.000000000,1098,452.52,455.62466,-3.104664306640643,3.104664306640643
2018-12-23T00:00:00.000000000,1098,575.33,333.4178,241.9122143554688,241.9122143554688
2018-12-24T00:00:00.000000000,1098,213.37,300.24576,-86.87575805664062,86.87575805664062
2018-12-25T00:00:00.000000000,1098,414.77,384.06342,30.706584472656232,30.706584472656232
2018-12-26T00:00:00.000000000,1098,563.87,420.478,143.39200317382813,143.39200317382813
2018-12-27T00:00:00.000000000,1098,436.26,427.08557,9.174428710937491,9.174428710937491
2018-12-28T00:00:00.000000000,1098,358.42,448.97955,-90.55955322265623,90.55955322265623
2018-12-29T00:00:00.000000000,1098,375.63000000000005,392.9484,-17.318394775390573,17.318394775390573
2018-12-30T00:00:00.000000000,1098,470.47,281.2575,189.21249267578128,189.21249267578128
2018-12-31T00:00:00.000000000,1098,214.1,377.95468,-163.85468139648438,163.85468139648438
2019-01-01T00:00:00.000000000,1098,133.54000000000002,386.2863,-252.7462854003906,252.7462854003906
2019-01-02T00:00:00.000000000,1098,138.68,344.87955,-206.19954711914062,206.19954711914062
2019-01-03T00:00:00.000000000,1098,407.5,353.39642,54.10357666015625,54.10357666015625
2019-01-04T00:00:00.000000000,1098,402.31,423.06018,-20.750180664062498,20.750180664062498
2019-01-05T00:00:00.000000000,1098,426.84,498.41306,-71.5730554199219,71.5730554199219
2019-01-06T00:00:00.000000000,1098,411.7,510.55887,-98.85886840820314,98.85886840820314
2019-01-07T00:00:00.000000000,1098,591.6479999999998,345.08536,246.56264233398417,246.56264233398417
2019-01-08T00:00:00.000000000,1098,354.93,361.86353,-6.933525390624993,6.933525390624993
2019-01-09T00:00:00.000000000,1098,171.0,334.76016,-163.76016235351562,163.76016235351562
2019-01-10T00:00:00.000000000,1098,436.0,472.16202,-36.162017822265625,36.162017822265625
2019-01-11T00:00:00.000000000,1098,444.9,489.64163,-44.74163208007815,44.74163208007815
2019-01-12T00:00:00.000000000,1098,412.48,463.85062,-51.37061645507811,51.37061645507811
2019-01-13T00:00:00.000000000,1098,591.6479999999998,511.37033,80.27766918945292,80.27766918945292
2019-01-14T00:00:00.000000000,1098,448.87,481.4634,-32.59340942382812,32.59340942382812
2019-01-15T00:00:00.000000000,1098,279.70000000000005,328.6867,-48.986706542968705,48.986706542968705
2019-01-16T00:00:00.000000000,1098,320.45,263.10248,57.34752197265624,57.34752197265624
2019-01-17T00:00:00.000000000,1098,142.74,300.89212,-158.15212036132812,158.15212036132812
2019-01-18T00:00:00.000000000,1098,591.6479999999998,364.62646,227.0215351562498,227.0215351562498
2019-01-19T00:00:00.000000000,1098,591.6479999999998,507.508,84.14000439453105,84.14000439453105
2019-01-20T00:00:00.000000000,1098,495.5700000000001,464.97504,30.594963378906357,30.594963378906357
2019-01-21T00:00:00.000000000,1098,427.43,546.43024,-119.00023681640624,119.00023681640624
2019-01-22T00:00:00.000000000,1098,63.27,266.5001,-203.23009155273436,203.23009155273436
2019-01-23T00:00:00.000000000,1098,274.39,242.22414,32.165863647460924,32.165863647460924
2019-01-24T00:00:00.000000000,1098,491.02,306.67047,184.34952880859373,184.34952880859373
2019-01-25T00:00:00.000000000,1098,495.9200000000001,483.51114,12.408861083984448,12.408861083984448
2019-01-26T00:00:00.000000000,1098,591.6479999999998,461.1119,130.53609204101542,130.53609204101542
2019-01-27T00:00:00.000000000,1098,591.6479999999998,554.9908,36.65721630859355,36.65721630859355
2019-01-28T00:00:00.000000000,1098,591.6479999999998,375.71646,215.93153881835917,215.93153881835917
2019-01-29T00:00:00.000000000,1098,364.27,244.274,119.99599792480467,119.99599792480467
2019-01-30T00:00:00.000000000,1098,265.27,222.271,42.99900390624998,42.99900390624998
2019-01-31T00:00:00.000000000,1098,559.6,417.67358,141.92641601562502,141.92641601562502
2019-02-01T00:00:00.000000000,1098,380.81,517.87805,-137.0680517578125,137.0680517578125
2019-02-02T00:00:00.000000000,1098,367.3500000000001,465.46237,-98.1123718261718,98.1123718261718
2019-02-03T00:00:00.000000000,1098,591.6479999999998,559.007,32.64098095703105,32.64098095703105
2019-02-04T00:00:00.000000000,1098,591.6479999999998,473.57144,118.07655834960917,118.07655834960917
2019-02-05T00:00:00.000000000,1098,346.93,337.30527,9.624732666015632,9.624732666015632
2019-02-06T00:00:00.000000000,1098,381.51,245.32254,136.18745971679687,136.18745971679687
2019-02-07T00:00:00.000000000,1098,512.15,341.24277,170.9072326660156,170.9072326660156
2019-02-08T00:00:00.000000000,1098,468.03,521.8742,-53.84420654296878,53.84420654296878
2019-02-09T00:00:00.000000000,1098,474.29,446.8495,27.44051269531252,27.44051269531252
2019-02-10T00:00:00.000000000,1098,374.94,437.85187,-62.91186767578125,62.91186767578125
2019-02-11T00:00:00.000000000,1098,591.6479999999998,403.08197,188.56602978515605,188.56602978515605
2019-02-12T00:00:00.000000000,1098,341.5899999999999,347.88928,-6.299282226562582,6.299282226562582
2019-02-13T00:00:00.000000000,1098,178.57,280.89636,-102.3263623046875,102.3263623046875
2019-02-14T00:00:00.000000000,1098,425.71,390.89444,34.815560302734355,34.815560302734355
2019-02-15T00:00:00.000000000,1098,562.65,406.7141,155.93588867187498,155.93588867187498
2019-02-16T00:00:00.000000000,1098,348.46000000000004,432.0296,-83.56960205078121,83.56960205078121
2019-02-17T00:00:00.000000000,1098,507.34999999999997,440.1851,67.16491088867184,67.16491088867184
2019-02-18T00:00:00.000000000,1098,350.78,363.27182,-12.491820068359402,12.491820068359402
2019-02-19T00:00:00.000000000,1098,163.34,433.38385,-270.0438500976562,270.0438500976562
2019-02-20T00:00:00.000000000,1098,388.38000000000005,434.9618,-46.58179199218745,46.58179199218745
2019-02-21T00:00:00.000000000,1098,444.74,431.9571,12.782907714843759,12.782907714843759
2019-02-22T00:00:00.000000000,1098,591.6479999999998,448.48752,143.16048168945292,143.16048168945292
2019-02-23T00:00:00.000000000,1098,124.09,497.14154,-373.0515405273437,373.0515405273437
2019-02-24T00:00:00.000000000,1098,591.6479999999998,290.29337,301.3546345214842,301.3546345214842
2019-02-25T00:00:00.000000000,1098,155.05999999999997,274.5076,-119.44759887695315,119.44759887695315
2019-02-26T00:00:00.000000000,1098,380.44000000000005,431.4785,-51.03848510742182,51.03848510742182
2019-02-27T00:00:00.000000000,1098,591.6479999999998,426.72543,164.92256665039042,164.92256665039042
2019-02-28T00:00:00.000000000,1098,455.65,535.19366,-79.54366455078127,79.54366455078127
2019-03-01T00:00:00.000000000,1098,457.27,507.6229,-50.35289428710939,50.35289428710939
2019-03-02T00:00:00.000000000,1098,212.83,228.85625,-16.026246948242175,16.026246948242175
2019-03-03T00:00:00.000000000,1098,591.6479999999998,316.06146,275.58653759765605,275.58653759765605
2019-03-04T00:00:00.000000000,1098,532.8,546.24695,-13.446948242187545,13.446948242187545
2019-03-05T00:00:00.000000000,1098,316.83,446.3947,-129.56471435546877,129.56471435546877
2019-03-06T00:00:00.000000000,1098,266.97,506.90796,-239.93795898437497,239.93795898437497
2019-03-07T00:00:00.000000000,1098,425.60999999999996,462.61444,-37.00444091796879,37.00444091796879
2019-03-08T00:00:00.000000000,1098,360.21,300.35135,59.858651123046855,59.858651123046855
2019-03-09T00:00:00.000000000,1098,591.6479999999998,307.15005,284.4979450683592,284.4979450683592
2019-03-10T00:00:00.000000000,1098,415.18000000000006,459.98004,-44.800041503906186,44.800041503906186
2019-03-11T00:00:00.000000000,1098,591.6479999999998,439.81476,151.83324169921855,151.83324169921855
2019-03-12T00:00:00.000000000,1098,446.7,428.51343,18.18657226562499,18.18657226562499
2019-03-13T00:00:00.000000000,1098,391.29,324.36453,66.9254675292969,66.9254675292969
2019-03-14T00:00:00.000000000,1098,591.6479999999998,286.8445,304.8034870605467,304.8034870605467
2019-03-15T00:00:00.000000000,1098,182.41000000000003,411.7724,-229.36239990234372,229.36239990234372
2019-03-16T00:00:00.000000000,1098,137.01,414.97137,-277.96137451171876,277.96137451171876
2019-03-17T00:00:00.000000000,1098,158.09,424.8686,-266.7785913085937,266.7785913085937
2019-03-18T00:00:00.000000000,1098,117.06,377.99374,-260.9337438964844,260.9337438964844
2019-03-19T00:00:00.000000000,1098,182.53,378.74622,-196.2162158203125,196.2162158203125
2019-03-20T00:00:00.000000000,1098,213.14,388.95374,-175.8137353515625,175.8137353515625
2019-03-21T00:00:00.000000000,1098,181.87,417.84595,-235.975947265625,235.975947265625
2019-03-22T00:00:00.000000000,1098,167.62,373.3539,-205.73391235351562,205.73391235351562
2019-03-23T00:00:00.000000000,1098,163.27,267.8806,-104.61061523437499,104.61061523437499
2019-03-24T00:00:00.000000000,1098,205.07,353.89038,-148.820380859375,148.820380859375
2019-03-25T00:00:00.000000000,1098,256.34000000000003,459.1149,-202.7748986816406,202.7748986816406
2019-03-26T00:00:00.000000000,1098,162.33,493.4737,-331.1436938476562,331.1436938476562
2019-03-27T00:00:00.000000000,1098,307.78,423.85724,-116.07723876953128,116.07723876953128
2019-03-28T00:00:00.000000000,1098,179.26999999999998,499.06274,-319.792744140625,319.792744140625
2019-03-29T00:00:00.000000000,1098,222.48999999999998,351.74283,-129.25282836914064,129.25282836914064
2019-03-30T00:00:00.000000000,1098,144.70000000000002,242.2041,-97.50410156249998,97.50410156249998
2019-03-31T00:00:00.000000000,1098,260.55,267.57062,-7.020617675781239,7.020617675781239
2019-04-01T00:00:00.000000000,1098,3.0416,439.16693,-436.12533115234373,436.12533115234373
2019-04-02T00:00:00.000000000,1098,210.24999999999997,381.49774,-171.24774169921878,171.24774169921878
2019-04-03T00:00:00.000000000,1098,212.15,435.49152,-223.34151611328124,223.34151611328124
2019-04-04T00:00:00.000000000,1098,591.6479999999998,332.84708,258.8009235839842,258.8009235839842
2019-04-05T00:00:00.000000000,1098,420.24,259.44046,160.79953979492188,160.79953979492188
2019-04-06T00:00:00.000000000,1098,494.65,273.51944,221.13056030273435,221.13056030273435
2019-04-07T00:00:00.000000000,1098,406.63,374.8902,31.739802246093745,31.739802246093745
2019-04-08T00:00:00.000000000,1098,519.07,399.23834,119.8316577148438,119.8316577148438
2019-04-09T00:00:00.000000000,1098,175.07000000000002,323.72626,-148.65625732421873,148.65625732421873
2019-04-10T00:00:00.000000000,1098,72.41,389.10693,-316.69693359375003,316.69693359375003
2019-04-11T00:00:00.000000000,1098,409.18,281.3045,127.87549560546876,127.87549560546876
2019-04-12T00:00:00.000000000,1098,489.05,326.94986,162.1001403808594,162.1001403808594
2019-04-13T00:00:00.000000000,1098,568.75,396.48767,172.2623291015625,172.2623291015625
2019-04-14T00:00:00.000000000,1098,559.13,456.6265,102.50350463867187,102.50350463867187
2019-04-15T00:00:00.000000000,1098,591.6479999999998,460.7861,130.86189770507792,130.86189770507792
2019-04-16T00:00:00.000000000,1098,287.91,347.3005,-59.39050659179685,59.39050659179685
2019-04-17T00:00:00.000000000,1098,137.26,265.26617,-128.00617431640626,128.00617431640626
2019-04-18T00:00:00.000000000,1098,591.6479999999998,300.4523,291.1956989746092,291.1956989746092
2019-04-19T00:00:00.000000000,1098,424.49,560.7237,-136.23369384765624,136.23369384765624
2019-04-20T00:00:00.000000000,1098,466.23,451.12704,15.102955322265643,15.102955322265643
2019-04-21T00:00:00.000000000,1098,432.97,478.26712,-45.2971203613281,45.2971203613281
2019-04-22T00:00:00.000000000,1098,591.6479999999998,492.23657,99.4114277343748,99.4114277343748
2019-04-23T00:00:00.000000000,1098,441.71,407.71637,33.99363037109373,33.99363037109373
2019-04-24T00:00:00.000000000,1098,55.12,268.0863,-212.9663037109375,212.9663037109375
2019-04-25T00:00:00.000000000,1098,414.89,264.5739,150.31608642578124,150.31608642578124
2019-04-26T00:00:00.000000000,1098,492.42,533.4229,-41.002912597656234,41.002912597656234
2019-04-27T00:00:00.000000000,1098,573.49,453.49112,119.99888061523438,119.99888061523438
2019-04-28T00:00:00.000000000,1098,485.81,477.60693,8.203066406250002,8.203066406250002
2019-04-29T00:00:00.000000000,1098,446.51,512.074,-65.56397460937501,65.56397460937501
2019-04-30T00:00:00.000000000,1098,182.66,292.02576,-109.3657568359375,109.3657568359375
2019-05-01T00:00:00.000000000,1098,227.67,261.4028,-33.73280151367189,33.73280151367189
2019-05-02T00:00:00.000000000,1098,408.40999999999997,323.37204,85.0379602050781,85.0379602050781
2019-05-03T00:00:00.000000000,1098,520.38,485.1723,35.207697753906245,35.207697753906245
2019-05-04T00:00:00.000000000,1098,591.6479999999998,454.9634,136.68459057617167,136.68459057617167
2019-05-05T00:00:00.000000000,1098,521.98,460.67877,61.30122802734377,61.30122802734377
2019-05-06T00:00:00.000000000,1098,516.7,546.0604,-29.360424804687455,29.360424804687455
2019-05-07T00:00:00.000000000,1098,307.5800000000001,323.85965,-16.279649658203027,16.279649658203027
2019-05-08T00:00:00.000000000,1098,333.21000000000004,253.57259,79.63741394042972,79.63741394042972
2019-05-09T00:00:00.000000000,1098,561.56,442.01288,119.5471215820312,119.5471215820312
2019-05-10T00:00:00.000000000,1098,554.09,452.78,101.31000122070316,101.31000122070316
2019-05-11T00:00:00.000000000,1098,591.6479999999998,471.89783,119.7501728515623,119.7501728515623
2019-05-12T00:00:00.000000000,1098,345.82,458.75378,-112.9337841796875,112.9337841796875
2019-05-13T00:00:00.000000000,1098,591.6479999999998,331.06042,260.5875751953123,260.5875751953123
2019-05-14T00:00:00.000000000,1098,259.48,301.7799,-42.29990722656248,42.29990722656248
2019-05-15T00:00:00.000000000,1098,374.18,310.51227,63.66773193359376,63.66773193359376
2019-05-16T00:00:00.000000000,1098,373.02,469.79877,-96.77876708984377,96.77876708984377
2019-05-17T00:00:00.000000000,1098,351.74,411.3879,-59.647908935546866,59.647908935546866
2019-05-18T00:00:00.000000000,1098,328.6,406.20575,-77.60574951171873,77.60574951171873
2019-05-19T00:00:00.000000000,1098,467.57,434.62555,32.94445068359374,32.94445068359374
2019-05-20T00:00:00.000000000,1098,574.0799999999999,358.2439,215.83610351562493,215.83610351562493
2019-05-21T00:00:00.000000000,1098,308.44,341.19156,-32.75155883789063,32.75155883789063
2019-05-22T00:00:00.000000000,1098,564.07,332.3349,231.7351000976563,231.7351000976563
2019-05-23T00:00:00.000000000,1098,258.61,353.64917,-95.03916992187499,95.03916992187499
2019-05-24T00:00:00.000000000,1098,255.99,349.3267,-93.33669067382812,93.33669067382812
2019-05-25T00:00:00.000000000,1098,386.5,460.63742,-74.13742065429688,74.13742065429688
2019-05-26T00:00:00.000000000,1098,591.6479999999998,470.0485,121.59950756835917,121.59950756835917
2019-05-27T00:00:00.000000000,1098,591.6479999999998,475.34634,116.30165600585917,116.30165600585917
2019-05-28T00:00:00.000000000,1098,291.62,460.35886,-168.73885620117187,168.73885620117187
2019-05-29T00:00:00.000000000,1098,238.99,451.44333,-212.45332885742187,212.45332885742187
2019-05-30T00:00:00.000000000,1098,140.7,243.58208,-102.8820770263672,102.8820770263672
2019-05-31T00:00:00.000000000,1098,568.49,352.59875,215.8912451171875,215.8912451171875
2019-06-01T00:00:00.000000000,1098,105.02,482.48087,-377.46086547851564,377.46086547851564
2019-06-02T00:00:00.000000000,1098,85.49,383.47763,-297.98763061523437,297.98763061523437
2019-06-03T00:00:00.000000000,1098,300.01,381.51498,-81.50498413085938,81.50498413085938
2019-06-04T00:00:00.000000000,1098,237.27000000000004,428.10202,-190.83202026367184,190.83202026367184
2019-06-05T00:00:00.000000000,1098,89.57000000000001,381.6393,-292.06931274414063,292.06931274414063
2019-06-06T00:00:00.000000000,1098,271.42,265.64178,5.778215332031266,5.778215332031266
2019-06-07T00:00:00.000000000,1098,364.77,377.84714,-13.077137451171893,13.077137451171893
2019-06-08T00:00:00.000000000,1098,562.08,476.8724,85.20759399414067,85.20759399414067
2019-06-09T00:00:00.000000000,1098,388.9,449.37564,-60.47564086914065,60.47564086914065
2019-06-10T00:00:00.000000000,1098,405.86,407.87704,-2.0170446777343614,2.0170446777343614
2019-06-11T00:00:00.000000000,1098,244.71,370.4836,-125.77361206054687,125.77361206054687
2019-06-12T00:00:00.000000000,1098,534.92,320.01535,214.90464965820308,214.90464965820308
2019-06-13T00:00:00.000000000,1098,476.22,357.50952,118.71047851562503,118.71047851562503
2019-06-14T00:00:00.000000000,1098,481.68,428.04614,53.63385742187501,53.63385742187501
2019-06-15T00:00:00.000000000,1098,533.03,345.68683,187.34317138671872,187.34317138671872
2019-06-16T00:00:00.000000000,1098,299.31,289.20874,10.101259765625002,10.101259765625002
2019-06-17T00:00:00.000000000,1098,591.6479999999998,348.03693,243.61107373046855,243.61107373046855
2019-06-18T00:00:00.000000000,1098,149.57,348.93796,-199.36795776367188,199.36795776367188
2019-06-19T00:00:00.000000000,1098,322.21,269.24423,52.965767822265605,52.965767822265605
2019-06-20T00:00:00.000000000,1098,425.78,387.55728,38.22271850585935,38.22271850585935
2019-06-21T00:00:00.000000000,1098,541.76,403.05832,138.70168090820312,138.70168090820312
2019-06-22T00:00:00.000000000,1098,478.09,446.31284,31.7771643066406,31.7771643066406
2019-06-23T00:00:00.000000000,1098,466.22,428.15048,38.06951782226565,38.06951782226565
2019-06-24T00:00:00.000000000,1098,547.72,447.83337,99.88662597656253,99.88662597656253
2019-06-25T00:00:00.000000000,1098,221.92,280.88562,-58.96562011718751,58.96562011718751
2019-06-26T00:00:00.000000000,1098,28.27,298.37454,-270.10454223632814,270.10454223632814
2019-06-27T00:00:00.000000000,1098,379.43,465.3915,-85.96151000976562,85.96151000976562
2019-06-28T00:00:00.000000000,1098,591.6479999999998,528.25354,63.3944599609373,63.3944599609373
2019-06-29T00:00:00.000000000,1098,591.6479999999998,459.82526,131.82274365234355,131.82274365234355
2019-06-30T00:00:00.000000000,1098,354.21,530.1408,-175.93080810546877,175.93080810546877
2019-07-01T00:00:00.000000000,1098,591.6479999999998,543.2962,48.35179638671855,48.35179638671855
2019-07-02T00:00:00.000000000,1098,582.98,405.4647,177.51530883789064,177.51530883789064
2019-07-03T00:00:00.000000000,1098,477.35,260.35208,216.9979187011719,216.9979187011719
2019-07-04T00:00:00.000000000,1098,343.53,297.04056,46.48944213867185,46.48944213867185
2019-07-05T00:00:00.000000000,1098,350.13,491.46335,-141.33334838867188,141.33334838867188
2019-07-06T00:00:00.000000000,1098,337.66,459.7879,-122.12790283203122,122.12790283203122
2019-07-07T00:00:00.000000000,1098,428.67,440.89978,-12.229780273437484,12.229780273437484
2019-07-08T00:00:00.000000000,1098,507.26,467.9154,39.34459472656249,39.34459472656249
2019-07-09T00:00:00.000000000,1098,96.86,466.9203,-370.0602880859375,370.0602880859375
2019-07-10T00:00:00.000000000,1098,258.21,378.55618,-120.34618286132815,120.34618286132815
2019-07-11T00:00:00.000000000,1098,471.03,294.8968,176.13321044921872,176.13321044921872
2019-07-12T00:00:00.000000000,1098,581.78,341.08243,240.69757202148435,240.69757202148435
2019-07-13T00:00:00.000000000,1098,214.78,395.41794,-180.63793823242187,180.63793823242187
2019-07-14T00:00:00.000000000,1098,567.23,376.2047,191.02528808593752,191.02528808593752
2019-07-15T00:00:00.000000000,1098,591.6479999999998,416.67325,174.97475170898417,174.97475170898417
2019-07-16T00:00:00.000000000,1098,436.25,437.0218,-0.77178955078125,0.77178955078125
2019-07-17T00:00:00.000000000,1098,100.23,400.05466,-299.82465698242186,299.82465698242186
2019-07-18T00:00:00.000000000,1098,591.6479999999998,345.02853,246.61946606445292,246.61946606445292
2019-07-19T00:00:00.000000000,1098,530.2,419.60834,110.5916625976563,110.5916625976563
2019-07-20T00:00:00.000000000,1098,431.28,438.83478,-7.554777832031277,7.554777832031277
2019-07-21T00:00:00.000000000,1098,546.1600000000001,479.52167,66.63833251953133,66.63833251953133
2019-07-22T00:00:00.000000000,1098,591.6479999999998,292.96793,298.6800739746092,298.6800739746092
2019-07-23T00:00:00.000000000,1098,373.67,394.78418,-21.114179687499984,21.114179687499984
2019-07-24T00:00:00.000000000,1098,526.71,420.97916,105.73084350585941,105.73084350585941
2019-07-25T00:00:00.000000000,1098,591.6479999999998,441.86142,149.78658032226542,149.78658032226542
2019-07-26T00:00:00.000000000,1098,246.75,376.16483,-129.41482543945312,129.41482543945312
2019-07-27T00:00:00.000000000,1098,316.5799999999999,331.426,-14.845994873046948,14.845994873046948
2019-07-28T00:00:00.000000000,1098,186.81,418.2808,-231.47079223632812,231.47079223632812
2019-07-29T00:00:00.000000000,1098,181.39,353.99536,-172.605361328125,172.605361328125
2019-07-30T00:00:00.000000000,1098,184.26000000000002,387.6806,-203.42060302734373,203.42060302734373
2019-07-31T00:00:00.000000000,1098,247.34,427.09802,-179.7580224609375,179.7580224609375
2019-08-01T00:00:00.000000000,1098,311.76,427.6256,-115.86561035156251,115.86561035156251
2019-08-02T00:00:00.000000000,1098,302.05,396.18106,-94.13106079101561,94.13106079101561
2019-08-03T00:00:00.000000000,1098,165.39999999999998,452.05838,-286.65838012695315,286.65838012695315
2019-08-04T00:00:00.000000000,1098,259.31,327.4931,-68.18310302734375,68.18310302734375
2019-08-05T00:00:00.000000000,1098,188.56000000000003,323.44833,-134.88833374023434,134.88833374023434
2019-08-06T00:00:00.000000000,1098,336.52,386.27545,-49.75545166015627,49.75545166015627
2019-08-07T00:00:00.000000000,1098,210.17,452.05576,-241.8857556152344,241.8857556152344
2019-08-08T00:00:00.000000000,1098,158.9,424.3378,-265.43779907226565,265.43779907226565
2019-08-09T00:00:00.000000000,1098,245.32,429.157,-183.83701293945313,183.83701293945313
2019-08-10T00:00:00.000000000,1098,147.74,414.54373,-266.8037316894531,266.8037316894531
2019-08-11T00:00:00.000000000,1098,184.89,295.26367,-110.37367187500001,110.37367187500001
2019-08-12T00:00:00.000000000,1098,591.6479999999998,311.0102,280.63780712890605,280.63780712890605
2019-08-13T00:00:00.000000000,1098,349.5,483.13443,-133.63442993164062,133.63442993164062
2019-08-14T00:00:00.000000000,1098,291.86,444.12582,-152.26582397460936,152.26582397460936
2019-08-15T00:00:00.000000000,1098,591.6479999999998,428.7756,162.87239575195292,162.87239575195292
2019-08-16T00:00:00.000000000,1098,452.85,309.7518,143.09819946289065,143.09819946289065
2019-08-17T00:00:00.000000000,1098,549.03,359.75143,189.2785656738281,189.2785656738281
2019-08-18T00:00:00.000000000,1098,485.67,414.0174,71.65260498046877,71.65260498046877
2019-08-19T00:00:00.000000000,1098,492.46,440.88602,51.573983154296855,51.573983154296855
2019-08-20T00:00:00.000000000,1098,344.15,440.59723,-96.44722900390627,96.44722900390627
2019-08-21T00:00:00.000000000,1098,545.75,445.82083,99.92916870117188,99.92916870117188
2019-08-22T00:00:00.000000000,1098,591.6479999999998,407.18726,184.4607441406248,184.4607441406248
2019-08-23T00:00:00.000000000,1098,518.15,323.96542,194.1845764160156,194.1845764160156
2019-08-24T00:00:00.000000000,1098,483.39,280.32523,203.06477416992186,203.06477416992186
2019-08-25T00:00:00.000000000,1098,491.43,428.50162,62.92838256835938,62.92838256835938
2019-08-26T00:00:00.000000000,1098,334.46000000000004,414.94183,-80.48183349609371,80.48183349609371
2019-08-27T00:00:00.000000000,1098,249.19,377.58295,-128.39294677734375,128.39294677734375
2019-08-28T00:00:00.000000000,1098,183.74,419.2559,-235.51588989257812,235.51588989257812
2019-08-29T00:00:00.000000000,1098,581.34,381.5075,199.83249267578128,199.83249267578128
2019-08-30T00:00:00.000000000,1098,304.58000000000004,438.28854,-133.70854370117183,133.70854370117183
2019-08-31T00:00:00.000000000,1098,286.87,446.35065,-159.48064697265625,159.48064697265625
2019-09-01T00:00:00.000000000,1098,271.73,490.53217,-218.80216552734373,218.80216552734373
2019-09-02T00:00:00.000000000,1098,240.57,334.1988,-93.62879150390626,93.62879150390626
2019-09-03T00:00:00.000000000,1098,268.57,307.19873,-38.62873046875001,38.62873046875001
2019-09-04T00:00:00.000000000,1098,425.18,448.21927,-23.039268798828118,23.039268798828118
2019-09-05T00:00:00.000000000,1098,189.7,454.53732,-264.8373229980469,264.8373229980469
2019-09-06T00:00:00.000000000,1098,156.47999999999996,413.6271,-257.14710571289066,257.14710571289066
2019-09-07T00:00:00.000000000,1098,142.13,400.7274,-258.5973864746094,258.5973864746094
2019-09-08T00:00:00.000000000,1098,190.31,401.76025,-211.45025390625,211.45025390625
2019-09-09T00:00:00.000000000,1098,319.79999999999995,359.45752,-39.657519531250045,39.657519531250045
2019-09-10T00:00:00.000000000,1098,503.99,325.98938,178.0006201171875,178.0006201171875
2019-09-11T00:00:00.000000000,1098,94.83,358.95975,-264.12974731445314,264.12974731445314
2019-09-12T00:00:00.000000000,1098,210.06,386.12607,-176.06606811523437,176.06606811523437
2019-09-13T00:00:00.000000000,1098,242.02,373.89062,-131.870625,131.870625
2019-09-14T00:00:00.000000000,1098,134.07,359.268,-225.19800537109376,225.19800537109376
2019-09-15T00:00:00.000000000,1098,328.14000000000004,314.56433,13.575668945312543,13.575668945312543
2019-09-16T00:00:00.000000000,1098,245.1,387.36093,-142.26093139648438,142.26093139648438
2019-09-17T00:00:00.000000000,1098,384.14,414.88882,-30.74882446289064,30.74882446289064
2019-09-18T00:00:00.000000000,1098,129.88,426.1033,-296.22330200195313,296.22330200195313
2019-09-19T00:00:00.000000000,1098,501.71,347.9013,153.80869384765623,153.80869384765623
2019-09-20T00:00:00.000000000,1098,431.2300000000001,319.6077,111.62230346679695,111.62230346679695
2019-09-21T00:00:00.000000000,1098,444.4,353.6129,90.78708496093748,90.78708496093748
2019-09-22T00:00:00.000000000,1098,412.34,360.96753,51.372470703124975,51.372470703124975
2019-09-23T00:00:00.000000000,1098,591.6479999999998,356.2413,235.40669750976542,235.40669750976542
2019-09-24T00:00:00.000000000,1098,482.62,375.2907,107.32928955078125,107.32928955078125
2019-09-25T00:00:00.000000000,1098,274.29,371.1739,-96.88388916015623,96.88388916015623
2019-09-26T00:00:00.000000000,1098,431.69,459.50278,-27.812777099609377,27.812777099609377
2019-09-27T00:00:00.000000000,1098,591.6479999999998,410.849,180.7990009765623,180.7990009765623
2019-09-28T00:00:00.000000000,1098,591.6479999999998,298.78284,292.8651630859373,292.8651630859373
2019-09-29T00:00:00.000000000,1098,581.25,367.54364,213.70635986328125,213.70635986328125
2019-09-30T00:00:00.000000000,1098,445.4,407.8627,37.53729858398435,37.53729858398435
2019-10-01T00:00:00.000000000,1098,149.64,353.99677,-204.35676513671876,204.35676513671876
2019-10-02T00:00:00.000000000,1098,141.45,286.70374,-145.2537353515625,145.2537353515625
2019-10-03T00:00:00.000000000,1098,569.92,357.43637,212.48362915039058,212.48362915039058
2019-10-04T00:00:00.000000000,1098,591.6479999999998,386.2342,205.41380810546855,205.41380810546855
2019-10-05T00:00:00.000000000,1098,501.64,348.1194,153.520615234375,153.520615234375
2019-10-06T00:00:00.000000000,1098,401.37,386.45932,14.91067993164063,14.91067993164063
2019-10-07T00:00:00.000000000,1098,341.94,385.1361,-43.1961083984375,43.1961083984375
2019-10-08T00:00:00.000000000,1098,223.35,379.37512,-156.0251220703125,156.0251220703125
2019-10-09T00:00:00.000000000,1098,414.87999999999994,411.18454,3.6954602050780636,3.6954602050780636
2019-10-10T00:00:00.000000000,1098,272.23,421.9185,-149.6884875488281,149.6884875488281
2019-10-11T00:00:00.000000000,1098,591.6479999999998,410.10812,181.53987622070292,181.53987622070292
2019-10-12T00:00:00.000000000,1098,591.6479999999998,431.04172,160.60628247070292,160.60628247070292
2019-10-13T00:00:00.000000000,1098,486.34,446.56046,39.77954467773435,39.77954467773435
2019-10-14T00:00:00.000000000,1098,475.3,396.70975,78.59025268554689,78.59025268554689
2019-10-15T00:00:00.000000000,1098,472.85,311.59494,161.25505981445315,161.25505981445315
2019-10-16T00:00:00.000000000,1098,145.69,364.76953,-219.07953125,219.07953125
2019-10-17T00:00:00.000000000,1098,455.25999999999993,388.32156,66.93843627929681,66.93843627929681
2019-10-18T00:00:00.000000000,1098,538.43,441.956,96.4740063476562,96.4740063476562
2019-10-19T00:00:00.000000000,1098,591.6479999999998,435.54773,156.1002705078123,156.1002705078123
2019-10-20T00:00:00.000000000,1098,467.9,484.69766,-16.797662353515648,16.797662353515648
2019-10-21T00:00:00.000000000,1098,480.49,467.5978,12.892191162109384,12.892191162109384
2019-10-22T00:00:00.000000000,1098,151.67000000000002,359.74695,-208.07694824218748,208.07694824218748
2019-10-23T00:00:00.000000000,1098,92.9,264.41772,-171.517724609375,171.517724609375
2019-10-24T00:00:00.000000000,1098,591.6479999999998,450.92032,140.72768139648417,140.72768139648417
2019-10-25T00:00:00.000000000,1098,434.46,477.93784,-43.477835693359395,43.477835693359395
2019-10-26T00:00:00.000000000,1098,591.6479999999998,450.5612,141.08681225585917,141.08681225585917
2019-10-27T00:00:00.000000000,1098,591.6479999999998,532.5544,59.09361767578105,59.09361767578105
2019-10-28T00:00:00.000000000,1098,387.53,504.55133,-117.02133056640628,117.02133056640628
2019-10-29T00:00:00.000000000,1098,196.89,269.17468,-72.28468261718751,72.28468261718751
2019-10-30T00:00:00.000000000,1098,411.31,314.32254,96.98745971679688,96.98745971679688
2019-10-31T00:00:00.000000000,1098,545.01,470.11612,74.89388061523437,74.89388061523437
2017-11-11T00:00:00.000000000,1428,11.47,30.716566,-19.24656608581543,19.24656608581543
2017-11-12T00:00:00.000000000,1428,15.09,31.91014,-16.820139083862305,16.820139083862305
2017-11-13T00:00:00.000000000,1428,19.69,31.881231,-12.191231307983397,12.191231307983397
2017-11-14T00:00:00.000000000,1428,30.020000000000003,31.436195,-1.4161953735351531,1.4161953735351531
2017-11-15T00:00:00.000000000,1428,7.990000000000001,36.573402,-28.583402404785154,28.583402404785154
2017-11-16T00:00:00.000000000,1428,32.74,32.81106,-0.07106185913085739,0.07106185913085739
2017-11-17T00:00:00.000000000,1428,34.35,33.2903,1.059701538085939,1.059701538085939
2017-11-18T00:00:00.000000000,1428,24.32,32.431072,-8.111072235107422,8.111072235107422
2017-11-19T00:00:00.000000000,1428,61.52,34.816868,26.703132171630863,26.703132171630863
2017-11-20T00:00:00.000000000,1428,27.83,34.35142,-6.521421356201174,6.521421356201174
2017-11-21T00:00:00.000000000,1428,57.34,33.002636,24.337364044189457,24.337364044189457
2017-11-22T00:00:00.000000000,1428,35.15,37.51411,-2.3641105651855483,2.3641105651855483
2017-11-23T00:00:00.000000000,1428,10.140000000000002,35.2764,-25.13640151977539,25.13640151977539
2017-11-24T00:00:00.000000000,1428,64.68,32.19237,32.487628631591804,32.487628631591804
2017-11-25T00:00:00.000000000,1428,31.37,32.66906,-1.2990597534179678,1.2990597534179678
2017-11-26T00:00:00.000000000,1428,40.76,33.97119,6.788808593749998,6.788808593749998
2017-11-27T00:00:00.000000000,1428,31.410000000000004,31.574354,-0.164354171752926,0.164354171752926
2017-11-28T00:00:00.000000000,1428,20.98,27.413641,-6.433640975952148,6.433640975952148
2017-11-29T00:00:00.000000000,1428,32.04,33.072384,-1.0323838806152352,1.0323838806152352
2017-11-30T00:00:00.000000000,1428,9.84,35.635815,-25.795814666748047,25.795814666748047
2017-12-01T00:00:00.000000000,1428,23.0,33.555317,-10.555316925048828,10.555316925048828
2017-12-02T00:00:00.000000000,1428,20.96,28.920134,-7.960133590698241,7.960133590698241
2017-12-03T00:00:00.000000000,1428,20.5,29.063362,-8.563362121582031,8.563362121582031
2017-12-04T00:00:00.000000000,1428,42.79,30.945795,11.844204940795898,11.844204940795898
2017-12-05T00:00:00.000000000,1428,14.91,32.40981,-17.499809112548828,17.499809112548828
2017-12-06T00:00:00.000000000,1428,20.71,35.642605,-14.932604827880859,14.932604827880859
2017-12-07T00:00:00.000000000,1428,105.20999999999998,34.964947,70.24505325317381,70.24505325317381
2017-12-08T00:00:00.000000000,1428,4.43,37.356148,-32.92614776611328,32.92614776611328
2017-12-09T00:00:00.000000000,1428,51.760000000000005,33.755962,18.004037628173833,18.004037628173833
2017-12-11T00:00:00.000000000,1428,10.19,34.998493,-24.80849319458008,24.80849319458008
2017-12-12T00:00:00.000000000,1428,68.03,28.457687,39.572312622070314,39.572312622070314
2017-12-13T00:00:00.000000000,1428,18.05,36.489666,-18.43966598510742,18.43966598510742
2017-12-14T00:00:00.000000000,1428,13.66,36.488716,-22.82871612548828,22.82871612548828
2017-12-15T00:00:00.000000000,1428,14.26,30.866524,-16.606523742675783,16.606523742675783
2017-12-16T00:00:00.000000000,1428,46.26,28.335096,17.92490364074707,17.92490364074707
2017-12-18T00:00:00.000000000,1428,17.93,32.945362,-15.015362091064453,15.015362091064453
2017-12-19T00:00:00.000000000,1428,115.5,30.32313,85.17687034606934,85.17687034606934
2017-12-20T00:00:00.000000000,1428,16.939999999999998,38.94933,-22.009329376220705,22.009329376220705
2017-12-21T00:00:00.000000000,1428,13.41,38.199135,-24.789134826660156,24.789134826660156
2017-12-22T00:00:00.000000000,1428,7.82,34.335335,-26.51533477783203,26.51533477783203
2017-12-23T00:00:00.000000000,1428,45.95,28.530766,17.419234466552737,17.419234466552737
2017-12-24T00:00:00.000000000,1428,18.38,33.253685,-14.873684997558595,14.873684997558595
2017-12-25T00:00:00.000000000,1428,14.619999999999997,32.492012,-17.872012023925784,17.872012023925784
2017-12-26T00:00:00.000000000,1428,22.22,28.8677,-6.647700576782228,6.647700576782228
2017-12-27T00:00:00.000000000,1428,11.37,35.456028,-24.086027984619143,24.086027984619143
2017-12-28T00:00:00.000000000,1428,23.15,34.640984,-11.49098358154297,11.49098358154297
2017-12-29T00:00:00.000000000,1428,17.45,32.274193,-14.824192810058594,14.824192810058594
2017-12-30T00:00:00.000000000,1428,10.81,30.254787,-19.444787445068357,19.444787445068357
2017-12-31T00:00:00.000000000,1428,110.49,31.831272,78.65872787475585,78.65872787475585
2018-01-01T00:00:00.000000000,1428,10.66,33.395058,-22.735057678222656,22.735057678222656
2018-01-02T00:00:00.000000000,1428,12.42,29.196049,-16.776048736572264,16.776048736572264
2018-01-03T00:00:00.000000000,1428,37.9,34.059032,3.8409675598144517,3.8409675598144517
2018-01-04T00:00:00.000000000,1428,12.97,40.04989,-27.079888610839845,27.079888610839845
2018-01-05T00:00:00.000000000,1428,26.67,36.93145,-10.261449890136717,10.261449890136717
2018-01-06T00:00:00.000000000,1428,52.54,34.793545,17.74645523071289,17.74645523071289
2018-01-07T00:00:00.000000000,1428,13.5,35.86429,-22.364288330078125,22.364288330078125
2018-01-08T00:00:00.000000000,1428,3.0416,35.99174,-32.95014118041992,32.95014118041992
2018-01-09T00:00:00.000000000,1428,36.01,32.963894,3.0461061096191386,3.0461061096191386
2018-01-10T00:00:00.000000000,1428,50.61999999999999,37.05131,13.568688507080068,13.568688507080068
2018-01-11T00:00:00.000000000,1428,80.75,37.04165,43.708351135253906,43.708351135253906
2018-01-12T00:00:00.000000000,1428,11.89,39.21609,-27.32609115600586,27.32609115600586
2018-01-13T00:00:00.000000000,1428,51.31999999999999,34.17285,17.147148437499993,17.147148437499993
2018-01-14T00:00:00.000000000,1428,64.17,38.0932,26.07679931640625,26.07679931640625
2018-01-15T00:00:00.000000000,1428,18.460000000000004,36.567997,-18.10799697875976,18.10799697875976
2018-01-16T00:00:00.000000000,1428,84.31,32.31448,51.99552017211914,51.99552017211914
2018-01-17T00:00:00.000000000,1428,28.02,37.03,-9.009998779296875,9.009998779296875
2018-01-18T00:00:00.000000000,1428,28.34,36.08915,-7.749149475097656,7.749149475097656
2018-01-19T00:00:00.000000000,1428,3.0416,33.789425,-30.747824896240235,30.747824896240235
2018-01-20T00:00:00.000000000,1428,33.74,29.776316,3.963684310913088,3.963684310913088
2018-01-21T00:00:00.000000000,1428,63.09,35.345043,27.744956817626957,27.744956817626957
2018-01-22T00:00:00.000000000,1428,90.36,38.565727,51.79427276611328,51.79427276611328
2018-01-23T00:00:00.000000000,1428,25.11,37.1885,-12.078499450683594,12.078499450683594
2018-01-24T00:00:00.000000000,1428,49.08,36.772755,12.307245330810545,12.307245330810545
2018-01-25T00:00:00.000000000,1428,94.3,35.90745,58.392548370361325,58.392548370361325
2018-01-26T00:00:00.000000000,1428,18.81,36.742268,-17.93226760864258,17.93226760864258
2018-01-27T00:00:00.000000000,1428,25.07,32.571503,-7.501502685546875,7.501502685546875
2018-01-28T00:00:00.000000000,1428,9.94,36.329727,-26.389727172851565,26.389727172851565
2018-01-29T00:00:00.000000000,1428,14.88,34.276752,-19.396752471923826,19.396752471923826
2018-01-30T00:00:00.000000000,1428,56.53000000000001,31.023243,25.506757049560555,25.506757049560555
2018-01-31T00:00:00.000000000,1428,17.75,37.29677,-19.546768188476562,19.546768188476562
2018-02-01T00:00:00.000000000,1428,9.190000000000001,36.29704,-27.10703903198242,27.10703903198242
2018-02-02T00:00:00.000000000,1428,60.02,31.647766,28.372233886718753,28.372233886718753
2018-02-03T00:00:00.000000000,1428,58.24,31.052275,27.18772529602051,27.18772529602051
2018-02-04T00:00:00.000000000,1428,74.81,38.333946,36.47605377197266,36.47605377197266
2018-02-05T00:00:00.000000000,1428,16.86,39.37822,-22.518219604492188,22.518219604492188
2018-02-06T00:00:00.000000000,1428,39.15,33.536556,5.613443756103514,5.613443756103514
2018-02-07T00:00:00.000000000,1428,60.33,34.23593,26.094068603515623,26.094068603515623
2018-02-08T00:00:00.000000000,1428,55.160000000000004,34.372147,20.78785339355469,20.78785339355469
2018-02-09T00:00:00.000000000,1428,26.47,35.79206,-9.322060852050782,9.322060852050782
2018-02-10T00:00:00.000000000,1428,33.27,33.66858,-0.3985791015624969,0.3985791015624969
2018-02-11T00:00:00.000000000,1428,29.45,37.461132,-8.011132049560548,8.011132049560548
2018-02-12T00:00:00.000000000,1428,68.52,40.0551,28.46490051269531,28.46490051269531
2018-02-13T00:00:00.000000000,1428,70.19,40.772877,29.417123260498045,29.417123260498045
2018-02-14T00:00:00.000000000,1428,27.06,40.30656,-13.246560516357423,13.246560516357423
2018-02-15T00:00:00.000000000,1428,124.88,36.458,88.42199981689453,88.42199981689453
2018-02-16T00:00:00.000000000,1428,16.560000000000002,34.346226,-17.78622573852539,17.78622573852539
2018-02-17T00:00:00.000000000,1428,30.129999999999995,31.469234,-1.339234466552739,1.339234466552739
2018-02-18T00:00:00.000000000,1428,70.66,35.161907,35.498092803955075,35.498092803955075
2018-02-19T00:00:00.000000000,1428,39.71,35.88554,3.824459991455079,3.824459991455079
2018-02-20T00:00:00.000000000,1428,12.06,33.447674,-21.38767379760742,21.38767379760742
2018-02-21T00:00:00.000000000,1428,23.7,35.15816,-11.458161163330079,11.458161163330079
2018-02-22T00:00:00.000000000,1428,7.750000000000001,34.691406,-26.94140625,26.94140625
2018-02-23T00:00:00.000000000,1428,48.85,30.779858,18.070142364501955,18.070142364501955
2018-02-24T00:00:00.000000000,1428,17.790000000000003,35.859035,-18.069035491943357,18.069035491943357
2018-02-25T00:00:00.000000000,1428,6.31,40.22098,-33.91098159790039,33.91098159790039
2018-02-26T00:00:00.000000000,1428,64.68,36.349136,28.330863647460944,28.330863647460944
2018-02-27T00:00:00.000000000,1428,67.47999999999999,34.52789,32.952110748291005,32.952110748291005
2018-02-28T00:00:00.000000000,1428,20.13,36.273182,-16.143181915283204,16.143181915283204
2018-03-01T00:00:00.000000000,1428,20.4,34.102615,-13.702615356445314,13.702615356445314
2018-03-02T00:00:00.000000000,1428,36.39,29.489481,6.9005190277099615,6.9005190277099615
2018-03-03T00:00:00.000000000,1428,97.29,31.101425,66.18857482910157,66.18857482910157
2018-03-04T00:00:00.000000000,1428,11.07,37.83653,-26.76652877807617,26.76652877807617
2018-03-05T00:00:00.000000000,1428,61.900000000000006,37.943974,23.95602645874024,23.95602645874024
2018-03-06T00:00:00.000000000,1428,13.78,37.16787,-23.387869567871093,23.387869567871093
2018-03-07T00:00:00.000000000,1428,15.48,38.719883,-23.23988296508789,23.23988296508789
2018-03-08T00:00:00.000000000,1428,33.92,33.1459,0.7740992736816423,0.7740992736816423
2018-03-09T00:00:00.000000000,1428,15.239999999999998,31.606754,-16.366754302978517,16.366754302978517
2018-03-10T00:00:00.000000000,1428,24.480000000000004,28.373178,-3.89317848205566,3.89317848205566
2018-03-11T00:00:00.000000000,1428,20.25,34.020668,-13.770668029785156,13.770668029785156
2018-03-12T00:00:00.000000000,1428,9.57,36.43947,-26.869468383789062,26.869468383789062
2018-03-13T00:00:00.000000000,1428,46.74,34.03914,12.70086120605469,12.70086120605469
2018-03-14T00:00:00.000000000,1428,3.0416,36.99624,-33.95463870849609,33.95463870849609
2018-03-15T00:00:00.000000000,1428,62.06,32.20015,29.85985046386719,29.85985046386719
2018-03-16T00:00:00.000000000,1428,29.78,32.691452,-2.9114520263671864,2.9114520263671864
2018-03-17T00:00:00.000000000,1428,31.46,30.796171,0.6638288116455087,0.6638288116455087
2018-03-18T00:00:00.000000000,1428,20.280000000000005,33.615593,-13.335592956542964,13.335592956542964
2018-03-19T00:00:00.000000000,1428,35.69,33.653595,2.0364050292968727,2.0364050292968727
2018-03-20T00:00:00.000000000,1428,39.36,33.54147,5.81853042602539,5.81853042602539
2018-03-21T00:00:00.000000000,1428,25.380000000000003,36.4672,-11.087201232910154,11.087201232910154
2018-03-22T00:00:00.000000000,1428,28.88,35.83964,-6.959641571044923,6.959641571044923
2018-03-23T00:00:00.000000000,1428,28.35,35.510674,-7.160673522949217,7.160673522949217
2018-03-24T00:00:00.000000000,1428,59.53,33.092827,26.437173156738282,26.437173156738282
2018-03-25T00:00:00.000000000,1428,19.55,37.408077,-17.858077239990234,17.858077239990234
2018-03-26T00:00:00.000000000,1428,19.12,32.73756,-13.617560272216796,13.617560272216796
2018-03-27T00:00:00.000000000,1428,12.45,30.991869,-18.54186897277832,18.54186897277832
2018-03-28T00:00:00.000000000,1428,42.25,32.842697,9.407302856445312,9.407302856445312
2018-03-29T00:00:00.000000000,1428,62.199999999999996,33.945747,28.254252624511714,28.254252624511714
2018-03-30T00:00:00.000000000,1428,10.23,34.845592,-24.615592498779296,24.615592498779296
2018-03-31T00:00:00.000000000,1428,12.92,33.27422,-20.35421951293945,20.35421951293945
2018-04-01T00:00:00.000000000,1428,5.550000000000001,35.34854,-29.798541259765624,29.798541259765624
2018-04-02T00:00:00.000000000,1428,18.64,31.309278,-12.66927848815918,12.66927848815918
2018-04-03T00:00:00.000000000,1428,26.03,31.329767,-5.29976722717285,5.29976722717285
2018-04-04T00:00:00.000000000,1428,28.77,38.329613,-9.559612731933594,9.559612731933594
2018-04-05T00:00:00.000000000,1428,61.13000000000001,40.406635,20.72336471557618,20.72336471557618
2018-04-06T00:00:00.000000000,1428,28.21,37.83351,-9.623511352539062,9.623511352539062
2018-04-07T00:00:00.000000000,1428,17.72,32.41844,-14.698441772460939,14.698441772460939
2018-04-08T00:00:00.000000000,1428,63.83,35.090473,28.73952682495117,28.73952682495117
2018-04-09T00:00:00.000000000,1428,34.01,37.990494,-3.9804937744140645,3.9804937744140645
2018-04-10T00:00:00.000000000,1428,19.11,35.315083,-16.20508255004883,16.20508255004883
2018-04-11T00:00:00.000000000,1428,75.55,34.143776,41.40622406005859,41.40622406005859
2018-04-12T00:00:00.000000000,1428,29.23,37.349926,-8.119925994873046,8.119925994873046
2018-04-13T00:00:00.000000000,1428,25.970000000000002,33.4283,-7.45829895019531,7.45829895019531
2018-04-14T00:00:00.000000000,1428,73.3,31.42581,41.874190139770505,41.874190139770505
2018-04-15T00:00:00.000000000,1428,4.44,34.608734,-30.168734130859374,30.168734130859374
2018-04-16T00:00:00.000000000,1428,94.12,32.268887,61.851113433837895,61.851113433837895
2018-04-17T00:00:00.000000000,1428,89.91,34.77054,55.13946166992187,55.13946166992187
2018-04-18T00:00:00.000000000,1428,17.46,39.224194,-21.764193572998046,21.764193572998046
2018-04-19T00:00:00.000000000,1428,4.67,36.113297,-31.44329650878906,31.44329650878906
2018-04-20T00:00:00.000000000,1428,17.88,30.721172,-12.841172332763673,12.841172332763673
2018-04-21T00:00:00.000000000,1428,11.609999999999998,28.294188,-16.684187545776368,16.684187545776368
2018-04-22T00:00:00.000000000,1428,25.76,33.694706,-7.934705963134764,7.934705963134764
2018-04-23T00:00:00.000000000,1428,18.48,33.434147,-14.954146881103515,14.954146881103515
2018-04-24T00:00:00.000000000,1428,44.44,32.415424,12.02457565307617,12.02457565307617
2018-04-25T00:00:00.000000000,1428,3.69,35.52109,-31.83109146118164,31.83109146118164
2018-04-26T00:00:00.000000000,1428,57.62,32.741238,24.878762359619138,24.878762359619138
2018-04-27T00:00:00.000000000,1428,46.870000000000005,35.081284,11.788716430664067,11.788716430664067
2018-04-28T00:00:00.000000000,1428,58.28,36.765564,21.51443603515625,21.51443603515625
2018-04-29T00:00:00.000000000,1428,64.21,40.421467,23.788533172607416,23.788533172607416
2018-04-30T00:00:00.000000000,1428,43.88,38.70331,5.176691894531253,5.176691894531253
2018-05-01T00:00:00.000000000,1428,15.43,32.029636,-16.59963638305664,16.59963638305664
2018-05-02T00:00:00.000000000,1428,24.770000000000003,30.492918,-5.722918014526364,5.722918014526364
2018-05-03T00:00:00.000000000,1428,65.22999999999999,30.41925,34.81074951171874,34.81074951171874
2018-05-04T00:00:00.000000000,1428,26.03,33.03936,-7.009360046386718,7.009360046386718
2018-05-05T00:00:00.000000000,1428,20.94,33.65252,-12.712519226074217,12.712519226074217
2018-05-06T00:00:00.000000000,1428,49.11,32.808914,16.301085815429687,16.301085815429687
2018-05-07T00:00:00.000000000,1428,49.95000000000001,32.617943,17.332057189941416,17.332057189941416
2018-05-08T00:00:00.000000000,1428,61.85,34.694107,27.15589294433594,27.15589294433594
2018-05-09T00:00:00.000000000,1428,27.91,40.98773,-13.077728118896484,13.077728118896484
2018-05-10T00:00:00.000000000,1428,24.18,39.117275,-14.93727523803711,14.93727523803711
2018-05-11T00:00:00.000000000,1428,13.169999999999998,33.819286,-20.64928634643555,20.64928634643555
2018-05-12T00:00:00.000000000,1428,27.950000000000003,29.383764,-1.4337642669677706,1.4337642669677706
2018-05-13T00:00:00.000000000,1428,49.7,33.145096,16.55490417480469,16.55490417480469
2018-05-14T00:00:00.000000000,1428,9.72,35.963085,-26.243085174560548,26.243085174560548
2018-05-15T00:00:00.000000000,1428,15.58,32.269817,-16.689817352294924,16.689817352294924
2018-05-16T00:00:00.000000000,1428,22.48,35.18941,-12.709411163330078,12.709411163330078
2018-05-17T00:00:00.000000000,1428,43.2,33.9431,9.256900024414065,9.256900024414065
2018-05-18T00:00:00.000000000,1428,25.87,32.78003,-6.910029296874999,6.910029296874999
2018-05-19T00:00:00.000000000,1428,30.54,32.08064,-1.5406388854980477,1.5406388854980477
2018-05-20T00:00:00.000000000,1428,16.36,34.16088,-17.80088104248047,17.80088104248047
2018-05-21T00:00:00.000000000,1428,22.3,32.75514,-10.455138397216796,10.455138397216796
2018-05-22T00:00:00.000000000,1428,10.36,32.848873,-22.488873138427735,22.488873138427735
2018-05-23T00:00:00.000000000,1428,26.12,35.182842,-9.06284225463867,9.06284225463867
2018-05-24T00:00:00.000000000,1428,4.48,33.736156,-29.256156463623046,29.256156463623046
2018-05-25T00:00:00.000000000,1428,42.75999999999999,28.397598,14.362401733398428,14.362401733398428
2018-05-26T00:00:00.000000000,1428,65.93,29.528362,36.401637725830085,36.401637725830085
2018-05-27T00:00:00.000000000,1428,10.129999999999999,30.164982,-20.034981842041017,20.034981842041017
2018-05-28T00:00:00.000000000,1428,42.81,33.52146,9.288538513183596,9.288538513183596
2018-05-29T00:00:00.000000000,1428,32.47,32.90215,-0.43214920043945426,0.43214920043945426
2018-05-30T00:00:00.000000000,1428,24.399999999999995,36.628963,-12.22896347045899,12.22896347045899
2018-05-31T00:00:00.000000000,1428,56.89,35.746048,21.143952026367188,21.143952026367188
2018-06-01T00:00:00.000000000,1428,16.14,35.25112,-19.111121520996093,19.111121520996093
2018-06-02T00:00:00.000000000,1428,76.91000000000001,29.238089,47.671911392211925,47.671911392211925
2018-06-03T00:00:00.000000000,1428,65.69,32.84212,32.84787887573242,32.84787887573242
2018-06-04T00:00:00.000000000,1428,11.22,33.796185,-22.576184539794923,22.576184539794923
2018-06-05T00:00:00.000000000,1428,5.32,29.919807,-24.59980743408203,24.59980743408203
2018-06-06T00:00:00.000000000,1428,31.24,33.70674,-2.466741333007814,2.466741333007814
2018-06-07T00:00:00.000000000,1428,50.77,32.322952,18.44704772949219,18.44704772949219
2018-06-08T00:00:00.000000000,1428,76.1,35.019264,41.08073577880859,41.08073577880859
2018-06-09T00:00:00.000000000,1428,28.45,34.71915,-6.269150543212891,6.269150543212891
2018-06-10T00:00:00.000000000,1428,20.41,36.184105,-15.774104919433594,15.774104919433594
2018-06-11T00:00:00.000000000,1428,16.9,34.526154,-17.626153564453126,17.626153564453126
2018-06-12T00:00:00.000000000,1428,8.310000000000002,30.787462,-22.477462234497068,22.477462234497068
2018-06-13T00:00:00.000000000,1428,30.34,32.23154,-1.8915406799316408,1.8915406799316408
2018-06-14T00:00:00.000000000,1428,25.26,33.39688,-8.136881103515623,8.136881103515623
2018-06-15T00:00:00.000000000,1428,65.41,32.33422,33.07577911376953,33.07577911376953
2018-06-16T00:00:00.000000000,1428,44.970000000000006,33.269596,11.70040390014649,11.70040390014649
2018-06-17T00:00:00.000000000,1428,16.7,39.035603,-22.33560256958008,22.33560256958008
2018-06-18T00:00:00.000000000,1428,16.66,34.002266,-17.34226593017578,17.34226593017578
2018-06-20T00:00:00.000000000,1428,85.49000000000001,28.814304,56.67569564819337,56.67569564819337
2018-06-21T00:00:00.000000000,1428,30.130000000000003,35.563305,-5.433304901123044,5.433304901123044
2018-06-22T00:00:00.000000000,1428,17.63,34.092995,-16.462994689941407,16.462994689941407
2018-06-23T00:00:00.000000000,1428,41.15,31.13529,10.014709854125975,10.014709854125975
2018-06-24T00:00:00.000000000,1428,18.99,35.193024,-16.203023681640627,16.203023681640627
2018-06-25T00:00:00.000000000,1428,21.37,34.030895,-12.660895233154296,12.660895233154296
2018-06-26T00:00:00.000000000,1428,6.77,30.018805,-23.2488045501709,23.2488045501709
2018-06-27T00:00:00.000000000,1428,14.17,37.504375,-23.33437545776367,23.33437545776367
2018-06-29T00:00:00.000000000,1428,20.71,33.34929,-12.639288940429687,12.639288940429687
2018-06-30T00:00:00.000000000,1428,20.48,32.32271,-11.842708129882812,11.842708129882812
2018-07-01T00:00:00.000000000,1428,46.16,35.112816,11.047184143066403,11.047184143066403
2018-07-02T00:00:00.000000000,1428,72.22,33.898243,38.321757049560546,38.321757049560546
2018-07-03T00:00:00.000000000,1428,21.45,34.180756,-12.730755615234376,12.730755615234376
2018-07-04T00:00:00.000000000,1428,40.41,35.36069,5.049308929443356,5.049308929443356
2018-07-05T00:00:00.000000000,1428,23.51,35.038113,-11.528112640380858,11.528112640380858
2018-07-06T00:00:00.000000000,1428,43.9,32.489056,11.410944366455077,11.410944366455077
2018-07-07T00:00:00.000000000,1428,38.92,33.168625,5.751375122070314,5.751375122070314
2018-07-08T00:00:00.000000000,1428,29.71,36.16249,-6.452490844726562,6.452490844726562
2018-07-09T00:00:00.000000000,1428,58.620000000000005,35.076565,23.543435211181645,23.543435211181645
2018-07-10T00:00:00.000000000,1428,60.27,31.759228,28.510772247314456,28.510772247314456
2018-07-11T00:00:00.000000000,1428,12.520000000000001,36.659416,-24.139416198730466,24.139416198730466
2018-07-12T00:00:00.000000000,1428,21.109999999999996,32.601185,-11.491184844970707,11.491184844970707
2018-07-13T00:00:00.000000000,1428,94.48,31.397717,63.08228347778321,63.08228347778321
2018-07-14T00:00:00.000000000,1428,8.67,34.079994,-25.409994201660155,25.409994201660155
2018-07-15T00:00:00.000000000,1428,20.77,34.252773,-13.48277328491211,13.48277328491211
2018-07-16T00:00:00.000000000,1428,32.660000000000004,33.761005,-1.1010054016113244,1.1010054016113244
2018-07-17T00:00:00.000000000,1428,7.16,33.254547,-26.094547119140625,26.094547119140625
2018-07-18T00:00:00.000000000,1428,52.61,32.744667,19.865332946777343,19.865332946777343
2018-07-19T00:00:00.000000000,1428,111.3,34.107132,77.19286804199218,77.19286804199218
2018-07-20T00:00:00.000000000,1428,38.96,36.4596,2.5004014587402352,2.5004014587402352
2018-07-21T00:00:00.000000000,1428,10.81,35.370216,-24.560216369628904,24.560216369628904
2018-07-22T00:00:00.000000000,1428,21.94,35.48436,-13.544359741210936,13.544359741210936
2018-07-23T00:00:00.000000000,1428,44.1,33.258213,10.84178695678711,10.84178695678711
2018-07-24T00:00:00.000000000,1428,8.76,26.697231,-17.93723129272461,17.93723129272461
2018-07-25T00:00:00.000000000,1428,19.909999999999997,30.53715,-10.627149429321292,10.627149429321292
2018-07-26T00:00:00.000000000,1428,18.88,33.02444,-14.14444076538086,14.14444076538086
2018-07-27T00:00:00.000000000,1428,11.73,33.59285,-21.862849731445312,21.862849731445312
2018-07-28T00:00:00.000000000,1428,55.19,30.465614,24.72438568115234,24.72438568115234
2018-07-29T00:00:00.000000000,1428,37.15,38.35148,-1.2014785766601577,1.2014785766601577
2018-07-30T00:00:00.000000000,1428,19.53,37.398525,-17.86852523803711,17.86852523803711
2018-07-31T00:00:00.000000000,1428,14.22,31.104374,-16.884373931884767,16.884373931884767
2018-08-01T00:00:00.000000000,1428,97.81,33.51136,64.29863983154297,64.29863983154297
2018-08-02T00:00:00.000000000,1428,33.14,32.323357,0.8166433715820318,0.8166433715820318
2018-08-03T00:00:00.000000000,1428,13.36,31.847569,-18.48756851196289,18.48756851196289
2018-08-04T00:00:00.000000000,1428,66.19,29.105034,37.08496612548828,37.08496612548828
2018-08-05T00:00:00.000000000,1428,68.32000000000001,30.511608,37.80839187622071,37.80839187622071
2018-08-06T00:00:00.000000000,1428,23.860000000000003,35.91168,-12.051678314208981,12.051678314208981
2018-08-07T00:00:00.000000000,1428,43.0,32.44977,10.550228118896484,10.550228118896484
2018-08-08T00:00:00.000000000,1428,71.06,36.245167,34.81483322143555,34.81483322143555
2018-08-09T00:00:00.000000000,1428,54.22,37.365944,16.854056091308593,16.854056091308593
2018-08-10T00:00:00.000000000,1428,25.060000000000002,36.816944,-11.75694412231445,11.75694412231445
2018-08-11T00:00:00.000000000,1428,18.07,32.749954,-14.679954223632812,14.679954223632812
2018-08-12T00:00:00.000000000,1428,14.69,33.11428,-18.424280700683596,18.424280700683596
2018-08-13T00:00:00.000000000,1428,63.02,33.34303,29.676970977783206,29.676970977783206
2018-08-14T00:00:00.000000000,1428,28.4,32.941494,-4.541493988037111,4.541493988037111
2018-08-15T00:00:00.000000000,1428,17.27,34.917408,-17.647407989501954,17.647407989501954
2018-08-16T00:00:00.000000000,1428,38.13,33.108658,5.02134216308594,5.02134216308594
2018-08-17T00:00:00.000000000,1428,43.13,32.11656,11.013438110351565,11.013438110351565
2018-08-18T00:00:00.000000000,1428,22.97,33.571465,-10.60146453857422,10.60146453857422
2018-08-19T00:00:00.000000000,1428,6.96,36.1605,-29.200499572753905,29.200499572753905
2018-08-20T00:00:00.000000000,1428,50.05,35.780624,14.26937561035156,14.26937561035156
2018-08-21T00:00:00.000000000,1428,60.129999999999995,30.169867,29.960133438110347,29.960133438110347
2018-08-22T00:00:00.000000000,1428,61.290000000000006,33.161766,28.128233947753913,28.128233947753913
2018-08-23T00:00:00.000000000,1428,31.93,34.864853,-2.934852905273438,2.934852905273438
2018-08-24T00:00:00.000000000,1428,19.77,34.24887,-14.478870849609375,14.478870849609375
2018-08-25T00:00:00.000000000,1428,17.05,30.722443,-13.672442626953124,13.672442626953124
2018-08-26T00:00:00.000000000,1428,3.0416,32.48981,-29.448210943603517,29.448210943603517
2018-08-28T00:00:00.000000000,1428,5.9,29.422655,-23.52265510559082,23.52265510559082
2018-08-29T00:00:00.000000000,1428,19.24,26.434412,-7.194412002563478,7.194412002563478
2018-08-30T00:00:00.000000000,1428,14.1,32.907497,-18.807497406005858,18.807497406005858
2018-08-31T00:00:00.000000000,1428,58.38999999999999,32.85412,25.535881652832025,25.535881652832025
2018-09-01T00:00:00.000000000,1428,15.839999999999998,33.425606,-17.585605773925785,17.585605773925785
2018-09-02T00:00:00.000000000,1428,16.71,34.592014,-17.88201431274414,17.88201431274414
2018-09-03T00:00:00.000000000,1428,39.79,31.48817,8.301829376220702,8.301829376220702
2018-09-04T00:00:00.000000000,1428,54.19,30.169516,24.020484390258787,24.020484390258787
2018-09-05T00:00:00.000000000,1428,44.68,35.740444,8.93955581665039,8.93955581665039
2018-09-06T00:00:00.000000000,1428,16.27,38.346943,-22.07694290161133,22.07694290161133
2018-09-07T00:00:00.000000000,1428,31.89,32.906296,-1.016295776367187,1.016295776367187
2018-09-08T00:00:00.000000000,1428,15.63,32.114723,-16.484723205566404,16.484723205566404
2018-09-09T00:00:00.000000000,1428,53.28,34.438725,18.841275482177736,18.841275482177736
2018-09-10T00:00:00.000000000,1428,11.48,34.563835,-23.08383514404297,23.08383514404297
2018-09-11T00:00:00.000000000,1428,11.11,30.541632,-19.4316316986084,19.4316316986084
2018-09-12T00:00:00.000000000,1428,23.549999999999997,31.869505,-8.31950492858887,8.31950492858887
2018-09-13T00:00:00.000000000,1428,11.35,31.735739,-20.38573875427246,20.38573875427246
2018-09-14T00:00:00.000000000,1428,25.69,30.746063,-5.056063232421874,5.056063232421874
2018-09-15T00:00:00.000000000,1428,34.15,31.665651,2.4843486785888658,2.4843486785888658
2018-09-16T00:00:00.000000000,1428,22.96,37.23344,-14.273440399169921,14.273440399169921
2018-09-17T00:00:00.000000000,1428,28.309999999999995,35.592987,-7.28298706054688,7.28298706054688
2018-09-18T00:00:00.000000000,1428,16.57,31.234692,-14.664691619873047,14.664691619873047
2018-09-19T00:00:00.000000000,1428,19.94,32.168617,-12.228617248535155,12.228617248535155
2018-09-20T00:00:00.000000000,1428,20.63,33.063576,-12.433575744628907,12.433575744628907
2018-09-21T00:00:00.000000000,1428,45.35,32.230812,13.119187927246095,13.119187927246095
2018-09-22T00:00:00.000000000,1428,27.22,31.270285,-4.050284652709962,4.050284652709962
2018-09-23T00:00:00.000000000,1428,54.48,38.222836,16.257164459228512,16.257164459228512
2018-09-24T00:00:00.000000000,1428,46.61,35.010685,11.599315032958984,11.599315032958984
2018-09-25T00:00:00.000000000,1428,84.8,29.351496,55.448504257202146,55.448504257202146
2018-09-26T00:00:00.000000000,1428,14.77,37.636253,-22.866253356933594,22.866253356933594
2018-09-27T00:00:00.000000000,1428,68.52,34.7278,33.79220153808593,33.79220153808593
2018-09-29T00:00:00.000000000,1428,38.24,33.217762,5.022238006591799,5.022238006591799
2018-09-30T00:00:00.000000000,1428,21.08,34.893295,-13.81329528808594,13.81329528808594
2018-10-01T00:00:00.000000000,1428,34.540000000000006,32.610462,1.9295378112793031,1.9295378112793031
2018-10-02T00:00:00.000000000,1428,38.09,28.517162,9.572837677001957,9.572837677001957
2018-10-03T00:00:00.000000000,1428,46.79,32.420746,14.369254150390624,14.369254150390624
2018-10-04T00:00:00.000000000,1428,24.41,32.54849,-8.13848861694336,8.13848861694336
2018-10-05T00:00:00.000000000,1428,19.09,33.444473,-14.354473266601563,14.354473266601563
2018-10-06T00:00:00.000000000,1428,34.1,30.56919,3.530810928344728,3.530810928344728
2018-10-07T00:00:00.000000000,1428,42.06,35.75225,6.3077493286132835,6.3077493286132835
2018-10-08T00:00:00.000000000,1428,40.79,34.677567,6.112433471679687,6.112433471679687
2018-10-09T00:00:00.000000000,1428,19.7,34.29859,-14.598591613769532,14.598591613769532
2018-10-10T00:00:00.000000000,1428,31.82,36.37645,-4.556449584960937,4.556449584960937
2018-10-11T00:00:00.000000000,1428,51.37,34.948605,16.421395416259763,16.421395416259763
2018-10-12T00:00:00.000000000,1428,3.2100000000000004,32.7211,-29.511099853515624,29.511099853515624
2018-10-13T00:00:00.000000000,1428,30.0,27.373856,2.6261444091796875,2.6261444091796875
2018-10-14T00:00:00.000000000,1428,33.19,33.01111,0.17889160156249773,0.17889160156249773
2018-10-15T00:00:00.000000000,1428,5.99,35.446312,-29.45631195068359,29.45631195068359
2018-10-16T00:00:00.000000000,1428,45.56999999999999,33.487125,12.082874603271478,12.082874603271478
2018-10-17T00:00:00.000000000,1428,53.03999999999999,33.248985,19.79101470947265,19.79101470947265
2018-10-18T00:00:00.000000000,1428,16.98,33.75947,-16.779471893310546,16.779471893310546
2018-10-19T00:00:00.000000000,1428,25.330000000000002,32.684998,-7.354997558593748,7.354997558593748
2018-10-20T00:00:00.000000000,1428,23.27,29.203558,-5.933557968139649,5.933557968139649
2018-10-21T00:00:00.000000000,1428,29.130000000000003,32.36115,-3.231148834228513,3.231148834228513
2018-10-22T00:00:00.000000000,1428,22.909999999999997,34.710564,-11.800563659667972,11.800563659667972
2018-10-23T00:00:00.000000000,1428,9.11,31.932331,-22.82233108520508,22.82233108520508
2018-10-24T00:00:00.000000000,1428,27.94,31.303728,-3.363728103637694,3.363728103637694
2018-10-25T00:00:00.000000000,1428,51.279999999999994,31.660765,19.619235305786127,19.619235305786127
2018-10-26T00:00:00.000000000,1428,16.39,32.37791,-15.987910614013671,15.987910614013671
2018-10-27T00:00:00.000000000,1428,17.05,31.779488,-14.72948760986328,14.72948760986328
2018-10-28T00:00:00.000000000,1428,62.0,34.315685,27.684314727783203,27.684314727783203
2018-10-29T00:00:00.000000000,1428,31.910000000000004,33.92426,-2.014259185791012,2.014259185791012
2018-10-30T00:00:00.000000000,1428,40.519999999999996,30.035873,10.484126586914059,10.484126586914059
2018-10-31T00:00:00.000000000,1428,7.939999999999999,35.093422,-27.15342193603516,27.15342193603516
2018-11-01T00:00:00.000000000,1428,23.63,33.051445,-9.42144500732422,9.42144500732422
2018-11-02T00:00:00.000000000,1428,55.8,30.880444,24.91955642700195,24.91955642700195
2018-11-03T00:00:00.000000000,1428,26.1,31.915113,-5.815113449096678,5.815113449096678
2018-11-04T00:00:00.000000000,1428,14.43,34.252327,-19.82232696533203,19.82232696533203
2018-11-05T00:00:00.000000000,1428,22.26,31.815186,-9.555185546874998,9.555185546874998
2018-11-06T00:00:00.000000000,1428,30.02,29.019245,1.0007548522949214,1.0007548522949214
2018-11-07T00:00:00.000000000,1428,69.50999999999999,36.395405,33.11459518432616,33.11459518432616
2018-11-08T00:00:00.000000000,1428,15.48,35.463562,-19.98356201171875,19.98356201171875
2018-11-09T00:00:00.000000000,1428,26.42,32.621857,-6.201856689453123,6.201856689453123
2018-11-10T00:00:00.000000000,1428,39.21,30.372458,8.83754249572754,8.83754249572754
2018-11-11T00:00:00.000000000,1428,36.800000000000004,35.1109,1.6890991210937543,1.6890991210937543
2018-11-12T00:00:00.000000000,1428,8.5,33.501896,-25.001895904541016,25.001895904541016
2018-11-13T00:00:00.000000000,1428,44.14,32.71124,11.428761138916016,11.428761138916016
2018-11-14T00:00:00.000000000,1428,12.9,36.36247,-23.462468719482423,23.462468719482423
2018-11-15T00:00:00.000000000,1428,3.0499999999999994,33.827236,-30.77723617553711,30.77723617553711
2018-11-16T00:00:00.000000000,1428,52.809999999999995,29.286398,23.523602066040034,23.523602066040034
2018-11-17T00:00:00.000000000,1428,35.879999999999995,30.117338,5.762661819458003,5.762661819458003
2018-11-18T00:00:00.000000000,1428,49.49999999999999,37.12491,12.375091552734368,12.375091552734368
2018-11-19T00:00:00.000000000,1428,3.0416,36.19956,-33.15795825805664,33.15795825805664
2018-11-20T00:00:00.000000000,1428,3.59,30.28124,-26.691240463256836,26.691240463256836
2018-11-21T00:00:00.000000000,1428,48.300000000000004,30.425451,17.87454872131348,17.87454872131348
2018-11-22T00:00:00.000000000,1428,45.53,32.684444,12.845555572509767,12.845555572509767
2018-11-23T00:00:00.000000000,1428,15.95,33.165863,-17.215863037109376,17.215863037109376
2018-11-24T00:00:00.000000000,1428,18.43,31.350836,-12.920835800170899,12.920835800170899
2018-11-25T00:00:00.000000000,1428,11.020000000000001,35.441032,-24.421032409667966,24.421032409667966
2018-11-26T00:00:00.000000000,1428,57.47,34.353016,23.116984100341796,23.116984100341796
2018-11-27T00:00:00.000000000,1428,13.66,32.219173,-18.559173431396484,18.559173431396484
2018-11-28T00:00:00.000000000,1428,28.29,35.39195,-7.101948699951173,7.101948699951173
2018-11-29T00:00:00.000000000,1428,17.78,33.63347,-15.853468627929686,15.853468627929686
2018-11-30T00:00:00.000000000,1428,19.28,31.707558,-12.427557678222655,12.427557678222655
2018-12-01T00:00:00.000000000,1428,21.54,30.653723,-9.113722763061524,9.113722763061524
2018-12-02T00:00:00.000000000,1428,19.72,31.72944,-12.009440689086915,12.009440689086915
2018-12-03T00:00:00.000000000,1428,43.15,29.99087,13.159130477905272,13.159130477905272
2018-12-04T00:00:00.000000000,1428,57.25,31.591316,25.65868377685547,25.65868377685547
2018-12-05T00:00:00.000000000,1428,54.89,36.892654,17.997345581054688,17.997345581054688
2018-12-06T00:00:00.000000000,1428,26.04,38.026386,-11.986386260986329,11.986386260986329
2018-12-07T00:00:00.000000000,1428,3.0416,34.00975,-30.96815036621094,30.96815036621094
2018-12-08T00:00:00.000000000,1428,8.77,27.696135,-18.926134567260743,18.926134567260743
2018-12-09T00:00:00.000000000,1428,18.1,30.062511,-11.962511444091795,11.962511444091795
2018-12-10T00:00:00.000000000,1428,60.379999999999995,32.72973,27.650271301269527,27.650271301269527
2018-12-11T00:00:00.000000000,1428,12.550000000000002,31.981457,-19.431456756591793,19.431456756591793
2018-12-12T00:00:00.000000000,1428,30.620000000000008,34.83417,-4.2141712951660075,4.2141712951660075
2018-12-13T00:00:00.000000000,1428,28.64,34.204296,-5.564296112060546,5.564296112060546
2018-12-14T00:00:00.000000000,1428,51.8,34.723682,17.076317596435544,17.076317596435544
2018-12-15T00:00:00.000000000,1428,46.9,31.667046,15.23295440673828,15.23295440673828
2018-12-16T00:00:00.000000000,1428,10.18,35.468327,-25.288326568603516,25.288326568603516
2018-12-17T00:00:00.000000000,1428,16.560000000000002,36.58476,-20.02475875854492,20.02475875854492
2018-12-18T00:00:00.000000000,1428,30.14,31.597658,-1.4576581573486322,1.4576581573486322
2018-12-19T00:00:00.000000000,1428,21.8,32.143585,-10.343585205078124,10.343585205078124
2018-12-20T00:00:00.000000000,1428,18.07,32.193844,-14.123843841552734,14.123843841552734
2018-12-21T00:00:00.000000000,1428,65.66,32.36137,33.298629913330075,33.298629913330075
2018-12-22T00:00:00.000000000,1428,55.36,32.9937,22.366301879882812,22.366301879882812
2018-12-23T00:00:00.000000000,1428,27.44,36.105865,-8.665865478515624,8.665865478515624
2018-12-24T00:00:00.000000000,1428,12.21,33.513237,-21.303236999511718,21.303236999511718
2018-12-25T00:00:00.000000000,1428,32.29,29.69159,2.598410644531249,2.598410644531249
2018-12-26T00:00:00.000000000,1428,22.309999999999995,34.59426,-12.284261169433599,12.284261169433599
2018-12-27T00:00:00.000000000,1428,59.220000000000006,34.009773,25.210226745605475,25.210226745605475
2018-12-28T00:00:00.000000000,1428,12.29,33.621582,-21.33158203125,21.33158203125
2018-12-29T00:00:00.000000000,1428,24.98,30.833107,-5.853106994628906,5.853106994628906
2018-12-30T00:00:00.000000000,1428,12.36,34.934624,-22.57462371826172,22.57462371826172
2018-12-31T00:00:00.000000000,1428,19.45,32.601044,-13.151043701171876,13.151043701171876
2019-01-01T00:00:00.000000000,1428,33.81,27.175756,6.634243545532229,6.634243545532229
2019-01-02T00:00:00.000000000,1428,3.0416,30.543016,-27.50141643371582,27.50141643371582
2019-01-03T00:00:00.000000000,1428,28.75,33.375042,-4.625041961669922,4.625041961669922
2019-01-04T00:00:00.000000000,1428,26.40000000000001,34.522068,-8.122068023681631,8.122068023681631
2019-01-05T00:00:00.000000000,1428,26.68,38.690502,-12.010502166748047,12.010502166748047
2019-01-06T00:00:00.000000000,1428,6.730000000000001,39.997738,-33.26773788452148,33.26773788452148
2019-01-07T00:00:00.000000000,1428,64.15,38.187057,25.962942504882818,25.962942504882818
2019-01-08T00:00:00.000000000,1428,39.56,37.93779,1.6222100830078148,1.6222100830078148
2019-01-09T00:00:00.000000000,1428,12.0,38.329674,-26.329673767089844,26.329673767089844
2019-01-10T00:00:00.000000000,1428,25.79,32.801117,-7.011116943359376,7.011116943359376
2019-01-11T00:00:00.000000000,1428,18.85,32.195328,-13.345327758789061,13.345327758789061
2019-01-12T00:00:00.000000000,1428,28.879999999999995,32.25259,-3.372590179443364,3.372590179443364
2019-01-13T00:00:00.000000000,1428,48.64,38.46691,10.173088684082032,10.173088684082032
2019-01-14T00:00:00.000000000,1428,41.66,39.745502,1.9144975280761685,1.9144975280761685
2019-01-15T00:00:00.000000000,1428,30.49,39.29336,-8.803361663818361,8.803361663818361
2019-01-16T00:00:00.000000000,1428,48.84,38.890556,9.949443664550785,9.949443664550785
2019-01-17T00:00:00.000000000,1428,89.66,32.410416,57.249584350585934,57.249584350585934
2019-01-18T00:00:00.000000000,1428,40.23,37.24335,2.9866490173339812,2.9866490173339812
2019-01-19T00:00:00.000000000,1428,41.03,33.22153,7.8084690856933605,7.8084690856933605
2019-01-20T00:00:00.000000000,1428,13.430000000000001,36.152615,-22.72261459350586,22.72261459350586
2019-01-21T00:00:00.000000000,1428,33.42,34.14532,-0.7253208923339827,0.7253208923339827
2019-01-22T00:00:00.000000000,1428,51.44,33.886955,17.55304473876953,17.55304473876953
2019-01-23T00:00:00.000000000,1428,16.41,36.102848,-19.692848052978515,19.692848052978515
2019-01-24T00:00:00.000000000,1428,9.11,34.96621,-25.856209411621094,25.856209411621094
2019-01-25T00:00:00.000000000,1428,11.319999999999999,31.577827,-20.25782745361328,20.25782745361328
2019-01-26T00:00:00.000000000,1428,6.65,29.521433,-22.871432876586915,22.871432876586915
2019-01-27T00:00:00.000000000,1428,46.55,33.901024,12.648976135253903,12.648976135253903
2019-01-28T00:00:00.000000000,1428,17.549999999999997,35.803173,-18.25317306518555,18.25317306518555
2019-01-29T00:00:00.000000000,1428,34.94,33.608013,1.3319868469238259,1.3319868469238259
2019-01-30T00:00:00.000000000,1428,20.58,37.270576,-16.690576477050783,16.690576477050783
2019-01-31T00:00:00.000000000,1428,18.2,35.933105,-17.73310546875,17.73310546875
2019-02-01T00:00:00.000000000,1428,28.0,35.466125,-7.46612548828125,7.46612548828125
2019-02-02T00:00:00.000000000,1428,46.7,31.991314,14.708686065673831,14.708686065673831
2019-02-03T00:00:00.000000000,1428,15.34,33.87386,-18.53385940551758,18.53385940551758
2019-02-04T00:00:00.000000000,1428,29.69,31.780392,-2.090391693115233,2.090391693115233
2019-02-05T00:00:00.000000000,1428,14.619999999999997,30.664038,-16.044037704467776,16.044037704467776
2019-02-06T00:00:00.000000000,1428,14.98,37.30773,-22.32773162841797,22.32773162841797
2019-02-07T00:00:00.000000000,1428,54.42000000000001,34.317345,20.102655334472665,20.102655334472665
2019-02-08T00:00:00.000000000,1428,108.9,36.646435,72.25356521606446,72.25356521606446
2019-02-09T00:00:00.000000000,1428,55.27,35.68579,19.584208984375003,19.584208984375003
2019-02-10T00:00:00.000000000,1428,38.54,39.247044,-0.7070436096191415,0.7070436096191415
2019-02-11T00:00:00.000000000,1428,52.1,38.850086,13.249913787841798,13.249913787841798
2019-02-12T00:00:00.000000000,1428,30.89,32.928093,-2.038092956542968,2.038092956542968
2019-02-13T00:00:00.000000000,1428,12.22,34.205383,-21.98538330078125,21.98538330078125
2019-02-14T00:00:00.000000000,1428,16.56,31.329926,-14.769925537109376,14.769925537109376
2019-02-15T00:00:00.000000000,1428,28.03,30.79391,-2.7639090728759754,2.7639090728759754
2019-02-16T00:00:00.000000000,1428,36.400000000000006,30.213371,6.186628723144537,6.186628723144537
2019-02-17T00:00:00.000000000,1428,84.43999999999998,35.498497,48.94150299072264,48.94150299072264
2019-02-18T00:00:00.000000000,1428,18.04,37.405315,-19.365315399169923,19.365315399169923
2019-02-19T00:00:00.000000000,1428,22.88,30.745651,-7.8656512451171885,7.8656512451171885
2019-02-20T00:00:00.000000000,1428,16.04,37.862877,-21.822876892089845,21.822876892089845
2019-02-21T00:00:00.000000000,1428,80.78,35.491673,45.28832748413086,45.28832748413086
2019-02-22T00:00:00.000000000,1428,33.9,37.6021,-3.7021003723144545,3.7021003723144545
2019-02-23T00:00:00.000000000,1428,40.43,35.343216,5.086784057617187,5.086784057617187
2019-02-24T00:00:00.000000000,1428,43.19,38.066845,5.123155059814451,5.123155059814451
2019-02-25T00:00:00.000000000,1428,30.04,39.034267,-8.99426742553711,8.99426742553711
2019-02-26T00:00:00.000000000,1428,29.04,35.35143,-6.311428985595704,6.311428985595704
2019-02-27T00:00:00.000000000,1428,19.59,35.456715,-15.866714630126953,15.866714630126953
2019-02-28T00:00:00.000000000,1428,35.629999999999995,33.87244,1.7575596618652298,1.7575596618652298
2019-03-01T00:00:00.000000000,1428,52.72999999999999,32.708477,20.021522979736318,20.021522979736318
2019-03-02T00:00:00.000000000,1428,63.19,31.550673,31.639327468872068,31.639327468872068
2019-03-03T00:00:00.000000000,1428,34.18,35.724518,-1.5445178222656253,1.5445178222656253
2019-03-04T00:00:00.000000000,1428,37.69,37.371643,0.3183569335937477,0.3183569335937477
2019-03-05T00:00:00.000000000,1428,48.36,34.759117,13.600882873535156,13.600882873535156
2019-03-06T00:00:00.000000000,1428,10.89,36.773388,-25.883387908935546,25.883387908935546
2019-03-07T00:00:00.000000000,1428,58.24,31.513931,26.72606872558594,26.72606872558594
2019-03-08T00:00:00.000000000,1428,33.58,32.560364,1.0196362304687483,1.0196362304687483
2019-03-09T00:00:00.000000000,1428,56.71000000000001,31.586721,25.123278579711922,25.123278579711922
2019-03-10T00:00:00.000000000,1428,3.0416,36.556454,-33.51485370483398,33.51485370483398
2019-03-11T00:00:00.000000000,1428,15.79,33.938908,-18.148907623291016,18.148907623291016
2019-03-12T00:00:00.000000000,1428,43.89999999999999,34.267403,9.63259735107421,9.63259735107421
2019-03-13T00:00:00.000000000,1428,3.0416,39.47211,-36.43051074829101,36.43051074829101
2019-03-14T00:00:00.000000000,1428,30.149999999999995,34.415413,-4.265412902832036,4.265412902832036
2019-03-15T00:00:00.000000000,1428,92.91,33.53255,59.37744918823242,59.37744918823242
2019-03-16T00:00:00.000000000,1428,36.08,33.47717,2.602830963134764,2.602830963134764
2019-03-17T00:00:00.000000000,1428,9.95,36.187683,-26.23768310546875,26.23768310546875
2019-03-18T00:00:00.000000000,1428,69.87,35.12656,34.743439788818364,34.743439788818364
2019-03-19T00:00:00.000000000,1428,27.43,34.297295,-6.867294616699219,6.867294616699219
2019-03-20T00:00:00.000000000,1428,27.07,35.293934,-8.223933868408203,8.223933868408203
2019-03-21T00:00:00.000000000,1428,6.46,33.719967,-27.259966888427734,27.259966888427734
2019-03-22T00:00:00.000000000,1428,37.32,30.757282,6.562717742919922,6.562717742919922
2019-03-23T00:00:00.000000000,1428,14.95,30.279213,-15.329212951660157,15.329212951660157
2019-03-24T00:00:00.000000000,1428,11.88,34.4395,-22.559498901367185,22.559498901367185
2019-03-25T00:00:00.000000000,1428,23.72,33.70388,-9.983880310058595,9.983880310058595
2019-03-26T00:00:00.000000000,1428,13.01,32.409046,-19.399046173095705,19.399046173095705
2019-03-27T00:00:00.000000000,1428,19.52,34.287163,-14.76716278076172,14.76716278076172
2019-03-28T00:00:00.000000000,1428,26.78,35.59028,-8.81027862548828,8.81027862548828
2019-03-29T00:00:00.000000000,1428,18.82,34.746,-15.925998382568359,15.925998382568359
2019-03-30T00:00:00.000000000,1428,88.69,31.543402,57.14659828186035,57.14659828186035
2019-03-31T00:00:00.000000000,1428,14.8,38.73184,-23.93183822631836,23.93183822631836
2019-04-01T00:00:00.000000000,1428,18.6,37.53572,-18.93572082519531,18.93572082519531
2019-04-02T00:00:00.000000000,1428,54.379999999999995,29.364292,25.015707855224605,25.015707855224605
2019-04-03T00:00:00.000000000,1428,14.98,34.13735,-19.157348175048828,19.157348175048828
2019-04-04T00:00:00.000000000,1428,34.1,33.90668,0.1933189392089858,0.1933189392089858
2019-04-05T00:00:00.000000000,1428,36.64,32.426956,4.213043823242188,4.213043823242188
2019-04-06T00:00:00.000000000,1428,19.310000000000002,30.213783,-10.903783264160154,10.903783264160154
2019-04-07T00:00:00.000000000,1428,54.379999999999995,33.922276,20.457724456787105,20.457724456787105
2019-04-08T00:00:00.000000000,1428,14.99,37.318836,-22.3288362121582,22.3288362121582
2019-04-09T00:00:00.000000000,1428,68.53,37.13556,31.39444091796875,31.39444091796875
2019-04-10T00:00:00.000000000,1428,17.72,41.698086,-23.97808578491211,23.97808578491211
2019-04-11T00:00:00.000000000,1428,39.64999999999999,37.73264,1.9173606872558508,1.9173606872558508
2019-04-12T00:00:00.000000000,1428,58.38,32.82821,25.55179107666016,25.55179107666016
2019-04-13T00:00:00.000000000,1428,7.309999999999999,33.13186,-25.821858825683595,25.821858825683595
2019-04-14T00:00:00.000000000,1428,84.59,35.59475,48.99525054931641,48.99525054931641
2019-04-15T00:00:00.000000000,1428,15.62,37.79655,-22.176550750732424,22.176550750732424
2019-04-16T00:00:00.000000000,1428,55.06,34.599075,20.46092468261719,20.46092468261719
2019-04-17T00:00:00.000000000,1428,33.39,35.02066,-1.6306604003906244,1.6306604003906244
2019-04-18T00:00:00.000000000,1428,16.24,34.0286,-17.788598785400392,17.788598785400392
2019-04-19T00:00:00.000000000,1428,58.08,34.748936,23.331064300537108,23.331064300537108
2019-04-20T00:00:00.000000000,1428,29.95,34.203526,-4.253525543212891,4.253525543212891
2019-04-21T00:00:00.000000000,1428,54.19,36.20217,17.987828674316404,17.987828674316404
2019-04-22T00:00:00.000000000,1428,72.14,36.71742,35.422581329345704,35.422581329345704
2019-04-23T00:00:00.000000000,1428,24.88,33.057762,-8.177762145996095,8.177762145996095
2019-04-24T00:00:00.000000000,1428,50.09,34.90467,15.185329284667972,15.185329284667972
2019-04-25T00:00:00.000000000,1428,50.31,34.494183,15.81581741333008,15.81581741333008
2019-04-26T00:00:00.000000000,1428,23.17,34.55494,-11.38493927001953,11.38493927001953
2019-04-27T00:00:00.000000000,1428,38.45000000000001,31.858225,6.591775131225596,6.591775131225596
2019-04-28T00:00:00.000000000,1428,23.71,35.165634,-11.455634155273437,11.455634155273437
2019-04-29T00:00:00.000000000,1428,18.56,35.06881,-16.508809509277345,16.508809509277345
2019-04-30T00:00:00.000000000,1428,39.04,31.1906,7.849400558471679,7.849400558471679
2019-05-01T00:00:00.000000000,1428,5.3,34.153828,-28.853827667236327,28.853827667236327
2019-05-02T00:00:00.000000000,1428,27.71,30.836992,-3.1269922637939445,3.1269922637939445
2019-05-03T00:00:00.000000000,1428,14.73,30.607273,-15.87727310180664,15.87727310180664
2019-05-04T00:00:00.000000000,1428,40.39,30.581135,9.808865203857422,9.808865203857422
2019-05-05T00:00:00.000000000,1428,17.09,37.397774,-20.30777374267578,20.30777374267578
2019-05-06T00:00:00.000000000,1428,9.209999999999999,36.205215,-26.99521545410156,26.99521545410156
2019-05-07T00:00:00.000000000,1428,31.380000000000003,33.853775,-2.47377502441406,2.47377502441406
2019-05-08T00:00:00.000000000,1428,10.09,34.312283,-24.22228256225586,24.22228256225586
2019-05-09T00:00:00.000000000,1428,31.22,34.130085,-2.9100849914550793,2.9100849914550793
2019-05-10T00:00:00.000000000,1428,15.19,34.16809,-18.978090820312502,18.978090820312502
2019-05-11T00:00:00.000000000,1428,69.8,31.130142,38.669857788085935,38.669857788085935
2019-05-12T00:00:00.000000000,1428,6.550000000000001,37.048744,-30.498744201660156,30.498744201660156
2019-05-13T00:00:00.000000000,1428,36.15,36.072422,0.07757797241210795,0.07757797241210795
2019-05-14T00:00:00.000000000,1428,15.11,32.919243,-17.80924285888672,17.80924285888672
2019-05-15T00:00:00.000000000,1428,10.34,35.95304,-25.613041076660156,25.613041076660156
2019-05-16T00:00:00.000000000,1428,18.439999999999998,31.68399,-13.243990478515627,13.243990478515627
2019-05-17T00:00:00.000000000,1428,28.16,31.488731,-3.3287313842773436,3.3287313842773436
2019-05-18T00:00:00.000000000,1428,41.55,29.84542,11.704579162597653,11.704579162597653
2019-05-19T00:00:00.000000000,1428,34.95,35.948956,-0.998955535888669,0.998955535888669
2019-05-20T00:00:00.000000000,1428,21.18,38.23637,-17.056370086669922,17.056370086669922
2019-05-21T00:00:00.000000000,1428,18.18,34.201736,-16.021736450195313,16.021736450195313
2019-05-22T00:00:00.000000000,1428,26.09,34.378143,-8.288143310546875,8.288143310546875
2019-05-23T00:00:00.000000000,1428,13.139999999999999,32.973534,-19.833533630371093,19.833533630371093
2019-05-24T00:00:00.000000000,1428,15.31,30.033005,-14.723004760742187,14.723004760742187
2019-05-25T00:00:00.000000000,1428,32.33,29.085342,3.244657592773436,3.244657592773436
2019-05-26T00:00:00.000000000,1428,3.0416,34.965595,-31.92399524536133,31.92399524536133
2019-05-27T00:00:00.000000000,1428,3.0416,32.357754,-29.31615375366211,29.31615375366211
2019-05-28T00:00:00.000000000,1428,58.82000000000001,22.699974,36.120025939941414,36.120025939941414
2019-05-29T00:00:00.000000000,1428,22.03,34.002407,-11.972407073974608,11.972407073974608
2019-05-30T00:00:00.000000000,1428,12.229999999999999,36.32284,-24.092841644287113,24.092841644287113
2019-05-31T00:00:00.000000000,1428,31.969999999999995,35.130314,-3.1603138732910203,3.1603138732910203
2019-06-01T00:00:00.000000000,1428,13.34,35.13033,-21.79032913208008,21.79032913208008
2019-06-02T00:00:00.000000000,1428,30.64,35.140285,-4.500285491943359,4.500285491943359
2019-06-03T00:00:00.000000000,1428,26.520000000000003,33.064156,-6.544155578613278,6.544155578613278
2019-06-04T00:00:00.000000000,1428,12.02,31.901798,-19.881798248291016,19.881798248291016
2019-06-05T00:00:00.000000000,1428,13.010000000000002,34.32614,-21.316141357421873,21.316141357421873
2019-06-06T00:00:00.000000000,1428,45.26,33.843662,11.416337738037107,11.416337738037107
2019-06-07T00:00:00.000000000,1428,35.89,30.758448,5.131552352905274,5.131552352905274
2019-06-08T00:00:00.000000000,1428,40.42,30.245419,10.174581451416017,10.174581451416017
2019-06-09T00:00:00.000000000,1428,30.41,35.426426,-5.0164259338378905,5.0164259338378905
2019-06-10T00:00:00.000000000,1428,77.17,37.42134,39.74865905761719,39.74865905761719
2019-06-11T00:00:00.000000000,1428,67.66,38.074677,29.58532348632812,29.58532348632812
2019-06-12T00:00:00.000000000,1428,22.54,38.69306,-16.153061828613282,16.153061828613282
2019-06-13T00:00:00.000000000,1428,47.12,31.771822,15.34817802429199,15.34817802429199
2019-06-14T00:00:00.000000000,1428,10.61,31.469612,-20.859612121582032,20.859612121582032
2019-06-15T00:00:00.000000000,1428,26.35,27.785229,-1.4352287292480455,1.4352287292480455
2019-06-16T00:00:00.000000000,1428,30.31,31.8731,-1.56310028076172,1.56310028076172
2019-06-17T00:00:00.000000000,1428,19.73,32.803596,-13.07359649658203,13.07359649658203
2019-06-18T00:00:00.000000000,1428,3.0416,32.646755,-29.60515521850586,29.60515521850586
2019-06-19T00:00:00.000000000,1428,61.580000000000005,34.4556,27.124399261474615,27.124399261474615
2019-06-20T00:00:00.000000000,1428,3.7,34.36221,-30.66220932006836,30.66220932006836
2019-06-21T00:00:00.000000000,1428,66.69,30.703121,35.98687881469726,35.98687881469726
2019-06-22T00:00:00.000000000,1428,13.6,32.141674,-18.541674041748045,18.541674041748045
2019-06-23T00:00:00.000000000,1428,30.479999999999997,35.58317,-5.103171844482425,5.103171844482425
2019-06-24T00:00:00.000000000,1428,14.9,34.323387,-19.423387145996095,19.423387145996095
2019-06-25T00:00:00.000000000,1428,22.349999999999998,32.464436,-10.11443557739258,10.11443557739258
2019-06-26T00:00:00.000000000,1428,10.27,34.59663,-24.326630096435547,24.326630096435547
2019-06-27T00:00:00.000000000,1428,44.47,32.057957,12.412043304443358,12.412043304443358
2019-06-28T00:00:00.000000000,1428,36.35,32.946503,3.4034973144531264,3.4034973144531264
2019-06-29T00:00:00.000000000,1428,88.68,32.83236,55.84764068603516,55.84764068603516
2019-06-30T00:00:00.000000000,1428,22.53,37.538784,-15.008784027099608,15.008784027099608
2019-07-01T00:00:00.000000000,1428,4.18,36.81547,-32.63547164916992,32.63547164916992
2019-07-02T00:00:00.000000000,1428,7.43,28.682539,-21.252538986206055,21.252538986206055
2019-07-03T00:00:00.000000000,1428,48.14,29.417444,18.722555770874024,18.722555770874024
2019-07-04T00:00:00.000000000,1428,66.45,30.115171,36.334828567504886,36.334828567504886
2019-07-05T00:00:00.000000000,1428,25.43,32.258724,-6.828724212646485,6.828724212646485
2019-07-06T00:00:00.000000000,1428,16.43,31.932892,-15.502891845703125,15.502891845703125
2019-07-07T00:00:00.000000000,1428,23.47,35.87791,-12.407910614013673,12.407910614013673
2019-07-08T00:00:00.000000000,1428,26.62,36.05755,-9.437548522949218,9.437548522949218
2019-07-09T00:00:00.000000000,1428,33.11,35.032948,-1.9229475402832037,1.9229475402832037
2019-07-10T00:00:00.000000000,1428,39.27,36.766266,2.503734130859378,2.503734130859378
2019-07-11T00:00:00.000000000,1428,87.99999999999999,33.720528,54.279472351074205,54.279472351074205
2019-07-12T00:00:00.000000000,1428,7.289999999999999,32.078876,-24.78887649536133,24.78887649536133
2019-07-13T00:00:00.000000000,1428,84.94000000000001,29.7917,55.14829963684083,55.14829963684083
2019-07-14T00:00:00.000000000,1428,10.110000000000001,38.364056,-28.254055633544922,28.254055633544922
2019-07-15T00:00:00.000000000,1428,32.03,37.833057,-5.803057403564452,5.803057403564452
2019-07-16T00:00:00.000000000,1428,19.75,34.004723,-14.254722595214844,14.254722595214844
2019-07-17T00:00:00.000000000,1428,17.08,34.49337,-17.413370056152345,17.413370056152345
2019-07-18T00:00:00.000000000,1428,3.0416,32.5912,-29.549601782226564,29.549601782226564
2019-07-19T00:00:00.000000000,1428,10.34,28.908802,-18.568802032470703,18.568802032470703
2019-07-20T00:00:00.000000000,1428,45.19,28.51139,16.67860931396484,16.67860931396484
2019-07-21T00:00:00.000000000,1428,23.71,32.667088,-8.95708755493164,8.95708755493164
2019-07-22T00:00:00.000000000,1428,63.11000000000001,33.31075,29.79925094604493,29.79925094604493
2019-07-23T00:00:00.000000000,1428,29.41,32.550365,-3.1403654479980467,3.1403654479980467
2019-07-24T00:00:00.000000000,1428,28.65,38.804565,-10.154565429687501,10.154565429687501
2019-07-25T00:00:00.000000000,1428,32.66,37.117313,-4.457313385009769,4.457313385009769
2019-07-26T00:00:00.000000000,1428,51.120000000000005,34.101765,17.018235321044926,17.018235321044926
2019-07-27T00:00:00.000000000,1428,22.67,32.604164,-9.934164123535155,9.934164123535155
2019-07-28T00:00:00.000000000,1428,49.07,34.807228,14.262771911621094,14.262771911621094
2019-07-29T00:00:00.000000000,1428,11.42,34.84117,-23.421171264648436,23.421171264648436
2019-07-30T00:00:00.000000000,1428,17.86,29.879269,-12.019268646240235,12.019268646240235
2019-07-31T00:00:00.000000000,1428,18.04,33.629925,-15.589924774169923,15.589924774169923
2019-08-01T00:00:00.000000000,1428,24.07,32.520245,-8.450244598388672,8.450244598388672
2019-08-02T00:00:00.000000000,1428,10.49,30.808846,-20.31884552001953,20.31884552001953
2019-08-03T00:00:00.000000000,1428,25.32,28.379223,-3.0592228698730466,3.0592228698730466
2019-08-04T00:00:00.000000000,1428,17.65,33.88772,-16.237718200683595,16.237718200683595
2019-08-05T00:00:00.000000000,1428,21.460000000000004,34.03691,-12.576911010742183,12.576911010742183
2019-08-06T00:00:00.000000000,1428,19.579999999999995,33.303207,-13.723207397460943,13.723207397460943
2019-08-07T00:00:00.000000000,1428,31.18,33.41958,-2.239578552246094,2.239578552246094
2019-08-08T00:00:00.000000000,1428,110.97,34.045166,76.924833984375,76.924833984375
2019-08-09T00:00:00.000000000,1428,10.83,35.598206,-24.76820556640625,24.76820556640625
2019-08-10T00:00:00.000000000,1428,13.52,31.984,-18.463999252319336,18.463999252319336
2019-08-11T00:00:00.000000000,1428,8.21,33.450706,-25.240706481933593,25.240706481933593
2019-08-12T00:00:00.000000000,1428,50.510000000000005,31.974237,18.535762557983404,18.535762557983404
2019-08-13T00:00:00.000000000,1428,12.27,33.709915,-21.439915161132813,21.439915161132813
2019-08-14T00:00:00.000000000,1428,29.81,34.927914,-5.117913665771486,5.117913665771486
2019-08-15T00:00:00.000000000,1428,25.71,34.434544,-8.72454360961914,8.72454360961914
2019-08-16T00:00:00.000000000,1428,66.87,33.68778,33.182221527099614,33.182221527099614
2019-08-17T00:00:00.000000000,1428,48.24,33.88655,14.35344909667969,14.35344909667969
2019-08-18T00:00:00.000000000,1428,12.37,35.913765,-23.543764953613284,23.543764953613284
2019-08-19T00:00:00.000000000,1428,63.1,32.79704,30.30296096801758,30.30296096801758
2019-08-20T00:00:00.000000000,1428,10.88,31.031574,-20.151574249267576,20.151574249267576
2019-08-21T00:00:00.000000000,1428,36.46,33.394444,3.0655564880371102,3.0655564880371102
2019-08-22T00:00:00.000000000,1428,47.03,34.23433,12.795670776367189,12.795670776367189
2019-08-23T00:00:00.000000000,1428,47.63999999999999,35.188164,12.451836242675775,12.451836242675775
2019-08-24T00:00:00.000000000,1428,28.91,35.665302,-6.755302276611328,6.755302276611328
2019-08-25T00:00:00.000000000,1428,16.68,36.364994,-19.684994049072266,19.684994049072266
2019-08-26T00:00:00.000000000,1428,41.29,32.27879,9.011210479736327,9.011210479736327
2019-08-27T00:00:00.000000000,1428,13.02,29.999676,-16.979675750732422,16.979675750732422
2019-08-28T00:00:00.000000000,1428,18.36,32.49087,-14.13087142944336,14.13087142944336
2019-08-29T00:00:00.000000000,1428,3.0416,29.74018,-26.69857906188965,26.69857906188965
2019-08-30T00:00:00.000000000,1428,9.61,27.726376,-18.116375579833985,18.116375579833985
2019-08-31T00:00:00.000000000,1428,9.48,29.000896,-19.52089645385742,19.52089645385742
2019-09-01T00:00:00.000000000,1428,69.03,33.40621,35.62378814697266,35.62378814697266
2019-09-02T00:00:00.000000000,1428,3.0416,36.018456,-32.97685550537109,32.97685550537109
2019-09-04T00:00:00.000000000,1428,14.41,30.17969,-15.769689407348633,15.769689407348633
2019-09-05T00:00:00.000000000,1428,24.41,33.259037,-8.849037017822265,8.849037017822265
2019-09-06T00:00:00.000000000,1428,18.8,34.076916,-15.276915740966796,15.276915740966796
2019-09-07T00:00:00.000000000,1428,62.34,32.010418,30.32958206176758,30.32958206176758
2019-09-08T00:00:00.000000000,1428,25.36,33.99062,-8.630619659423829,8.630619659423829
2019-09-09T00:00:00.000000000,1428,43.790000000000006,32.905937,10.884062805175788,10.884062805175788
2019-09-10T00:00:00.000000000,1428,8.900000000000002,30.999798,-22.09979782104492,22.09979782104492
2019-09-11T00:00:00.000000000,1428,52.86,32.941135,19.91886459350586,19.91886459350586
2019-09-12T00:00:00.000000000,1428,12.740000000000002,33.783504,-21.043504486083982,21.043504486083982
2019-09-13T00:00:00.000000000,1428,32.980000000000004,32.49946,0.48054168701172273,0.48054168701172273
2019-09-14T00:00:00.000000000,1428,5.39,29.746056,-24.356055603027343,24.356055603027343
2019-09-15T00:00:00.000000000,1428,26.18,30.90665,-4.726650543212891,4.726650543212891
2019-09-16T00:00:00.000000000,1428,47.13,33.893524,13.236475830078128,13.236475830078128
2019-09-17T00:00:00.000000000,1428,29.39,35.123665,-5.733664855957031,5.733664855957031
2019-09-19T00:00:00.000000000,1428,65.99000000000001,37.496025,28.49397491455079,28.49397491455079
2019-09-20T00:00:00.000000000,1428,54.73,36.368774,18.361225585937497,18.361225585937497
2019-09-21T00:00:00.000000000,1428,28.92,31.226763,-2.3067627716064436,2.3067627716064436
2019-09-22T00:00:00.000000000,1428,38.76,34.565105,4.194894561767576,4.194894561767576
2019-09-23T00:00:00.000000000,1428,32.53,32.922173,-0.3921725463867176,0.3921725463867176
2019-09-24T00:00:00.000000000,1428,14.929999999999998,30.390577,-15.460577316284182,15.460577316284182
2019-09-25T00:00:00.000000000,1428,32.75,34.050217,-1.3002166748046875,1.3002166748046875
2019-09-26T00:00:00.000000000,1428,12.530000000000001,33.178013,-20.64801284790039,20.64801284790039
2019-09-27T00:00:00.000000000,1428,58.81,31.978666,26.83133369445801,26.83133369445801
2019-09-28T00:00:00.000000000,1428,24.62,32.924583,-8.304583435058593,8.304583435058593
2019-09-29T00:00:00.000000000,1428,20.7,34.42034,-13.72034149169922,13.72034149169922
2019-09-30T00:00:00.000000000,1428,29.25,33.690285,-4.440284729003906,4.440284729003906
2019-10-01T00:00:00.000000000,1428,63.15,32.448612,30.701387786865233,30.701387786865233
2019-10-02T00:00:00.000000000,1428,33.43,36.095657,-2.665657348632813,2.665657348632813
2019-10-03T00:00:00.000000000,1428,28.099999999999998,32.901947,-4.801947021484377,4.801947021484377
2019-10-04T00:00:00.000000000,1428,24.190000000000005,31.619892,-7.429892120361323,7.429892120361323
2019-10-05T00:00:00.000000000,1428,47.59,30.199776,17.390224304199222,17.390224304199222
2019-10-06T00:00:00.000000000,1428,11.609999999999998,33.97986,-22.3698583984375,22.3698583984375
2019-10-07T00:00:00.000000000,1428,19.43,31.843866,-12.413866348266602,12.413866348266602
2019-10-08T00:00:00.000000000,1428,99.43,31.204853,68.22514694213868,68.22514694213868
2019-10-09T00:00:00.000000000,1428,85.72,39.67237,46.04762908935547,46.04762908935547
2019-10-10T00:00:00.000000000,1428,41.39000000000001,42.781628,-1.3916276550292892,1.3916276550292892
2019-10-11T00:00:00.000000000,1428,78.41,36.059082,42.35091796875,42.35091796875
2019-10-12T00:00:00.000000000,1428,21.32,31.702549,-10.38254898071289,10.38254898071289
2019-10-13T00:00:00.000000000,1428,51.24,30.462912,20.77708839416504,20.77708839416504
2019-10-14T00:00:00.000000000,1428,53.6,32.08562,21.51437911987305,21.51437911987305
2019-10-15T00:00:00.000000000,1428,10.52,32.981525,-22.46152542114258,22.46152542114258
2019-10-16T00:00:00.000000000,1428,29.53,34.15967,-4.6296717834472645,4.6296717834472645
2019-10-17T00:00:00.000000000,1428,88.14,33.560196,54.57980407714844,54.57980407714844
2019-10-18T00:00:00.000000000,1428,7.02,34.339806,-27.319805603027344,27.319805603027344
2019-10-19T00:00:00.000000000,1428,17.92,29.64827,-11.72826965332031,11.72826965332031
2019-10-20T00:00:00.000000000,1428,46.34,33.84362,12.496379699707035,12.496379699707035
2019-10-21T00:00:00.000000000,1428,51.6,33.724228,17.875772094726564,17.875772094726564
2019-10-22T00:00:00.000000000,1428,43.48,31.552094,11.927906494140622,11.927906494140622
2019-10-23T00:00:00.000000000,1428,21.1,35.79484,-14.69484176635742,14.69484176635742
2019-10-24T00:00:00.000000000,1428,34.7,32.583607,2.1163932800292997,2.1163932800292997
2019-10-26T00:00:00.000000000,1428,9.72,31.817238,-22.097237854003907,22.097237854003907
2019-10-27T00:00:00.000000000,1428,17.01,35.18844,-18.178438415527342,18.178438415527342
2019-10-28T00:00:00.000000000,1428,9.120000000000001,32.615902,-23.495901947021483,23.495901947021483
2019-10-29T00:00:00.000000000,1428,35.89,28.891663,6.998337402343751,6.998337402343751
2019-10-30T00:00:00.000000000,1428,49.209999999999994,33.37362,15.83638092041015,15.83638092041015
2019-10-31T00:00:00.000000000,1428,5.62,33.187607,-27.567606811523437,27.567606811523437
