client_id,date_day,daily_spend,tx_count,unique_mcc,unique_merchants,online_ratio,chip_ratio,day_of_week,is_weekend,month,day_of_month
1428,2010-01-01,34.01,5,3,4,0.6,0.0,4,0,1,1
1428,2010-01-02,11.73,2,2,2,0.5,0.0,5,1,1,2
1428,2010-01-03,12.76,2,2,2,0.5,0.0,6,1,1,3
1428,2010-01-04,37.84,4,4,4,0.25,0.0,0,0,1,4
1428,2010-01-05,12.96,3,3,3,0.3333333333333333,0.0,1,0,1,5
1428,2010-01-06,24.029999999999998,4,3,4,0.25,0.0,2,0,1,6
1428,2010-01-07,69.73,4,4,4,0.25,0.0,3,0,1,7
1428,2010-01-08,34.37,5,3,4,0.2,0.0,4,0,1,8
1428,2010-01-09,55.25,3,3,3,0.3333333333333333,0.0,5,1,1,9
1428,2010-01-10,21.75,6,4,5,0.3333333333333333,0.0,6,1,1,10
1428,2010-01-11,26.04,6,3,5,0.16666666666666666,0.0,0,0,1,11
1428,2010-01-12,53.65,6,5,5,0.0,0.0,1,0,1,12
1428,2010-01-13,31.36,6,4,5,0.16666666666666666,0.0,2,0,1,13
1428,2010-01-14,36.550000000000004,5,4,4,0.2,0.0,3,0,1,14
1428,2010-01-15,62.519999999999996,7,4,5,0.2857142857142857,0.0,4,0,1,15
1428,2010-01-16,38.68,5,2,3,0.2,0.0,5,1,1,16
1428,2010-01-17,35.16,4,2,3,0.75,0.0,6,1,1,17
1428,2010-01-18,25.07,4,3,3,0.5,0.0,0,0,1,18
1428,2010-01-19,46.25,4,3,3,0.0,0.0,1,0,1,19
1428,2010-01-20,63.86,10,3,5,0.3,0.0,2,0,1,20
1428,2010-01-21,13.02,4,3,3,0.25,0.0,3,0,1,21
1428,2010-01-22,24.21,3,2,2,0.6666666666666666,0.0,4,0,1,22
1428,2010-01-23,11.92,4,2,2,0.25,0.0,5,1,1,23
1428,2010-01-24,23.53,4,3,4,0.25,0.0,6,1,1,24
1428,2010-01-25,36.92,6,3,3,0.5,0.0,0,0,1,25
1428,2010-01-26,16.580000000000002,3,3,3,0.0,0.0,1,0,1,26
1428,2010-01-27,28.189999999999998,2,2,2,0.5,0.0,2,0,1,27
1428,2010-01-28,34.980000000000004,4,1,3,0.75,0.0,3,0,1,28
1428,2010-01-29,48.24,5,3,3,0.2,0.0,4,0,1,29
1428,2010-01-30,34.589999999999996,6,2,3,0.16666666666666666,0.0,5,1,1,30
1428,2010-01-31,31.69,6,3,5,0.16666666666666666,0.0,6,1,1,31
1428,2010-02-01,62.230000000000004,7,5,6,0.2857142857142857,0.0,0,0,2,1
1428,2010-02-02,46.54,6,5,5,0.0,0.0,1,0,2,2
1428,2010-02-03,99.59,8,4,6,0.375,0.0,2,0,2,3
1428,2010-02-04,50.99999999999999,5,3,3,0.2,0.0,3,0,2,4
1428,2010-02-06,25.380000000000003,3,3,3,0.0,0.0,5,1,2,6
1428,2010-02-07,21.64,4,3,4,0.5,0.0,6,1,2,7
1428,2010-02-08,50.93,5,3,4,0.2,0.0,0,0,2,8
1428,2010-02-09,45.62,4,3,4,0.25,0.0,1,0,2,9
1428,2010-02-10,12.0,2,2,2,0.0,0.0,2,0,2,10
1428,2010-02-11,31.85,5,3,5,0.4,0.0,3,0,2,11
1428,2010-02-12,27.130000000000003,3,2,2,0.0,0.0,4,0,2,12
1428,2010-02-13,40.71,5,3,4,0.6,0.0,5,1,2,13
1428,2010-02-14,56.699999999999996,4,3,4,0.5,0.0,6,1,2,14
1428,2010-02-15,19.71,3,3,3,0.0,0.0,0,0,2,15
1428,2010-02-16,7.28,2,2,2,0.0,0.0,1,0,2,16
1428,2010-02-17,19.47,5,4,4,0.2,0.0,2,0,2,17
1428,2010-02-18,52.08,4,3,3,0.0,0.0,3,0,2,18
1428,2010-02-19,13.219999999999999,3,2,2,0.6666666666666666,0.0,4,0,2,19
1428,2010-02-20,26.44,5,3,3,0.2,0.0,5,1,2,20
1428,2010-02-21,27.68,4,3,3,0.0,0.0,6,1,2,21
1428,2010-02-22,45.86,4,4,4,0.25,0.0,0,0,2,22
1428,2010-02-23,14.03,3,3,3,0.3333333333333333,0.0,1,0,2,23
1428,2010-02-24,22.92,5,4,4,0.0,0.0,2,0,2,24
1428,2010-02-25,31.84,6,3,4,0.5,0.0,3,0,2,25
1428,2010-02-26,12.27,2,2,2,0.0,0.0,4,0,2,26
1428,2010-02-27,27.45,5,3,4,0.2,0.0,5,1,2,27
1428,2010-02-28,19.82,4,4,4,0.25,0.0,6,1,2,28
1428,2010-03-01,22.71,4,3,3,0.5,0.0,0,0,3,1
1428,2010-03-02,68.78,10,3,6,0.1,0.0,1,0,3,2
1428,2010-03-03,27.700000000000003,5,2,4,0.4,0.0,2,0,3,3
1428,2010-03-04,23.759999999999998,5,2,3,0.6,0.0,3,0,3,4
1428,2010-03-05,34.49,3,3,3,0.0,0.0,4,0,3,5
1428,2010-03-06,47.78,3,3,3,0.3333333333333333,0.0,5,1,3,6
1428,2010-03-07,3.15,2,1,1,0.0,0.0,6,1,3,7
1428,2010-03-08,53.79,5,4,4,0.0,0.0,0,0,3,8
1428,2010-03-09,33.839999999999996,8,4,5,0.125,0.0,1,0,3,9
1428,2010-03-10,22.63,4,3,3,0.5,0.0,2,0,3,10
1428,2010-03-11,41.21,4,3,3,0.0,0.0,3,0,3,11
1428,2010-03-12,10.690000000000001,2,2,2,0.0,0.0,4,0,3,12
1428,2010-03-13,32.89,6,4,5,0.16666666666666666,0.0,5,1,3,13
1428,2010-03-14,15.239999999999998,3,3,3,0.3333333333333333,0.0,6,1,3,14
1428,2010-03-15,55.62,4,3,3,0.25,0.0,0,0,3,15
1428,2010-03-16,27.26,6,4,4,0.0,0.0,1,0,3,16
1428,2010-03-17,12.299999999999999,2,2,2,0.5,0.0,2,0,3,17
1428,2010-03-18,29.549999999999997,5,2,3,0.4,0.0,3,0,3,18
1428,2010-03-19,16.0,4,3,3,0.25,0.0,4,0,3,19
1428,2010-03-20,8.36,2,2,2,0.0,0.0,5,1,3,20
1428,2010-03-21,22.35,5,4,4,0.2,0.0,6,1,3,21
1428,2010-03-22,45.61000000000001,7,4,5,0.14285714285714285,0.0,0,0,3,22
1428,2010-03-23,48.93,5,5,5,0.0,0.0,1,0,3,23
1428,2010-03-24,18.5,3,2,3,0.3333333333333333,0.0,2,0,3,24
1428,2010-03-25,80.64,5,5,5,0.2,0.0,3,0,3,25
1428,2010-03-26,8.9,3,2,2,0.0,0.0,4,0,3,26
1428,2010-03-27,11.7,2,2,2,0.0,0.0,5,1,3,27
1428,2010-03-28,32.61,7,3,4,0.2857142857142857,0.0,6,1,3,28
1428,2010-03-29,26.55,4,3,4,0.25,0.0,0,0,3,29
1428,2010-03-30,20.87,5,3,4,0.2,0.0,1,0,3,30
1428,2010-03-31,91.42,9,4,4,0.2222222222222222,0.0,2,0,3,31
1428,2010-04-01,25.14,4,3,3,0.5,0.0,3,0,4,1
1428,2010-04-02,5.99,1,1,1,1.0,0.0,4,0,4,2
1428,2010-04-03,2.77,2,1,1,0.0,0.0,5,1,4,3
1428,2010-04-04,28.07,7,4,4,0.2857142857142857,0.0,6,1,4,4
1428,2010-04-05,20.6,5,3,4,0.2,0.0,0,0,4,5
1428,2010-04-06,17.91,4,3,4,0.25,0.0,1,0,4,6
1428,2010-04-07,35.94,7,3,3,0.0,0.0,2,0,4,7
1428,2010-04-08,22.740000000000002,4,3,4,0.25,0.0,3,0,4,8
1428,2010-04-09,12.66,3,2,3,0.6666666666666666,0.0,4,0,4,9
1428,2010-04-10,10.77,2,2,2,0.0,0.0,5,1,4,10
1428,2010-04-11,14.28,3,3,3,0.3333333333333333,0.0,6,1,4,11
1428,2010-04-12,72.79,6,6,6,0.3333333333333333,0.0,0,0,4,12
1428,2010-04-13,10.59,2,2,2,0.0,0.0,1,0,4,13
1428,2010-04-14,29.39,5,2,3,0.6,0.0,2,0,4,14
1428,2010-04-15,24.83,4,3,3,0.5,0.0,3,0,4,15
1428,2010-04-16,27.189999999999998,4,3,3,0.0,0.0,4,0,4,16
1428,2010-04-17,14.31,4,2,2,0.0,0.0,5,1,4,17
1428,2010-04-18,22.03,5,2,2,0.4,0.0,6,1,4,18
1428,2010-04-19,54.63,5,5,5,0.0,0.0,0,0,4,19
1428,2010-04-20,23.159999999999997,5,5,5,0.2,0.0,1,0,4,20
1428,2010-04-21,51.019999999999996,6,4,5,0.16666666666666666,0.0,2,0,4,21
1428,2010-04-22,13.01,4,3,3,0.0,0.0,3,0,4,22
1428,2010-04-23,17.08,2,1,2,1.0,0.0,4,0,4,23
1428,2010-04-24,17.549999999999997,2,1,2,1.0,0.0,5,1,4,24
1428,2010-04-25,6.99,2,2,2,0.0,0.0,6,1,4,25
1428,2010-04-26,31.18,5,3,4,0.4,0.0,0,0,4,26
1428,2010-04-27,51.510000000000005,6,2,3,0.3333333333333333,0.0,1,0,4,27
1428,2010-04-28,48.47,5,4,4,0.4,0.0,2,0,4,28
1428,2010-04-29,42.35,5,2,2,0.4,0.0,3,0,4,29
1428,2010-04-30,8.92,3,2,2,0.0,0.0,4,0,4,30
1428,2010-05-01,86.82,6,5,6,0.3333333333333333,0.0,5,1,5,1
1428,2010-05-02,16.7,5,3,3,0.2,0.0,6,1,5,2
1428,2010-05-03,8.35,2,2,2,0.5,0.0,0,0,5,3
1428,2010-05-04,9.09,3,2,2,0.3333333333333333,0.0,1,0,5,4
1428,2010-05-05,20.75,4,4,4,0.0,0.0,2,0,5,5
1428,2010-05-06,54.31,4,3,4,0.25,0.0,3,0,5,6
1428,2010-05-07,23.6,6,4,5,0.16666666666666666,0.0,4,0,5,7
1428,2010-05-09,22.53,2,1,2,0.5,0.0,6,1,5,9
1428,2010-05-10,35.879999999999995,7,3,4,0.2857142857142857,0.0,0,0,5,10
1428,2010-05-11,41.730000000000004,7,4,5,0.14285714285714285,0.0,1,0,5,11
1428,2010-05-12,4.79,2,2,2,0.0,0.0,2,0,5,12
1428,2010-05-13,30.8,4,2,3,0.25,0.0,3,0,5,13
1428,2010-05-14,6.12,1,1,1,1.0,0.0,4,0,5,14
1428,2010-05-15,11.13,3,2,2,0.3333333333333333,0.0,5,1,5,15
1428,2010-05-16,17.669999999999998,4,3,3,0.0,0.0,6,1,5,16
1428,2010-05-17,11.9,3,2,2,0.0,0.0,0,0,5,17
1428,2010-05-18,26.61,4,3,4,0.25,0.0,1,0,5,18
1428,2010-05-19,40.41,8,4,6,0.25,0.0,2,0,5,19
1428,2010-05-20,34.5,10,4,5,0.2,0.0,3,0,5,20
1428,2010-05-21,24.05,5,3,3,0.4,0.0,4,0,5,21
1428,2010-05-22,49.410000000000004,6,4,5,0.3333333333333333,0.0,5,1,5,22
1428,2010-05-23,47.02,8,4,6,0.125,0.0,6,1,5,23
1428,2010-05-24,18.47,4,3,3,0.25,0.0,0,0,5,24
1428,2010-05-25,83.63,7,5,6,0.0,0.0,1,0,5,25
1428,2010-05-26,4.87,2,1,2,0.0,0.0,2,0,5,26
1428,2010-05-27,27.369999999999997,4,3,4,0.5,0.0,3,0,5,27
1428,2010-05-28,24.909999999999997,5,2,3,0.2,0.0,4,0,5,28
1428,2010-05-29,10.44,2,2,2,0.5,0.0,5,1,5,29
1428,2010-05-30,14.649999999999999,2,1,1,0.0,0.0,6,1,5,30
1428,2010-05-31,13.709999999999999,5,3,4,0.0,0.0,0,0,5,31
1428,2010-06-01,36.58,2,2,2,0.5,0.0,1,0,6,1
1428,2010-06-02,62.730000000000004,7,3,4,0.42857142857142855,0.0,2,0,6,2
1428,2010-06-03,24.58,4,2,2,0.5,0.0,3,0,6,3
1428,2010-06-04,88.26,6,4,4,0.0,0.0,4,0,6,4
1428,2010-06-05,35.449999999999996,7,3,4,0.42857142857142855,0.0,5,1,6,5
1428,2010-06-06,7.2299999999999995,2,2,2,0.0,0.0,6,1,6,6
1428,2010-06-07,9.04,3,2,2,0.3333333333333333,0.0,0,0,6,7
1428,2010-06-08,37.69,5,3,3,0.2,0.0,1,0,6,8
1428,2010-06-09,134.07,8,6,7,0.125,0.0,2,0,6,9
1428,2010-06-10,17.81,4,4,4,0.25,0.0,3,0,6,10
1428,2010-06-11,22.310000000000002,5,4,4,0.0,0.0,4,0,6,11
1428,2010-06-12,5.61,3,2,2,0.0,0.0,5,1,6,12
1428,2010-06-13,22.759999999999998,4,3,3,0.5,0.0,6,1,6,13
1428,2010-06-14,22.31,5,2,4,0.2,0.0,0,0,6,14
1428,2010-06-15,59.58,7,2,3,0.0,0.0,1,0,6,15
1428,2010-06-16,27.68,6,4,6,0.16666666666666666,0.0,2,0,6,16
1428,2010-06-17,51.25,5,4,5,0.2,0.0,3,0,6,17
1428,2010-06-18,101.59,7,5,6,0.14285714285714285,0.0,4,0,6,18
1428,2010-06-19,44.4,2,2,2,0.0,0.0,5,1,6,19
1428,2010-06-20,22.29,3,3,3,0.0,0.0,6,1,6,20
1428,2010-06-21,30.77,6,4,5,0.16666666666666666,0.0,0,0,6,21
1428,2010-06-22,13.23,5,3,3,0.2,0.0,1,0,6,22
1428,2010-06-23,21.9,3,2,2,0.6666666666666666,0.0,2,0,6,23
1428,2010-06-24,23.64,5,3,4,0.2,0.0,3,0,6,24
1428,2010-06-25,30.650000000000002,4,2,3,0.25,0.0,4,0,6,25
1428,2010-06-26,20.82,3,2,2,0.6666666666666666,0.0,5,1,6,26
1428,2010-06-27,15.429999999999998,4,3,4,0.0,0.0,6,1,6,27
1428,2010-06-28,37.35999999999999,5,3,3,0.0,0.0,0,0,6,28
1428,2010-06-29,13.56,4,4,4,0.25,0.0,1,0,6,29
1428,2010-06-30,18.96,4,2,3,0.5,0.0,2,0,6,30
1428,2010-07-01,17.25,4,3,3,0.0,0.0,3,0,7,1
1428,2010-07-02,67.69,6,3,4,0.16666666666666666,0.0,4,0,7,2
1428,2010-07-03,52.019999999999996,4,3,4,0.25,0.0,5,1,7,3
1428,2010-07-04,24.28,5,4,4,0.2,0.0,6,1,7,4
1428,2010-07-05,12.51,4,3,3,0.25,0.0,0,0,7,5
1428,2010-07-06,13.41,4,2,2,0.25,0.0,1,0,7,6
1428,2010-07-07,40.71,5,2,3,0.2,0.0,2,0,7,7
1428,2010-07-08,10.36,2,2,2,0.5,0.0,3,0,7,8
1428,2010-07-09,44.330000000000005,7,3,4,0.14285714285714285,0.0,4,0,7,9
1428,2010-07-10,44.629999999999995,3,3,3,0.0,0.0,5,1,7,10
1428,2010-07-11,17.75,3,3,3,0.3333333333333333,0.0,6,1,7,11
1428,2010-07-12,56.67,8,3,4,0.375,0.0,0,0,7,12
1428,2010-07-13,38.440000000000005,7,3,4,0.42857142857142855,0.0,1,0,7,13
1428,2010-07-14,23.57,3,2,3,0.6666666666666666,0.0,2,0,7,14
1428,2010-07-15,27.65,5,2,3,0.4,0.0,3,0,7,15
1428,2010-07-16,11.129999999999999,3,3,3,0.0,0.0,4,0,7,16
1428,2010-07-17,50.56,4,3,3,0.0,0.0,5,1,7,17
1428,2010-07-18,26.879999999999995,4,3,3,0.0,0.0,6,1,7,18
1428,2010-07-19,21.24,4,4,4,0.0,0.0,0,0,7,19
1428,2010-07-20,27.619999999999997,5,3,3,0.4,0.0,1,0,7,20
1428,2010-07-21,6.37,1,1,1,0.0,0.0,2,0,7,21
1428,2010-07-22,82.23,6,6,6,0.16666666666666666,0.0,3,0,7,22
1428,2010-07-23,18.74,3,2,3,0.6666666666666666,0.0,4,0,7,23
1428,2010-07-24,27.64,4,2,4,0.5,0.0,5,1,7,24
1428,2010-07-25,10.53,1,1,1,0.0,0.0,6,1,7,25
1428,2010-07-26,65.88,6,4,5,0.16666666666666666,0.0,0,0,7,26
1428,2010-07-27,18.42,4,2,3,0.25,0.0,1,0,7,27
1428,2010-07-28,35.519999999999996,5,4,4,0.0,0.0,2,0,7,28
1428,2010-07-29,28.69,3,2,2,0.0,0.0,3,0,7,29
1428,2010-07-30,5.46,1,1,1,0.0,0.0,4,0,7,30
1428,2010-07-31,37.63999999999999,2,2,2,0.0,0.0,5,1,7,31
1428,2010-08-01,20.01,3,2,2,0.6666666666666666,0.0,6,1,8,1
1428,2010-08-02,26.32,2,2,2,0.0,0.0,0,0,8,2
1428,2010-08-03,4.7,1,1,1,0.0,0.0,1,0,8,3
1428,2010-08-04,44.39,5,3,4,0.4,0.0,2,0,8,4
1428,2010-08-05,41.19,7,4,4,0.2857142857142857,0.0,3,0,8,5
1428,2010-08-06,17.43,2,1,2,0.5,0.0,4,0,8,6
1428,2010-08-07,11.49,3,3,3,0.3333333333333333,0.0,5,1,8,7
1428,2010-08-08,47.93,5,3,3,0.2,0.0,6,1,8,8
1428,2010-08-09,10.19,2,2,2,0.5,0.0,0,0,8,9
1428,2010-08-10,13.49,4,3,3,0.25,0.0,1,0,8,10
1428,2010-08-11,50.17,3,3,3,0.3333333333333333,0.0,2,0,8,11
1428,2010-08-12,16.23,3,3,3,0.3333333333333333,0.0,3,0,8,12
1428,2010-08-13,16.36,3,2,3,0.6666666666666666,0.0,4,0,8,13
1428,2010-08-14,9.33,2,2,2,0.5,0.0,5,1,8,14
1428,2010-08-15,12.209999999999999,2,2,2,0.0,0.0,6,1,8,15
1428,2010-08-16,40.230000000000004,6,3,5,0.5,0.0,0,0,8,16
1428,2010-08-17,27.47,5,4,5,0.2,0.0,1,0,8,17
1428,2010-08-18,66.04,6,4,6,0.3333333333333333,0.0,2,0,8,18
1428,2010-08-19,65.58,5,5,5,0.0,0.0,3,0,8,19
1428,2010-08-20,57.85999999999999,9,4,5,0.1111111111111111,0.0,4,0,8,20
1428,2010-08-21,23.929999999999996,5,2,3,0.2,0.0,5,1,8,21
1428,2010-08-22,35.36,5,3,3,0.2,0.0,6,1,8,22
1428,2010-08-23,31.02000000000001,7,3,3,0.0,0.0,0,0,8,23
1428,2010-08-24,22.01,5,3,3,0.4,0.0,1,0,8,24
1428,2010-08-25,57.04,6,5,5,0.16666666666666666,0.0,2,0,8,25
1428,2010-08-26,63.050000000000004,4,3,3,0.5,0.0,3,0,8,26
1428,2010-08-27,13.6,2,2,2,0.5,0.0,4,0,8,27
1428,2010-08-28,11.309999999999999,3,2,2,0.0,0.0,5,1,8,28
1428,2010-08-29,9.690000000000001,4,2,2,0.25,0.0,6,1,8,29
1428,2010-08-30,31.76,7,4,4,0.0,0.0,0,0,8,30
1428,2010-08-31,38.69,6,2,3,0.3333333333333333,0.0,1,0,8,31
1428,2010-09-01,45.199999999999996,6,3,3,0.0,0.0,2,0,9,1
1428,2010-09-02,33.61,7,3,5,0.14285714285714285,0.0,3,0,9,2
1428,2010-09-03,24.09,4,3,3,0.0,0.0,4,0,9,3
1428,2010-09-04,16.490000000000002,2,1,1,0.0,0.0,5,1,9,4
1428,2010-09-05,14.639999999999999,3,3,3,0.0,0.0,6,1,9,5
1428,2010-09-06,8.75,2,2,2,0.0,0.0,0,0,9,6
1428,2010-09-07,67.75,5,4,5,0.4,0.0,1,0,9,7
1428,2010-09-08,29.9,6,4,4,0.0,0.0,2,0,9,8
1428,2010-09-09,104.82,6,4,6,0.3333333333333333,0.0,3,0,9,9
1428,2010-09-10,24.1,5,2,3,0.2,0.0,4,0,9,10
1428,2010-09-11,64.71,7,4,5,0.14285714285714285,0.0,5,1,9,11
1428,2010-09-12,56.42,5,5,5,0.2,0.0,6,1,9,12
1428,2010-09-13,36.43,3,3,3,0.3333333333333333,0.0,0,0,9,13
1428,2010-09-14,24.549999999999997,5,3,3,0.0,0.0,1,0,9,14
1428,2010-09-15,32.09,6,4,5,0.16666666666666666,0.0,2,0,9,15
1428,2010-09-16,16.21,4,3,4,0.0,0.0,3,0,9,16
1428,2010-09-17,33.379999999999995,6,3,3,0.0,0.0,4,0,9,17
1428,2010-09-18,15.89,3,3,3,0.3333333333333333,0.0,5,1,9,18
1428,2010-09-19,8.99,3,3,3,0.0,0.0,6,1,9,19
1428,2010-09-20,4.74,2,2,2,0.0,0.0,0,0,9,20
1428,2010-09-21,20.16,4,3,3,0.0,0.0,1,0,9,21
1428,2010-09-22,39.57,6,3,5,0.3333333333333333,0.0,2,0,9,22
1428,2010-09-23,18.529999999999998,6,4,4,0.16666666666666666,0.0,3,0,9,23
1428,2010-09-24,29.859999999999996,5,2,3,0.0,0.0,4,0,9,24
1428,2010-09-25,14.309999999999999,2,2,2,0.5,0.0,5,1,9,25
1428,2010-09-26,20.02,4,3,4,0.25,0.0,6,1,9,26
1428,2010-09-27,10.73,1,1,1,0.0,0.0,0,0,9,27
1428,2010-09-28,3.56,2,1,1,0.0,0.0,1,0,9,28
1428,2010-09-29,35.25,4,2,3,0.5,0.0,2,0,9,29
1428,2010-09-30,8.95,2,2,2,0.5,0.0,3,0,9,30
1428,2010-10-01,29.75,4,3,3,0.5,0.0,4,0,10,1
1428,2010-10-02,11.39,3,2,2,0.3333333333333333,0.0,5,1,10,2
1428,2010-10-03,18.52,4,3,4,0.5,0.0,6,1,10,3
1428,2010-10-04,8.54,1,1,1,1.0,0.0,0,0,10,4
1428,2010-10-05,26.97,4,3,3,0.5,0.0,1,0,10,5
1428,2010-10-06,24.13,4,3,4,0.25,0.0,2,0,10,6
1428,2010-10-07,39.66,5,4,4,0.4,0.0,3,0,10,7
1428,2010-10-08,2.67,2,1,1,0.0,0.0,4,0,10,8
1428,2010-10-09,10.66,4,2,2,0.25,0.0,5,1,10,9
1428,2010-10-10,31.15,4,2,3,0.25,0.0,6,1,10,10
1428,2010-10-11,26.91,5,3,3,0.4,0.0,0,0,10,11
1428,2010-10-12,37.19,9,4,6,0.2222222222222222,0.0,1,0,10,12
1428,2010-10-13,43.17,6,4,4,0.16666666666666666,0.0,2,0,10,13
1428,2010-10-14,18.169999999999998,4,4,4,0.25,0.0,3,0,10,14
1428,2010-10-15,67.00999999999999,3,3,3,0.3333333333333333,0.0,4,0,10,15
1428,2010-10-16,21.39,2,1,2,0.5,0.0,5,1,10,16
1428,2010-10-17,27.66,5,3,3,0.0,0.0,6,1,10,17
1428,2010-10-18,35.120000000000005,4,2,2,0.0,0.0,0,0,10,18
1428,2010-10-19,27.43,5,3,4,0.2,0.0,1,0,10,19
1428,2010-10-20,34.52,5,3,5,0.4,0.0,2,0,10,20
1428,2010-10-21,112.96,8,6,6,0.125,0.0,3,0,10,21
1428,2010-10-22,61.75,5,4,5,0.2,0.0,4,0,10,22
1428,2010-10-23,11.790000000000001,3,2,2,0.0,0.0,5,1,10,23
1428,2010-10-24,26.85,5,3,4,0.4,0.0,6,1,10,24
1428,2010-10-25,37.22,6,4,4,0.0,0.0,0,0,10,25
1428,2010-10-26,6.470000000000001,3,2,2,0.0,0.0,1,0,10,26
1428,2010-10-27,25.6,6,4,5,0.0,0.0,2,0,10,27
1428,2010-10-28,13.59,4,2,2,0.25,0.0,3,0,10,28
1428,2010-10-29,8.47,1,1,1,0.0,0.0,4,0,10,29
1428,2010-10-30,43.56,5,3,3,0.0,0.0,5,1,10,30
1428,2010-10-31,14.05,3,3,3,0.3333333333333333,0.0,6,1,10,31
1428,2010-11-01,45.09,5,4,4,0.0,0.0,0,0,11,1
1428,2010-11-02,75.48,6,4,4,0.0,0.0,1,0,11,2
1428,2010-11-03,59.99,7,3,5,0.42857142857142855,0.0,2,0,11,3
1428,2010-11-04,8.1,3,2,2,0.0,0.0,3,0,11,4
1428,2010-11-05,19.71,4,2,3,0.25,0.0,4,0,11,5
1428,2010-11-06,36.3,3,2,2,0.6666666666666666,0.0,5,1,11,6
1428,2010-11-07,38.24,8,4,5,0.125,0.0,6,1,11,7
1428,2010-11-08,36.17,6,5,5,0.0,0.0,0,0,11,8
1428,2010-11-09,12.7,3,3,3,0.3333333333333333,0.0,1,0,11,9
1428,2010-11-10,7.2,3,2,2,0.0,0.0,2,0,11,10
1428,2010-11-11,45.44,5,4,4,0.0,0.0,3,0,11,11
1428,2010-11-12,9.68,2,2,2,0.5,0.0,4,0,11,12
1428,2010-11-13,77.68,3,3,3,0.3333333333333333,0.0,5,1,11,13
1428,2010-11-14,40.43,5,4,5,0.2,0.0,6,1,11,14
1428,2010-11-15,5.949999999999999,2,2,2,0.0,0.0,0,0,11,15
1428,2010-11-16,20.66,4,4,4,0.25,0.0,1,0,11,16
1428,2010-11-17,52.46,6,4,5,0.3333333333333333,0.0,2,0,11,17
1428,2010-11-18,44.48,4,3,3,0.0,0.0,3,0,11,18
1428,2010-11-20,77.07,7,4,5,0.0,0.0,5,1,11,20
1428,2010-11-21,48.56999999999999,4,4,4,0.25,0.0,6,1,11,21
1428,2010-11-22,33.08,6,3,5,0.3333333333333333,0.0,0,0,11,22
1428,2010-11-23,12.64,3,2,2,0.3333333333333333,0.0,1,0,11,23
1428,2010-11-24,38.46,4,2,3,0.25,0.0,2,0,11,24
1428,2010-11-25,11.23,3,2,2,0.3333333333333333,0.0,3,0,11,25
1428,2010-11-26,11.53,2,2,2,0.0,0.0,4,0,11,26
1428,2010-11-27,16.29,3,2,2,0.6666666666666666,0.0,5,1,11,27
1428,2010-11-28,17.06,4,3,3,0.0,0.0,6,1,11,28
1428,2010-11-29,7.49,2,2,2,0.0,0.0,0,0,11,29
1428,2010-11-30,6.87,3,2,2,0.0,0.0,1,0,11,30
1428,2010-12-01,63.769999999999996,5,3,4,0.2,0.0,2,0,12,1
1428,2010-12-02,38.94,7,4,6,0.2857142857142857,0.0,3,0,12,2
1428,2010-12-03,22.14,4,2,2,0.5,0.0,4,0,12,3
1428,2010-12-04,39.35,3,2,3,0.0,0.0,5,1,12,4
1428,2010-12-05,31.150000000000002,5,1,2,0.0,0.0,6,1,12,5
1428,2010-12-06,11.62,3,3,3,0.0,0.0,0,0,12,6
1428,2010-12-07,37.53,6,3,4,0.5,0.0,1,0,12,7
1428,2010-12-08,87.17,9,5,6,0.1111111111111111,0.0,2,0,12,8
1428,2010-12-09,49.09,5,4,5,0.2,0.0,3,0,12,9
1428,2010-12-10,40.84,4,3,3,0.0,0.0,4,0,12,10
1428,2010-12-11,15.02,3,3,3,0.3333333333333333,0.0,5,1,12,11
1428,2010-12-12,65.07,8,5,5,0.0,0.0,6,1,12,12
1428,2010-12-13,41.56,8,4,4,0.125,0.0,0,0,12,13
1428,2010-12-14,22.299999999999997,3,2,3,0.6666666666666666,0.0,1,0,12,14
1428,2010-12-15,3.68,2,2,2,0.0,0.0,2,0,12,15
1428,2010-12-16,24.259999999999998,4,2,3,0.25,0.0,3,0,12,16
1428,2010-12-17,46.510000000000005,4,3,4,0.25,0.0,4,0,12,17
1428,2010-12-18,36.03,2,2,2,0.0,0.0,5,1,12,18
1428,2010-12-19,37.58,3,3,3,0.0,0.0,6,1,12,19
1428,2010-12-20,15.39,3,3,3,0.3333333333333333,0.0,0,0,12,20
1428,2010-12-21,49.9,5,4,4,0.2,0.0,1,0,12,21
1428,2010-12-22,9.51,3,3,3,0.0,0.0,2,0,12,22
1428,2010-12-23,26.630000000000003,6,4,5,0.16666666666666666,0.0,3,0,12,23
1428,2010-12-24,22.7,4,2,3,0.25,0.0,4,0,12,24
1428,2010-12-25,37.01,7,5,6,0.14285714285714285,0.0,5,1,12,25
1428,2010-12-26,28.240000000000002,5,3,3,0.4,0.0,6,1,12,26
1428,2010-12-27,33.47,8,3,4,0.125,0.0,0,0,12,27
1428,2010-12-28,29.400000000000002,5,3,4,0.2,0.0,1,0,12,28
1428,2010-12-29,13.899999999999999,3,3,3,0.0,0.0,2,0,12,29
1428,2010-12-30,49.69,5,4,4,0.0,0.0,3,0,12,30
1428,2010-12-31,12.33,1,1,1,0.0,0.0,4,0,12,31
1428,2011-01-01,53.41,5,4,4,0.0,0.0,5,1,1,1
1428,2011-01-02,4.1899999999999995,2,2,2,0.0,0.0,6,1,1,2
1428,2011-01-03,8.43,2,2,2,0.0,0.0,0,0,1,3
1428,2011-01-04,30.599999999999994,5,3,3,0.0,0.0,1,0,1,4
1428,2011-01-05,53.38,4,3,4,0.25,0.0,2,0,1,5
1428,2011-01-06,20.02,4,3,3,0.5,0.0,3,0,1,6
1428,2011-01-07,43.69,3,3,3,0.0,0.0,4,0,1,7
1428,2011-01-08,8.82,1,1,1,1.0,0.0,5,1,1,8
1428,2011-01-09,15.55,2,1,1,1.0,0.0,6,1,1,9
1428,2011-01-10,28.88,5,2,3,0.2,0.0,0,0,1,10
1428,2011-01-11,26.09,5,3,4,0.6,0.0,1,0,1,11
1428,2011-01-12,37.99999999999999,4,3,3,0.0,0.0,2,0,1,12
1428,2011-01-13,22.42,4,3,3,0.5,0.0,3,0,1,13
1428,2011-01-14,22.59,5,3,3,0.2,0.0,4,0,1,14
1428,2011-01-15,24.77,4,3,4,0.25,0.0,5,1,1,15
1428,2011-01-16,51.94,8,2,3,0.0,0.0,6,1,1,16
1428,2011-01-17,31.35,5,3,4,0.6,0.0,0,0,1,17
1428,2011-01-18,26.01,5,4,5,0.4,0.0,1,0,1,18
1428,2011-01-19,35.87,7,5,7,0.2857142857142857,0.0,2,0,1,19
1428,2011-01-20,9.29,1,1,1,1.0,0.0,3,0,1,20
1428,2011-01-21,15.99,6,3,3,0.16666666666666666,0.0,4,0,1,21
1428,2011-01-22,36.33,6,3,5,0.5,0.0,5,1,1,22
1428,2011-01-23,2.3,1,1,1,0.0,0.0,6,1,1,23
1428,2011-01-24,2.63,2,1,1,0.0,0.0,0,0,1,24
1428,2011-01-25,13.8,2,2,2,0.5,0.0,1,0,1,25
1428,2011-01-26,14.540000000000001,4,3,3,0.25,0.0,2,0,1,26
1428,2011-01-27,92.16999999999999,9,4,5,0.2222222222222222,0.0,3,0,1,27
1428,2011-01-28,29.69,4,1,2,0.0,0.0,4,0,1,28
1428,2011-01-29,58.67,4,3,3,0.5,0.0,5,1,1,29
1428,2011-01-30,23.029999999999998,3,3,3,0.3333333333333333,0.0,6,1,1,30
1428,2011-01-31,15.899999999999999,5,2,3,0.2,0.0,0,0,1,31
1428,2011-02-01,12.3,5,2,3,0.0,0.0,1,0,2,1
1428,2011-02-02,10.649999999999999,3,3,3,0.0,0.0,2,0,2,2
1428,2011-02-03,42.07,7,4,4,0.0,0.0,3,0,2,3
1428,2011-02-04,98.38000000000001,6,5,5,0.3333333333333333,0.0,4,0,2,4
1428,2011-02-05,18.749999999999996,4,3,3,0.0,0.0,5,1,2,5
1428,2011-02-06,28.81,3,3,3,0.0,0.0,6,1,2,6
1428,2011-02-07,24.09,4,3,4,0.25,0.0,0,0,2,7
1428,2011-02-08,88.02,7,4,5,0.14285714285714285,0.0,1,0,2,8
1428,2011-02-09,26.18,5,3,5,0.2,0.0,2,0,2,9
1428,2011-02-10,25.23,5,4,4,0.2,0.0,3,0,2,10
1428,2011-02-11,14.839999999999998,4,2,2,0.0,0.0,4,0,2,11
1428,2011-02-12,3.5200000000000005,2,2,2,0.0,0.0,5,1,2,12
1428,2011-02-13,14.93,3,3,3,0.3333333333333333,0.0,6,1,2,13
1428,2011-02-14,18.53,3,2,2,0.6666666666666666,0.0,0,0,2,14
1428,2011-02-15,53.31,5,3,5,0.4,0.0,1,0,2,15
1428,2011-02-16,24.2,5,3,3,0.4,0.0,2,0,2,16
1428,2011-02-17,19.270000000000003,5,3,3,0.0,0.0,3,0,2,17
1428,2011-02-18,33.699999999999996,6,3,3,0.3333333333333333,0.0,4,0,2,18
1428,2011-02-19,33.56,1,1,1,0.0,0.0,5,1,2,19
1428,2011-02-20,15.21,4,3,3,0.25,0.0,6,1,2,20
1428,2011-02-21,19.659999999999997,3,2,3,0.6666666666666666,0.0,0,0,2,21
1428,2011-02-22,17.14,3,3,3,0.0,0.0,1,0,2,22
1428,2011-02-23,34.449999999999996,6,2,3,0.3333333333333333,0.0,2,0,2,23
1428,2011-02-24,14.520000000000001,3,2,2,0.3333333333333333,0.0,3,0,2,24
1428,2011-02-25,24.37,4,3,3,0.5,0.0,4,0,2,25
1428,2011-02-26,8.61,3,2,2,0.0,0.0,5,1,2,26
1428,2011-02-27,50.739999999999995,8,5,5,0.0,0.0,6,1,2,27
1428,2011-02-28,17.15,2,1,2,0.5,0.0,0,0,2,28
1428,2011-03-01,7.56,3,2,2,0.0,0.0,1,0,3,1
1428,2011-03-02,61.370000000000005,5,3,4,0.4,0.0,2,0,3,2
1428,2011-03-03,3.33,2,1,1,0.0,0.0,3,0,3,3
1428,2011-03-04,20.25,4,2,3,0.25,0.0,4,0,3,4
1428,2011-03-05,19.490000000000002,5,3,3,0.2,0.0,5,1,3,5
1428,2011-03-06,19.130000000000003,2,1,2,0.5,0.0,6,1,3,6
1428,2011-03-07,19.39,5,4,4,0.0,0.0,0,0,3,7
1428,2011-03-08,24.34,5,4,5,0.2,0.0,1,0,3,8
1428,2011-03-09,21.56,3,2,3,0.3333333333333333,0.0,2,0,3,9
1428,2011-03-10,41.89,5,4,4,0.2,0.0,3,0,3,10
1428,2011-03-11,70.62,8,5,6,0.0,0.0,4,0,3,11
1428,2011-03-12,11.68,3,3,3,0.0,0.0,5,1,3,12
1428,2011-03-13,22.17,5,4,4,0.0,0.0,6,1,3,13
1428,2011-03-14,66.53,6,6,6,0.16666666666666666,0.0,0,0,3,14
1428,2011-03-15,99.07,8,6,8,0.125,0.0,1,0,3,15
1428,2011-03-16,124.18,6,6,6,0.16666666666666666,0.0,2,0,3,16
1428,2011-03-17,12.57,3,2,2,0.0,0.0,3,0,3,17
1428,2011-03-18,66.23,11,4,5,0.09090909090909091,0.0,4,0,3,18
1428,2011-03-19,14.280000000000001,2,1,1,0.0,0.0,5,1,3,19
1428,2011-03-20,18.060000000000002,2,1,2,1.0,0.0,6,1,3,20
1428,2011-03-21,26.21,7,4,4,0.0,0.0,0,0,3,21
1428,2011-03-22,26.1,5,4,5,0.2,0.0,1,0,3,22
1428,2011-03-23,54.83,5,4,5,0.6,0.0,2,0,3,23
1428,2011-03-24,17.7,3,3,3,0.3333333333333333,0.0,3,0,3,24
1428,2011-03-25,13.92,2,2,2,0.0,0.0,4,0,3,25
1428,2011-03-26,73.46,4,4,4,0.25,0.0,5,1,3,26
1428,2011-03-27,18.75,6,4,4,0.16666666666666666,0.0,6,1,3,27
1428,2011-03-28,47.15,5,4,5,0.4,0.0,0,0,3,28
1428,2011-03-29,23.31,5,3,4,0.2,0.0,1,0,3,29
1428,2011-03-30,17.88,5,3,3,0.0,0.0,2,0,3,30
1428,2011-03-31,49.86,4,3,4,0.25,0.0,3,0,3,31
1428,2011-04-01,26.88,5,3,3,0.4,0.0,4,0,4,1
1428,2011-04-02,27.189999999999998,5,2,4,0.4,0.0,5,1,4,2
1428,2011-04-03,1.14,1,1,1,0.0,0.0,6,1,4,3
1428,2011-04-04,15.39,4,2,3,0.25,0.0,0,0,4,4
1428,2011-04-05,20.03,4,4,4,0.25,0.0,1,0,4,5
1428,2011-04-06,15.96,2,2,2,0.0,0.0,2,0,4,6
1428,2011-04-07,17.490000000000002,4,3,3,0.5,0.0,3,0,4,7
1428,2011-04-08,51.65999999999999,6,2,3,0.0,0.0,4,0,4,8
1428,2011-04-09,0.74,1,1,1,0.0,0.0,5,1,4,9
1428,2011-04-10,21.82,4,2,2,0.5,0.0,6,1,4,10
1428,2011-04-11,60.93000000000001,7,4,5,0.42857142857142855,0.0,0,0,4,11
1428,2011-04-12,59.05,7,4,4,0.0,0.0,1,0,4,12
1428,2011-04-13,17.21,2,1,1,1.0,0.0,2,0,4,13
1428,2011-04-14,11.9,4,2,2,0.0,0.0,3,0,4,14
1428,2011-04-15,15.59,5,4,4,0.2,0.0,4,0,4,15
1428,2011-04-16,7.5,1,1,1,1.0,0.0,5,1,4,16
1428,2011-04-17,16.69,4,3,3,0.0,0.0,6,1,4,17
1428,2011-04-18,22.66,4,3,3,0.0,0.0,0,0,4,18
1428,2011-04-19,29.44,7,3,4,0.14285714285714285,0.0,1,0,4,19
1428,2011-04-20,21.93,6,4,4,0.16666666666666666,0.0,2,0,4,20
1428,2011-04-21,12.82,1,1,1,1.0,0.0,3,0,4,21
1428,2011-04-22,14.95,4,2,3,0.5,0.0,4,0,4,22
1428,2011-04-23,64.79,3,2,2,0.0,0.0,5,1,4,23
1428,2011-04-24,15.219999999999999,3,2,3,0.3333333333333333,0.0,6,1,4,24
1428,2011-04-25,12.879999999999999,5,4,4,0.2,0.0,0,0,4,25
1428,2011-04-26,13.36,3,3,3,0.3333333333333333,0.0,1,0,4,26
1428,2011-04-27,15.719999999999999,3,2,2,0.6666666666666666,0.0,2,0,4,27
1428,2011-04-28,38.24,6,4,5,0.16666666666666666,0.0,3,0,4,28
1428,2011-04-29,54.67,4,4,4,0.25,0.0,4,0,4,29
1428,2011-04-30,17.330000000000002,3,2,2,0.6666666666666666,0.0,5,1,4,30
1428,2011-05-01,29.09,4,2,3,0.25,0.0,6,1,5,1
1428,2011-05-02,37.65,7,2,3,0.5714285714285714,0.0,0,0,5,2
1428,2011-05-03,14.49,3,2,2,0.3333333333333333,0.0,1,0,5,3
1428,2011-05-04,11.49,2,2,2,0.5,0.0,2,0,5,4
1428,2011-05-05,35.89,5,2,4,0.4,0.0,3,0,5,5
1428,2011-05-06,52.5,6,5,5,0.16666666666666666,0.0,4,0,5,6
1428,2011-05-07,48.02,4,4,4,0.25,0.0,5,1,5,7
1428,2011-05-08,11.93,2,1,2,0.5,0.0,6,1,5,8
1428,2011-05-09,3.13,2,1,1,0.0,0.0,0,0,5,9
1428,2011-05-10,47.52,7,4,5,0.14285714285714285,0.0,1,0,5,10
1428,2011-05-11,11.309999999999999,2,2,2,0.5,0.0,2,0,5,11
1428,2011-05-12,64.03,4,2,3,0.75,0.0,3,0,5,12
1428,2011-05-13,23.46,5,3,4,0.2,0.0,4,0,5,13
1428,2011-05-15,75.47999999999999,6,3,3,0.0,0.0,6,1,5,15
1428,2011-05-16,12.26,4,2,2,0.25,0.0,0,0,5,16
1428,2011-05-17,36.62,4,2,2,0.25,0.0,1,0,5,17
1428,2011-05-18,19.65,3,2,2,0.0,0.0,2,0,5,18
1428,2011-05-19,16.97,3,3,3,0.0,0.0,3,0,5,19
1428,2011-05-20,25.810000000000002,4,3,4,0.5,0.0,4,0,5,20
1428,2011-05-21,10.77,2,2,2,0.5,0.0,5,1,5,21
1428,2011-05-22,24.84,3,2,2,0.0,0.0,6,1,5,22
1428,2011-05-23,19.41,4,3,3,0.0,0.0,0,0,5,23
1428,2011-05-24,45.01,5,3,4,0.0,0.0,1,0,5,24
1428,2011-05-25,20.01,3,2,2,0.6666666666666666,0.0,2,0,5,25
1428,2011-05-26,25.939999999999998,3,2,3,0.3333333333333333,0.0,3,0,5,26
1428,2011-05-27,93.81,7,5,6,0.2857142857142857,0.0,4,0,5,27
1428,2011-05-28,24.21,4,2,2,0.5,0.0,5,1,5,28
1428,2011-05-29,18.04,2,2,2,0.0,0.0,6,1,5,29
1428,2011-05-30,69.61999999999999,10,4,6,0.2,0.0,0,0,5,30
1428,2011-05-31,12.12,2,2,2,0.5,0.0,1,0,5,31
1428,2011-06-01,26.340000000000003,6,4,5,0.3333333333333333,0.0,2,0,6,1
1428,2011-06-02,36.12,2,2,2,0.0,0.0,3,0,6,2
1428,2011-06-03,28.509999999999998,6,3,4,0.3333333333333333,0.0,4,0,6,3
1428,2011-06-04,27.25,3,3,3,0.3333333333333333,0.0,5,1,6,4
1428,2011-06-05,83.54000000000002,7,4,5,0.14285714285714285,0.0,6,1,6,5
1428,2011-06-06,52.06,4,3,3,0.0,0.0,0,0,6,6
1428,2011-06-07,11.32,3,2,2,0.3333333333333333,0.0,1,0,6,7
1428,2011-06-08,38.89,5,3,3,0.0,0.0,2,0,6,8
1428,2011-06-09,6.6,2,2,2,0.0,0.0,3,0,6,9
1428,2011-06-10,83.97999999999999,5,4,4,0.2,0.0,4,0,6,10
1428,2011-06-11,35.97,3,3,3,0.0,0.0,5,1,6,11
1428,2011-06-12,44.050000000000004,4,4,4,0.0,0.0,6,1,6,12
1428,2011-06-13,48.93,7,5,5,0.0,0.0,0,0,6,13
1428,2011-06-14,42.32,4,3,3,0.0,0.0,1,0,6,14
1428,2011-06-15,82.35,9,4,6,0.1111111111111111,0.0,2,0,6,15
1428,2011-06-16,21.24,4,3,4,0.25,0.0,3,0,6,16
1428,2011-06-17,7.84,2,2,2,0.5,0.0,4,0,6,17
1428,2011-06-18,48.1,4,3,4,0.5,0.0,5,1,6,18
1428,2011-06-19,8.91,2,2,2,0.5,0.0,6,1,6,19
1428,2011-06-20,19.759999999999998,4,3,3,0.25,0.0,0,0,6,20
1428,2011-06-21,7.0600000000000005,2,2,2,0.0,0.0,1,0,6,21
1428,2011-06-22,8.26,2,2,2,0.0,0.0,2,0,6,22
1428,2011-06-23,31.23,5,3,5,0.4,0.0,3,0,6,23
1428,2011-06-24,29.919999999999998,6,4,5,0.16666666666666666,0.0,4,0,6,24
1428,2011-06-25,11.040000000000001,2,2,2,0.5,0.0,5,1,6,25
1428,2011-06-26,14.42,2,2,2,0.5,0.0,6,1,6,26
1428,2011-06-27,11.26,5,2,2,0.0,0.0,0,0,6,27
1428,2011-06-28,27.25,7,2,3,0.2857142857142857,0.0,1,0,6,28
1428,2011-06-29,21.88,4,2,3,0.25,0.0,2,0,6,29
1428,2011-06-30,64.94,6,4,5,0.3333333333333333,0.0,3,0,6,30
1428,2011-07-01,22.61,4,2,3,0.25,0.0,4,0,7,1
1428,2011-07-02,25.75,5,3,4,0.2,0.0,5,1,7,2
1428,2011-07-03,13.54,2,1,1,1.0,0.0,6,1,7,3
1428,2011-07-04,19.159999999999997,3,2,3,0.6666666666666666,0.0,0,0,7,4
1428,2011-07-05,4.1,2,2,2,0.0,0.0,1,0,7,5
1428,2011-07-06,26.43,4,3,3,0.25,0.0,2,0,7,6
1428,2011-07-07,1.4,1,1,1,0.0,0.0,3,0,7,7
1428,2011-07-08,19.27,4,3,4,0.25,0.0,4,0,7,8
1428,2011-07-09,54.0,4,4,4,0.25,0.0,5,1,7,9
1428,2011-07-10,25.9,3,3,3,0.3333333333333333,0.0,6,1,7,10
1428,2011-07-11,28.53,4,3,4,0.25,0.0,0,0,7,11
1428,2011-07-12,44.97,6,4,6,0.3333333333333333,0.0,1,0,7,12
1428,2011-07-13,62.9,6,4,5,0.3333333333333333,0.0,2,0,7,13
1428,2011-07-14,66.59,6,6,6,0.3333333333333333,0.0,3,0,7,14
1428,2011-07-15,42.35,4,3,4,0.25,0.0,4,0,7,15
1428,2011-07-16,21.830000000000002,4,2,2,0.0,0.0,5,1,7,16
1428,2011-07-17,55.79,6,5,5,0.16666666666666666,0.0,6,1,7,17
1428,2011-07-18,7.13,2,2,2,0.0,0.0,0,0,7,18
1428,2011-07-19,29.72,6,4,5,0.3333333333333333,0.0,1,0,7,19
1428,2011-07-20,12.19,4,3,3,0.0,0.0,2,0,7,20
1428,2011-07-21,55.53,6,5,6,0.16666666666666666,0.0,3,0,7,21
1428,2011-07-22,15.47,4,3,3,0.25,0.0,4,0,7,22
1428,2011-07-23,16.4,5,4,4,0.2,0.0,5,1,7,23
1428,2011-07-24,20.61,3,2,2,0.6666666666666666,0.0,6,1,7,24
1428,2011-07-25,56.06,6,5,6,0.16666666666666666,0.0,0,0,7,25
1428,2011-07-26,17.45,3,2,2,0.0,0.0,1,0,7,26
1428,2011-07-27,24.130000000000003,5,4,5,0.2,0.0,2,0,7,27
1428,2011-07-28,43.55,6,3,4,0.16666666666666666,0.0,3,0,7,28
1428,2011-07-29,86.88,7,5,5,0.0,0.0,4,0,7,29
1428,2011-07-30,40.62,5,2,3,0.4,0.0,5,1,7,30
1428,2011-07-31,17.83,2,1,1,0.0,0.0,6,1,7,31
1428,2011-08-01,82.97,10,3,4,0.2,0.0,0,0,8,1
1428,2011-08-02,36.11,5,3,3,0.0,0.0,1,0,8,2
1428,2011-08-03,14.34,3,3,3,0.3333333333333333,0.0,2,0,8,3
1428,2011-08-04,22.4,4,3,4,0.25,0.0,3,0,8,4
1428,2011-08-05,9.01,1,1,1,1.0,0.0,4,0,8,5
1428,2011-08-06,52.27,5,3,4,0.4,0.0,5,1,8,6
1428,2011-08-07,62.53,5,4,5,0.2,0.0,6,1,8,7
1428,2011-08-08,17.64,5,3,3,0.0,0.0,0,0,8,8
1428,2011-08-09,43.29,6,4,4,0.16666666666666666,0.0,1,0,8,9
1428,2011-08-10,11.16,2,2,2,0.5,0.0,2,0,8,10
1428,2011-08-11,21.91,6,4,4,0.0,0.0,3,0,8,11
1428,2011-08-12,46.21,8,3,5,0.25,0.0,4,0,8,12
1428,2011-08-13,26.509999999999998,4,3,4,0.25,0.0,5,1,8,13
1428,2011-08-14,25.799999999999997,4,2,3,0.5,0.0,6,1,8,14
1428,2011-08-15,22.96,5,4,4,0.4,0.0,0,0,8,15
1428,2011-08-16,11.76,4,3,3,0.0,0.0,1,0,8,16
1428,2011-08-17,16.29,4,3,3,0.25,0.0,2,0,8,17
1428,2011-08-18,4.43,3,1,1,0.0,0.0,3,0,8,18
1428,2011-08-19,39.129999999999995,7,4,5,0.2857142857142857,0.0,4,0,8,19
1428,2011-08-20,1.32,1,1,1,0.0,0.0,5,1,8,20
1428,2011-08-21,20.39,3,2,3,0.3333333333333333,0.0,6,1,8,21
1428,2011-08-22,47.709999999999994,4,4,4,0.25,0.0,0,0,8,22
1428,2011-08-23,22.85,4,3,3,0.5,0.0,1,0,8,23
1428,2011-08-24,32.05,6,3,5,0.3333333333333333,0.0,2,0,8,24
1428,2011-08-25,20.78,5,3,3,0.0,0.0,3,0,8,25
1428,2011-08-26,1.33,1,1,1,0.0,0.0,4,0,8,26
1428,2011-08-27,18.509999999999998,3,3,3,0.3333333333333333,0.0,5,1,8,27
1428,2011-08-28,71.41999999999999,5,4,4,0.4,0.0,6,1,8,28
1428,2011-08-29,26.75,3,2,3,0.3333333333333333,0.0,0,0,8,29
1428,2011-08-30,24.11,2,2,2,0.5,0.0,1,0,8,30
1428,2011-08-31,17.94,3,2,2,0.6666666666666666,0.0,2,0,8,31
1428,2011-09-01,58.38,8,4,5,0.375,0.0,3,0,9,1
1428,2011-09-02,21.27,5,3,3,0.4,0.0,4,0,9,2
1428,2011-09-03,22.560000000000002,3,2,3,0.3333333333333333,0.0,5,1,9,3
1428,2011-09-04,20.59,4,2,3,0.25,0.0,6,1,9,4
1428,2011-09-05,58.87,5,4,5,0.2,0.0,0,0,9,5
1428,2011-09-06,68.66,6,5,6,0.16666666666666666,0.0,1,0,9,6
1428,2011-09-07,32.1,5,4,4,0.2,0.0,2,0,9,7
1428,2011-09-08,32.120000000000005,3,1,2,0.3333333333333333,0.0,3,0,9,8
1428,2011-09-09,49.08,3,2,3,0.3333333333333333,0.0,4,0,9,9
1428,2011-09-10,88.30999999999999,10,5,6,0.3,0.0,5,1,9,10
1428,2011-09-11,21.18,4,3,4,0.25,0.0,6,1,9,11
1428,2011-09-12,21.81,5,3,3,0.2,0.0,0,0,9,12
1428,2011-09-13,2.72,1,1,1,0.0,0.0,1,0,9,13
1428,2011-09-14,22.009999999999998,5,2,2,0.4,0.0,2,0,9,14
1428,2011-09-15,7.289999999999999,3,3,3,0.0,0.0,3,0,9,15
1428,2011-09-16,20.759999999999998,3,2,2,0.6666666666666666,0.0,4,0,9,16
1428,2011-09-17,25.54,5,3,3,0.0,0.0,5,1,9,17
1428,2011-09-18,1.87,1,1,1,0.0,0.0,6,1,9,18
1428,2011-09-19,23.0,5,3,4,0.2,0.0,0,0,9,19
1428,2011-09-20,57.22,6,5,6,0.16666666666666666,0.0,1,0,9,20
1428,2011-09-21,22.31,5,3,3,0.4,0.0,2,0,9,21
1428,2011-09-22,48.99,5,4,5,0.2,0.0,3,0,9,22
1428,2011-09-23,30.47,7,3,3,0.0,0.0,4,0,9,23
1428,2011-09-24,45.760000000000005,5,4,4,0.2,0.0,5,1,9,24
1428,2011-09-25,10.260000000000002,2,2,2,0.0,0.0,6,1,9,25
1428,2011-09-26,55.75,6,4,4,0.3333333333333333,0.0,0,0,9,26
1428,2011-09-27,29.07,5,3,3,0.0,0.0,1,0,9,27
1428,2011-09-28,2.83,2,1,1,0.0,0.0,2,0,9,28
1428,2011-09-29,63.39,8,7,7,0.0,0.0,3,0,9,29
1428,2011-09-30,22.21,4,3,3,0.5,0.0,4,0,9,30
1428,2011-10-01,56.60999999999999,5,4,5,0.2,0.0,5,1,10,1
1428,2011-10-02,21.08,4,2,3,0.25,0.0,6,1,10,2
1428,2011-10-03,28.57,4,3,3,0.25,0.0,0,0,10,3
1428,2011-10-04,13.68,3,3,3,0.3333333333333333,0.0,1,0,10,4
1428,2011-10-05,15.4,5,2,3,0.4,0.0,2,0,10,5
1428,2011-10-06,29.06,3,2,2,0.6666666666666666,0.0,3,0,10,6
1428,2011-10-07,36.48,6,4,5,0.16666666666666666,0.0,4,0,10,7
1428,2011-10-08,11.590000000000002,3,2,2,0.3333333333333333,0.0,5,1,10,8
1428,2011-10-09,17.37,2,1,2,0.5,0.0,6,1,10,9
1428,2011-10-10,40.35,8,3,4,0.125,0.0,0,0,10,10
1428,2011-10-11,17.45,4,2,3,0.25,0.0,1,0,10,11
1428,2011-10-12,1.4,1,1,1,0.0,0.0,2,0,10,12
1428,2011-10-13,29.65,5,2,4,0.2,0.0,3,0,10,13
1428,2011-10-14,52.61,6,4,4,0.16666666666666666,0.0,4,0,10,14
1428,2011-10-15,41.519999999999996,6,3,3,0.0,0.0,5,1,10,15
1428,2011-10-16,30.57,4,3,4,0.25,0.0,6,1,10,16
1428,2011-10-17,16.99,5,2,3,0.2,0.0,0,0,10,17
1428,2011-10-18,25.330000000000002,6,4,4,0.0,0.0,1,0,10,18
1428,2011-10-19,42.79,8,4,6,0.25,0.0,2,0,10,19
1428,2011-10-20,9.81,2,2,2,0.5,0.0,3,0,10,20
1428,2011-10-21,99.9,9,6,7,0.1111111111111111,0.0,4,0,10,21
1428,2011-10-22,12.27,1,1,1,0.0,0.0,5,1,10,22
1428,2011-10-23,29.909999999999997,4,3,4,0.5,0.0,6,1,10,23
1428,2011-10-24,30.78,4,2,3,0.5,0.0,0,0,10,24
1428,2011-10-25,39.37,7,4,5,0.14285714285714285,0.0,1,0,10,25
1428,2011-10-26,28.59,5,3,3,0.2,0.0,2,0,10,26
1428,2011-10-27,13.39,4,3,3,0.0,0.0,3,0,10,27
1428,2011-10-28,22.4,6,5,5,0.0,0.0,4,0,10,28
1428,2011-10-29,31.22,5,2,2,0.0,0.0,5,1,10,29
1428,2011-10-30,13.29,2,2,2,0.5,0.0,6,1,10,30
1428,2011-10-31,12.66,3,3,3,0.3333333333333333,0.0,0,0,10,31
1428,2011-11-01,22.599999999999998,5,4,5,0.2,0.0,1,0,11,1
1428,2011-11-02,65.38,7,4,4,0.14285714285714285,0.0,2,0,11,2
1428,2011-11-03,18.65,3,2,2,0.0,0.0,3,0,11,3
1428,2011-11-04,20.48,5,3,3,0.2,0.0,4,0,11,4
1428,2011-11-05,17.07,2,1,2,0.5,0.0,5,1,11,5
1428,2011-11-06,40.23,3,3,3,0.0,0.0,6,1,11,6
1428,2011-11-07,60.32,5,4,5,0.2,0.0,0,0,11,7
1428,2011-11-08,13.89,4,3,3,0.0,0.0,1,0,11,8
1428,2011-11-09,65.51,7,4,6,0.2857142857142857,0.0,2,0,11,9
1428,2011-11-10,19.520000000000003,5,4,4,0.2,0.0,3,0,11,10
1428,2011-11-11,31.23,5,2,3,0.4,0.0,4,0,11,11
1428,2011-11-12,11.94,3,3,3,0.3333333333333333,0.0,5,1,11,12
1428,2011-11-13,33.419999999999995,6,3,4,0.0,0.0,6,1,11,13
1428,2011-11-14,47.300000000000004,4,3,3,0.25,0.0,0,0,11,14
1428,2011-11-15,6.79,2,2,2,0.0,0.0,1,0,11,15
1428,2011-11-16,63.56,6,5,5,0.3333333333333333,0.0,2,0,11,16
1428,2011-11-17,19.98,5,3,3,0.2,0.0,3,0,11,17
1428,2011-11-18,24.39,5,2,3,0.6,0.0,4,0,11,18
1428,2011-11-19,42.6,5,3,4,0.2,0.0,5,1,11,19
1428,2011-11-20,10.079999999999998,2,2,2,0.0,0.0,6,1,11,20
1428,2011-11-21,39.22,3,3,3,0.0,0.0,0,0,11,21
1428,2011-11-22,19.830000000000002,5,3,3,0.2,0.0,1,0,11,22
1428,2011-11-23,33.55,5,4,4,0.2,0.0,2,0,11,23
1428,2011-11-24,30.020000000000003,6,3,5,0.16666666666666666,0.0,3,0,11,24
1428,2011-11-25,80.36,8,5,5,0.125,0.0,4,0,11,25
1428,2011-11-26,27.6,5,3,4,0.2,0.0,5,1,11,26
1428,2011-11-27,22.37,2,2,2,0.0,0.0,6,1,11,27
1428,2011-11-28,32.949999999999996,9,4,5,0.1111111111111111,0.0,0,0,11,28
1428,2011-11-29,65.53,6,5,5,0.16666666666666666,0.0,1,0,11,29
1428,2011-11-30,5.8100000000000005,3,2,2,0.0,0.0,2,0,11,30
1428,2011-12-01,28.009999999999998,6,4,5,0.16666666666666666,0.0,3,0,12,1
1428,2011-12-02,15.059999999999999,3,3,3,0.3333333333333333,0.0,4,0,12,2
1428,2011-12-03,18.28,2,1,1,0.0,0.0,5,1,12,3
1428,2011-12-04,9.13,1,1,1,0.0,0.0,6,1,12,4
1428,2011-12-05,18.25,4,3,3,0.25,0.0,0,0,12,5
1428,2011-12-06,7.13,4,2,2,0.0,0.0,1,0,12,6
1428,2011-12-07,16.91,5,3,3,0.2,0.0,2,0,12,7
1428,2011-12-08,36.870000000000005,4,2,3,0.25,0.0,3,0,12,8
1428,2011-12-09,6.6,3,2,2,0.0,0.0,4,0,12,9
1428,2011-12-10,33.78,4,3,3,0.25,0.0,5,1,12,10
1428,2011-12-11,38.760000000000005,5,2,3,0.4,0.0,6,1,12,11
1428,2011-12-12,16.87,6,2,3,0.0,0.0,0,0,12,12
1428,2011-12-13,101.49,8,5,5,0.375,0.0,1,0,12,13
1428,2011-12-14,34.78,7,5,6,0.14285714285714285,0.0,2,0,12,14
1428,2011-12-15,18.85,4,4,4,0.0,0.0,3,0,12,15
1428,2011-12-16,43.55,6,3,4,0.6666666666666666,0.0,4,0,12,16
1428,2011-12-17,30.52,2,2,2,0.0,0.0,5,1,12,17
1428,2011-12-18,16.089999999999996,4,2,2,0.0,0.0,6,1,12,18
1428,2011-12-19,93.71000000000001,6,5,6,0.16666666666666666,0.0,0,0,12,19
1428,2011-12-20,33.46,7,4,4,0.0,0.0,1,0,12,20
1428,2011-12-21,24.52,4,3,4,0.25,0.0,2,0,12,21
1428,2011-12-22,81.37,9,4,5,0.0,0.0,3,0,12,22
1428,2011-12-23,12.169999999999998,2,2,2,0.0,0.0,4,0,12,23
1428,2011-12-24,23.98,5,4,4,0.2,0.0,5,1,12,24
1428,2011-12-25,43.1,3,3,3,0.0,0.0,6,1,12,25
1428,2011-12-26,22.21,5,3,3,0.0,0.0,0,0,12,26
1428,2011-12-27,23.259999999999998,4,3,4,0.25,0.0,1,0,12,27
1428,2011-12-28,37.61,7,4,5,0.14285714285714285,0.0,2,0,12,28
1428,2011-12-29,29.740000000000002,7,3,4,0.14285714285714285,0.0,3,0,12,29
1428,2011-12-30,12.19,3,3,3,0.3333333333333333,0.0,4,0,12,30
1428,2011-12-31,19.8,2,1,2,0.5,0.0,5,1,12,31
1428,2012-01-01,59.8,8,2,4,0.25,0.0,6,1,1,1
1428,2012-01-02,10.309999999999999,2,2,2,0.5,0.0,0,0,1,2
1428,2012-01-03,33.21,4,2,3,0.5,0.0,1,0,1,3
1428,2012-01-04,14.35,4,3,3,0.25,0.0,2,0,1,4
1428,2012-01-05,1.56,1,1,1,0.0,0.0,3,0,1,5
1428,2012-01-06,31.65,5,4,4,0.4,0.0,4,0,1,6
1428,2012-01-07,34.07,8,4,5,0.125,0.0,5,1,1,7
1428,2012-01-08,15.02,3,2,2,0.0,0.0,6,1,1,8
1428,2012-01-09,19.21,4,2,3,0.5,0.0,0,0,1,9
1428,2012-01-10,17.29,4,2,2,0.5,0.0,1,0,1,10
1428,2012-01-11,3.76,2,2,2,0.0,0.0,2,0,1,11
1428,2012-01-12,34.11,6,2,3,0.16666666666666666,0.0,3,0,1,12
1428,2012-01-13,20.099999999999998,6,5,5,0.16666666666666666,0.0,4,0,1,13
1428,2012-01-14,75.26,3,3,3,0.0,0.0,5,1,1,14
1428,2012-01-15,20.580000000000002,4,3,3,0.25,0.0,6,1,1,15
1428,2012-01-16,11.25,3,2,2,0.3333333333333333,0.0,0,0,1,16
1428,2012-01-17,18.880000000000003,4,4,4,0.0,0.0,1,0,1,17
1428,2012-01-18,43.49,7,2,4,0.14285714285714285,0.0,2,0,1,18
1428,2012-01-19,13.81,2,2,2,0.0,0.0,3,0,1,19
1428,2012-01-20,81.22999999999999,7,3,5,0.42857142857142855,0.0,4,0,1,20
1428,2012-01-21,79.25,5,3,4,0.2,0.0,5,1,1,21
1428,2012-01-22,16.06,4,3,3,0.0,0.0,6,1,1,22
1428,2012-01-23,56.07,3,2,2,0.6666666666666666,0.0,0,0,1,23
1428,2012-01-24,14.99,4,3,3,0.25,0.0,1,0,1,24
1428,2012-01-25,19.53,3,2,3,0.6666666666666666,0.0,2,0,1,25
1428,2012-01-26,83.59,5,4,5,0.2,0.0,3,0,1,26
1428,2012-01-27,40.45,3,3,3,0.3333333333333333,0.0,4,0,1,27
1428,2012-01-28,8.77,1,1,1,1.0,0.0,5,1,1,28
1428,2012-01-29,87.44,8,4,4,0.125,0.0,6,1,1,29
1428,2012-01-30,69.45,5,4,5,0.2,0.0,0,0,1,30
1428,2012-01-31,26.95,6,3,3,0.0,0.0,1,0,1,31
1428,2012-02-01,68.87,4,3,4,0.5,0.0,2,0,2,1
1428,2012-02-02,45.86,4,3,3,0.25,0.0,3,0,2,2
1428,2012-02-03,15.27,4,3,3,0.0,0.0,4,0,2,3
1428,2012-02-04,19.17,3,3,3,0.3333333333333333,0.0,5,1,2,4
1428,2012-02-05,17.02,3,3,3,0.0,0.0,6,1,2,5
1428,2012-02-06,19.59,3,2,3,0.3333333333333333,0.0,0,0,2,6
1428,2012-02-07,11.799999999999999,4,2,3,0.0,0.0,1,0,2,7
1428,2012-02-08,12.97,2,2,2,0.5,0.0,2,0,2,8
1428,2012-02-09,35.230000000000004,4,2,2,0.0,0.0,3,0,2,9
1428,2012-02-10,87.49,7,5,6,0.2857142857142857,0.0,4,0,2,10
1428,2012-02-11,44.07,5,4,4,0.2,0.0,5,1,2,11
1428,2012-02-12,28.58,2,2,2,0.5,0.0,6,1,2,12
1428,2012-02-13,5.32,3,2,2,0.0,0.0,0,0,2,13
1428,2012-02-14,23.47,4,3,4,0.25,0.0,1,0,2,14
1428,2012-02-15,18.55,5,3,3,0.0,0.0,2,0,2,15
1428,2012-02-16,49.760000000000005,8,3,4,0.25,0.0,3,0,2,16
1428,2012-02-17,33.03,7,3,4,0.14285714285714285,0.0,4,0,2,17
1428,2012-02-18,15.91,2,1,2,0.5,0.0,5,1,2,18
1428,2012-02-19,55.85,4,4,4,0.0,0.0,6,1,2,19
1428,2012-02-20,29.549999999999997,4,2,2,0.25,0.0,0,0,2,20
1428,2012-02-21,30.239999999999995,5,2,2,0.0,0.0,1,0,2,21
1428,2012-02-22,2.11,1,1,1,0.0,0.0,2,0,2,22
1428,2012-02-23,27.410000000000004,5,3,3,0.4,0.0,3,0,2,23
1428,2012-02-24,2.92,2,1,1,0.0,0.0,4,0,2,24
1428,2012-02-25,55.73,5,4,4,0.2,0.0,5,1,2,25
1428,2012-02-26,67.16,4,2,3,0.5,0.0,6,1,2,26
1428,2012-02-27,10.4,3,2,2,0.0,0.0,0,0,2,27
1428,2012-02-28,15.379999999999999,2,1,2,0.5,0.0,1,0,2,28
1428,2012-03-01,55.85,4,3,3,0.25,0.0,3,0,3,1
1428,2012-03-02,49.23,4,3,4,0.5,0.0,4,0,3,2
1428,2012-03-03,63.32,6,4,4,0.3333333333333333,0.0,5,1,3,3
1428,2012-03-04,4.55,2,1,2,0.0,0.0,6,1,3,4
1428,2012-03-05,17.61,4,3,3,0.25,0.0,0,0,3,5
1428,2012-03-06,10.35,2,2,2,0.5,0.0,1,0,3,6
1428,2012-03-07,18.75,5,3,3,0.2,0.0,2,0,3,7
1428,2012-03-08,1.11,1,1,1,0.0,0.0,3,0,3,8
1428,2012-03-09,31.69,6,2,3,0.5,0.0,4,0,3,9
1428,2012-03-10,47.82000000000001,4,4,4,0.0,0.0,5,1,3,10
1428,2012-03-11,11.110000000000001,2,2,2,0.5,0.0,6,1,3,11
1428,2012-03-12,8.15,2,2,2,0.0,0.0,0,0,3,12
1428,2012-03-13,45.89,4,2,4,0.5,0.0,1,0,3,13
1428,2012-03-14,48.55,5,3,4,0.6,0.0,2,0,3,14
1428,2012-03-15,8.95,1,1,1,1.0,0.0,3,0,3,15
1428,2012-03-16,24.29,3,1,2,0.6666666666666666,0.0,4,0,3,16
1428,2012-03-17,17.54,4,3,3,0.25,0.0,5,1,3,17
1428,2012-03-18,6.710000000000001,2,2,2,0.0,0.0,6,1,3,18
1428,2012-03-19,5.32,3,1,1,0.0,0.0,0,0,3,19
1428,2012-03-20,22.7,4,3,4,0.5,0.0,1,0,3,20
1428,2012-03-21,17.68,2,2,2,0.0,0.0,2,0,3,21
1428,2012-03-22,29.1,5,2,4,0.4,0.0,3,0,3,22
1428,2012-03-23,37.51,3,3,3,0.0,0.0,4,0,3,23
1428,2012-03-24,76.92999999999999,7,5,5,0.0,0.0,5,1,3,24
1428,2012-03-25,88.3,8,4,5,0.25,0.0,6,1,3,25
1428,2012-03-26,32.66,6,3,4,0.3333333333333333,0.0,0,0,3,26
1428,2012-03-27,20.159999999999997,3,3,3,0.0,0.0,1,0,3,27
1428,2012-03-28,28.54,4,2,2,0.5,0.0,2,0,3,28
1428,2012-03-29,56.230000000000004,8,3,4,0.25,0.0,3,0,3,29
1428,2012-03-30,20.990000000000002,4,3,3,0.5,0.0,4,0,3,30
1428,2012-03-31,22.6,4,2,4,0.25,0.0,5,1,3,31
1428,2012-04-01,8.31,1,1,1,1.0,0.0,6,1,4,1
1428,2012-04-02,5.7700000000000005,2,1,2,0.0,0.0,0,0,4,2
1428,2012-04-03,53.449999999999996,8,3,5,0.125,0.0,1,0,4,3
1428,2012-04-04,43.830000000000005,10,4,5,0.1,0.0,2,0,4,4
1428,2012-04-05,65.36,8,2,3,0.0,0.0,3,0,4,5
1428,2012-04-06,71.05,7,4,5,0.14285714285714285,0.0,4,0,4,6
1428,2012-04-07,29.91,5,3,4,0.2,0.0,5,1,4,7
1428,2012-04-08,19.55,3,2,3,0.6666666666666666,0.0,6,1,4,8
1428,2012-04-09,34.67,4,3,3,0.5,0.0,0,0,4,9
1428,2012-04-10,64.08999999999999,6,5,5,0.3333333333333333,0.0,1,0,4,10
1428,2012-04-11,43.27,5,3,3,0.2,0.0,2,0,4,11
1428,2012-04-12,27.65,3,2,3,0.6666666666666666,0.0,3,0,4,12
1428,2012-04-13,56.279999999999994,5,5,5,0.0,0.0,4,0,4,13
1428,2012-04-14,33.65,6,3,5,0.3333333333333333,0.0,5,1,4,14
1428,2012-04-15,31.43,3,3,3,0.0,0.0,6,1,4,15
1428,2012-04-16,36.7,2,2,2,0.0,0.0,0,0,4,16
1428,2012-04-17,11.389999999999999,2,2,2,0.5,0.0,1,0,4,17
1428,2012-04-18,21.99,5,4,4,0.2,0.0,2,0,4,18
1428,2012-04-19,38.97,5,3,5,0.2,0.0,3,0,4,19
1428,2012-04-20,26.990000000000002,4,4,4,0.0,0.0,4,0,4,20
1428,2012-04-21,47.86,3,3,3,0.0,0.0,5,1,4,21
1428,2012-04-22,48.28,3,2,3,0.6666666666666666,0.0,6,1,4,22
1428,2012-04-23,2.39,2,1,1,0.0,0.0,0,0,4,23
1428,2012-04-24,18.93,3,2,3,0.3333333333333333,0.0,1,0,4,24
1428,2012-04-25,18.16,3,2,2,0.6666666666666666,0.0,2,0,4,25
1428,2012-04-26,34.34,6,4,5,0.16666666666666666,0.0,3,0,4,26
1428,2012-04-27,30.45,5,3,3,0.4,0.0,4,0,4,27
1428,2012-04-28,41.57,4,4,4,0.0,0.0,5,1,4,28
1428,2012-04-29,10.4,1,1,1,1.0,0.0,6,1,4,29
1428,2012-04-30,19.8,3,3,3,0.0,0.0,0,0,4,30
1428,2012-05-01,14.82,2,2,2,0.0,0.0,1,0,5,1
1428,2012-05-02,22.23,4,2,2,0.5,0.0,2,0,5,2
1428,2012-05-03,19.4,3,2,3,0.6666666666666666,0.0,3,0,5,3
1428,2012-05-04,12.91,4,3,3,0.0,0.0,4,0,5,4
1428,2012-05-05,12.68,3,2,3,0.3333333333333333,0.0,5,1,5,5
1428,2012-05-06,28.25,3,1,3,0.6666666666666666,0.0,6,1,5,6
1428,2012-05-07,67.15,6,4,5,0.3333333333333333,0.0,0,0,5,7
1428,2012-05-08,9.09,4,2,2,0.25,0.0,1,0,5,8
1428,2012-05-09,14.729999999999999,3,3,3,0.3333333333333333,0.0,2,0,5,9
1428,2012-05-10,15.71,3,3,3,0.0,0.0,3,0,5,10
1428,2012-05-11,22.770000000000003,5,3,4,0.2,0.0,4,0,5,11
1428,2012-05-12,20.44,5,2,3,0.6,0.0,5,1,5,12
1428,2012-05-13,21.65,5,3,4,0.2,0.0,6,1,5,13
1428,2012-05-14,27.630000000000003,3,2,3,0.3333333333333333,0.0,0,0,5,14
1428,2012-05-15,35.93,6,4,4,0.3333333333333333,0.0,1,0,5,15
1428,2012-05-16,7.05,2,2,2,0.0,0.0,2,0,5,16
1428,2012-05-17,21.32,2,2,2,0.0,0.0,3,0,5,17
1428,2012-05-18,19.98,3,3,3,0.3333333333333333,0.0,4,0,5,18
1428,2012-05-19,47.330000000000005,9,3,4,0.0,0.0,5,1,5,19
1428,2012-05-20,15.739999999999998,3,2,2,0.3333333333333333,0.0,6,1,5,20
1428,2012-05-21,49.7,3,3,3,0.0,0.0,0,0,5,21
1428,2012-05-22,23.87,6,3,3,0.16666666666666666,0.0,1,0,5,22
1428,2012-05-23,21.61,4,2,3,0.5,0.0,2,0,5,23
1428,2012-05-24,31.14,3,2,2,0.0,0.0,3,0,5,24
1428,2012-05-25,15.95,4,3,3,0.0,0.0,4,0,5,25
1428,2012-05-26,15.909999999999998,5,3,3,0.0,0.0,5,1,5,26
1428,2012-05-27,79.75,7,4,5,0.14285714285714285,0.0,6,1,5,27
1428,2012-05-28,46.57,6,3,5,0.5,0.0,0,0,5,28
1428,2012-05-29,43.32,8,4,6,0.25,0.0,1,0,5,29
1428,2012-05-30,45.24,10,4,7,0.3,0.0,2,0,5,30
1428,2012-05-31,48.36,3,3,3,0.0,0.0,3,0,5,31
1428,2012-06-01,27.83,6,4,5,0.16666666666666666,0.0,4,0,6,1
1428,2012-06-02,7.91,2,2,2,0.5,0.0,5,1,6,2
1428,2012-06-03,12.77,2,2,2,0.5,0.0,6,1,6,3
1428,2012-06-04,28.61,5,3,5,0.4,0.0,0,0,6,4
1428,2012-06-05,10.3,2,2,2,0.0,0.0,1,0,6,5
1428,2012-06-06,43.510000000000005,7,3,4,0.2857142857142857,0.0,2,0,6,6
1428,2012-06-07,20.78,6,3,4,0.16666666666666666,0.0,3,0,6,7
1428,2012-06-08,63.81,7,4,5,0.2857142857142857,0.0,4,0,6,8
1428,2012-06-09,54.019999999999996,6,4,5,0.16666666666666666,0.0,5,1,6,9
1428,2012-06-10,19.59,2,1,1,0.0,0.0,6,1,6,10
1428,2012-06-11,19.43,4,2,3,0.25,0.0,0,0,6,11
1428,2012-06-12,8.049999999999999,2,2,2,0.5,0.0,1,0,6,12
1428,2012-06-13,27.099999999999998,5,3,3,0.0,0.0,2,0,6,13
1428,2012-06-14,13.940000000000001,3,3,3,0.3333333333333333,0.0,3,0,6,14
1428,2012-06-15,48.71,5,4,4,0.4,0.0,4,0,6,15
1428,2012-06-16,56.61,6,3,5,0.16666666666666666,0.0,5,1,6,16
1428,2012-06-17,55.11,8,3,5,0.125,0.0,6,1,6,17
1428,2012-06-18,10.940000000000001,2,2,2,0.5,0.0,0,0,6,18
1428,2012-06-19,15.030000000000001,2,2,2,0.5,0.0,1,0,6,19
1428,2012-06-20,25.33,5,3,4,0.2,0.0,2,0,6,20
1428,2012-06-21,89.32000000000001,6,4,5,0.16666666666666666,0.0,3,0,6,21
1428,2012-06-22,14.34,3,2,3,0.3333333333333333,0.0,4,0,6,22
1428,2012-06-23,13.61,4,2,2,0.0,0.0,5,1,6,23
1428,2012-06-24,10.450000000000001,2,2,2,0.5,0.0,6,1,6,24
1428,2012-06-25,50.59,5,3,4,0.2,0.0,0,0,6,25
1428,2012-06-26,18.15,4,3,4,0.25,0.0,1,0,6,26
1428,2012-06-27,39.589999999999996,2,2,2,0.0,0.0,2,0,6,27
1428,2012-06-28,65.95,7,5,5,0.0,0.0,3,0,6,28
1428,2012-06-29,15.260000000000002,4,3,3,0.0,0.0,4,0,6,29
1428,2012-06-30,36.33,5,2,3,0.2,0.0,5,1,6,30
1428,2012-07-01,9.73,1,1,1,1.0,0.0,6,1,7,1
1428,2012-07-02,20.380000000000003,4,2,4,0.5,0.0,0,0,7,2
1428,2012-07-03,16.52,4,4,4,0.25,0.0,1,0,7,3
1428,2012-07-04,88.42000000000002,11,4,5,0.45454545454545453,0.0,2,0,7,4
1428,2012-07-05,20.09,4,3,3,0.5,0.0,3,0,7,5
1428,2012-07-06,37.260000000000005,6,3,5,0.5,0.0,4,0,7,6
1428,2012-07-07,24.07,5,3,4,0.0,0.0,5,1,7,7
1428,2012-07-08,19.81,3,2,3,0.3333333333333333,0.0,6,1,7,8
1428,2012-07-09,26.72,4,3,4,0.25,0.0,0,0,7,9
1428,2012-07-10,28.39,4,2,3,0.5,0.0,1,0,7,10
1428,2012-07-11,11.11,2,2,2,0.5,0.0,2,0,7,11
1428,2012-07-12,19.990000000000002,5,2,3,0.2,0.0,3,0,7,12
1428,2012-07-13,20.31,4,4,4,0.25,0.0,4,0,7,13
1428,2012-07-14,13.22,5,3,4,0.2,0.0,5,1,7,14
1428,2012-07-15,56.93,5,3,4,0.2,0.0,6,1,7,15
1428,2012-07-16,56.739999999999995,3,2,3,0.6666666666666666,0.0,0,0,7,16
1428,2012-07-17,39.16,5,3,3,0.2,0.0,1,0,7,17
1428,2012-07-18,32.49,5,3,4,0.2,0.0,2,0,7,18
1428,2012-07-19,24.23,4,2,4,0.5,0.0,3,0,7,19
1428,2012-07-20,25.03,7,2,3,0.14285714285714285,0.0,4,0,7,20
1428,2012-07-21,22.17,3,2,3,0.3333333333333333,0.0,5,1,7,21
1428,2012-07-22,19.21,2,1,2,0.5,0.0,6,1,7,22
1428,2012-07-23,11.57,3,2,2,0.3333333333333333,0.0,0,0,7,23
1428,2012-07-24,23.95,3,2,3,0.3333333333333333,0.0,1,0,7,24
1428,2012-07-25,44.22,4,3,4,0.5,0.0,2,0,7,25
1428,2012-07-26,20.78,4,3,4,0.25,0.0,3,0,7,26
1428,2012-07-27,16.91,2,1,2,1.0,0.0,4,0,7,27
1428,2012-07-28,14.98,2,1,1,1.0,0.0,5,1,7,28
1428,2012-07-29,20.830000000000002,3,2,3,0.3333333333333333,0.0,6,1,7,29
1428,2012-07-30,13.100000000000001,2,2,2,0.5,0.0,0,0,7,30
1428,2012-07-31,34.25,6,4,4,0.16666666666666666,0.0,1,0,7,31
1428,2012-08-01,31.98,6,4,5,0.3333333333333333,0.0,2,0,8,1
1428,2012-08-02,23.97,3,1,3,0.6666666666666666,0.0,3,0,8,2
1428,2012-08-03,9.12,2,1,1,0.0,0.0,4,0,8,3
1428,2012-08-04,104.35,9,4,5,0.3333333333333333,0.0,5,1,8,4
1428,2012-08-05,35.75,4,3,3,0.25,0.0,6,1,8,5
1428,2012-08-06,57.56,3,2,3,0.3333333333333333,0.0,0,0,8,6
1428,2012-08-07,44.18000000000001,7,3,4,0.14285714285714285,0.0,1,0,8,7
1428,2012-08-08,51.44,4,3,4,0.25,0.0,2,0,8,8
1428,2012-08-09,30.06,6,3,5,0.3333333333333333,0.0,3,0,8,9
1428,2012-08-10,44.2,3,2,3,0.6666666666666666,0.0,4,0,8,10
1428,2012-08-11,70.16,6,4,6,0.3333333333333333,0.0,5,1,8,11
1428,2012-08-12,30.39,5,4,4,0.0,0.0,6,1,8,12
1428,2012-08-13,38.04,3,3,3,0.3333333333333333,0.0,0,0,8,13
1428,2012-08-14,16.53,6,3,3,0.16666666666666666,0.0,1,0,8,14
1428,2012-08-15,17.15,3,3,3,0.3333333333333333,0.0,2,0,8,15
1428,2012-08-16,42.84,6,3,4,0.6666666666666666,0.0,3,0,8,16
1428,2012-08-17,16.6,3,2,3,0.3333333333333333,0.0,4,0,8,17
1428,2012-08-18,71.71,7,3,4,0.2857142857142857,0.0,5,1,8,18
1428,2012-08-19,27.93,6,3,4,0.3333333333333333,0.0,6,1,8,19
1428,2012-08-20,10.3,2,2,2,0.0,0.0,0,0,8,20
1428,2012-08-21,37.09,6,4,5,0.3333333333333333,0.0,1,0,8,21
1428,2012-08-22,28.409999999999997,4,2,3,0.75,0.0,2,0,8,22
1428,2012-08-23,19.37,6,3,4,0.16666666666666666,0.0,3,0,8,23
1428,2012-08-24,15.249999999999998,3,2,3,0.0,0.0,4,0,8,24
1428,2012-08-25,31.769999999999996,3,3,3,0.3333333333333333,0.0,5,1,8,25
1428,2012-08-26,74.99,8,5,5,0.0,0.0,6,1,8,26
1428,2012-08-27,34.15,7,4,5,0.14285714285714285,0.0,0,0,8,27
1428,2012-08-28,38.18,5,3,4,0.6,0.0,1,0,8,28
1428,2012-08-29,18.18,4,3,4,0.0,0.0,2,0,8,29
1428,2012-08-30,30.54,5,2,4,0.2,0.0,3,0,8,30
1428,2012-08-31,21.89,4,3,4,0.25,0.0,4,0,8,31
1428,2012-09-01,62.160000000000004,5,3,4,0.4,0.0,5,1,9,1
1428,2012-09-02,21.23,4,2,3,0.25,0.0,6,1,9,2
1428,2012-09-03,31.54,6,3,4,0.5,0.0,0,0,9,3
1428,2012-09-04,82.54,9,4,5,0.1111111111111111,0.0,1,0,9,4
1428,2012-09-05,25.16,6,3,4,0.16666666666666666,0.0,2,0,9,5
1428,2012-09-06,35.54,5,3,4,0.2,0.0,3,0,9,6
1428,2012-09-07,11.74,2,2,2,0.5,0.0,4,0,9,7
1428,2012-09-08,4.57,3,1,1,0.0,0.0,5,1,9,8
1428,2012-09-09,10.32,2,2,2,0.0,0.0,6,1,9,9
1428,2012-09-10,18.200000000000003,4,3,3,0.5,0.0,0,0,9,10
1428,2012-09-11,19.99,6,4,4,0.16666666666666666,0.0,1,0,9,11
1428,2012-09-12,40.36,5,4,5,0.2,0.0,2,0,9,12
1428,2012-09-13,39.59,6,4,4,0.0,0.0,3,0,9,13
1428,2012-09-14,14.540000000000001,2,2,2,0.5,0.0,4,0,9,14
1428,2012-09-15,25.47,5,3,4,0.2,0.0,5,1,9,15
1428,2012-09-16,29.14,4,3,3,0.5,0.0,6,1,9,16
1428,2012-09-17,103.52,10,4,7,0.3,0.0,0,0,9,17
1428,2012-09-18,45.78,5,4,4,0.0,0.0,1,0,9,18
1428,2012-09-19,25.650000000000002,4,3,3,0.5,0.0,2,0,9,19
1428,2012-09-20,58.989999999999995,4,3,3,0.5,0.0,3,0,9,20
1428,2012-09-21,42.66,8,4,5,0.125,0.0,4,0,9,21
1428,2012-09-22,25.13,5,3,4,0.2,0.0,5,1,9,22
1428,2012-09-23,58.839999999999996,3,2,3,0.6666666666666666,0.0,6,1,9,23
1428,2012-09-24,46.61,3,3,3,0.3333333333333333,0.0,0,0,9,24
1428,2012-09-25,27.96,3,1,2,1.0,0.0,1,0,9,25
1428,2012-09-26,98.14,8,5,6,0.125,0.0,2,0,9,26
1428,2012-09-27,87.94,6,4,4,0.16666666666666666,0.0,3,0,9,27
1428,2012-09-28,20.82,4,4,4,0.25,0.0,4,0,9,28
1428,2012-09-29,24.490000000000002,4,3,4,0.25,0.0,5,1,9,29
1428,2012-09-30,72.78,6,4,6,0.3333333333333333,0.0,6,1,9,30
1428,2012-10-01,14.23,3,3,3,0.0,0.0,0,0,10,1
1428,2012-10-02,11.33,2,2,2,0.0,0.0,1,0,10,2
1428,2012-10-03,49.31,6,4,4,0.0,0.0,2,0,10,3
1428,2012-10-04,44.910000000000004,5,4,4,0.0,0.0,3,0,10,4
1428,2012-10-05,52.22,4,3,4,0.5,0.0,4,0,10,5
1428,2012-10-06,104.36,5,4,5,0.2,0.0,5,1,10,6
1428,2012-10-07,32.24,4,3,3,0.25,0.0,6,1,10,7
1428,2012-10-08,13.420000000000002,2,2,2,0.5,0.0,0,0,10,8
1428,2012-10-09,28.43,3,2,3,0.6666666666666666,0.0,1,0,10,9
1428,2012-10-10,44.510000000000005,6,3,4,0.3333333333333333,0.0,2,0,10,10
1428,2012-10-11,54.25,5,4,4,0.0,0.0,3,0,10,11
1428,2012-10-12,31.63,4,2,3,0.5,0.0,4,0,10,12
1428,2012-10-13,3.99,1,1,1,0.0,0.0,5,1,10,13
1428,2012-10-14,18.66,4,3,3,0.25,0.0,6,1,10,14
1428,2012-10-15,47.7,6,5,5,0.16666666666666666,0.0,0,0,10,15
1428,2012-10-16,18.84,4,3,3,0.25,0.0,1,0,10,16
1428,2012-10-17,30.46,6,3,5,0.16666666666666666,0.0,2,0,10,17
1428,2012-10-18,15.48,3,3,3,0.3333333333333333,0.0,3,0,10,18
1428,2012-10-19,18.11,3,3,3,0.0,0.0,4,0,10,19
1428,2012-10-20,44.769999999999996,9,3,5,0.4444444444444444,0.0,5,1,10,20
1428,2012-10-21,26.209999999999997,3,2,3,0.3333333333333333,0.0,6,1,10,21
1428,2012-10-22,20.27,3,2,3,0.3333333333333333,0.0,0,0,10,22
1428,2012-10-23,92.78999999999999,9,3,4,0.1111111111111111,0.0,1,0,10,23
1428,2012-10-24,24.740000000000002,5,3,4,0.2,0.0,2,0,10,24
1428,2012-10-25,19.71,6,5,5,0.16666666666666666,0.0,3,0,10,25
1428,2012-10-26,24.17,5,4,4,0.2,0.0,4,0,10,26
1428,2012-10-27,58.66,9,3,4,0.2222222222222222,0.0,5,1,10,27
1428,2012-10-28,20.01,3,2,3,0.3333333333333333,0.0,6,1,10,28
1428,2012-10-29,44.17,4,2,4,0.5,0.0,0,0,10,29
1428,2012-10-30,15.93,3,3,3,0.3333333333333333,0.0,1,0,10,30
1428,2012-10-31,4.51,3,1,1,0.0,0.0,2,0,10,31
1428,2012-11-01,20.96,5,3,4,0.2,0.0,3,0,11,1
1428,2012-11-02,16.64,4,3,3,0.0,0.0,4,0,11,2
1428,2012-11-03,12.16,4,2,3,0.0,0.0,5,1,11,3
1428,2012-11-04,18.73,4,2,3,0.25,0.0,6,1,11,4
1428,2012-11-05,22.4,3,2,2,0.6666666666666666,0.0,0,0,11,5
1428,2012-11-06,16.29,3,2,3,0.3333333333333333,0.0,1,0,11,6
1428,2012-11-07,55.61,7,5,5,0.14285714285714285,0.0,2,0,11,7
1428,2012-11-08,14.290000000000003,4,3,3,0.25,0.0,3,0,11,8
1428,2012-11-09,25.09,5,3,4,0.2,0.0,4,0,11,9
1428,2012-11-10,9.25,5,2,2,0.0,0.0,5,1,11,10
1428,2012-11-11,50.53,4,3,4,0.5,0.0,6,1,11,11
1428,2012-11-12,17.75,2,1,2,0.5,0.0,0,0,11,12
1428,2012-11-13,91.23,8,4,5,0.5,0.0,1,0,11,13
1428,2012-11-14,25.009999999999998,5,2,3,0.4,0.0,2,0,11,14
1428,2012-11-15,28.65,6,3,4,0.16666666666666666,0.0,3,0,11,15
1428,2012-11-16,56.36,6,5,6,0.16666666666666666,0.0,4,0,11,16
1428,2012-11-17,37.22,2,2,2,0.0,0.0,5,1,11,17
1428,2012-11-18,7.59,3,2,2,0.0,0.0,6,1,11,18
1428,2012-11-19,17.14,2,1,2,1.0,0.0,0,0,11,19
1428,2012-11-20,56.77,4,4,4,0.25,0.0,1,0,11,20
1428,2012-11-21,13.1,2,2,2,0.5,0.0,2,0,11,21
1428,2012-11-22,15.6,3,3,3,0.3333333333333333,0.0,3,0,11,22
1428,2012-11-23,28.36,7,3,4,0.2857142857142857,0.0,4,0,11,23
1428,2012-11-24,20.599999999999998,3,2,2,0.6666666666666666,0.0,5,1,11,24
1428,2012-11-25,10.77,1,1,1,1.0,0.0,6,1,11,25
1428,2012-11-26,11.32,2,2,2,0.5,0.0,0,0,11,26
1428,2012-11-27,23.0,4,3,3,0.5,0.0,1,0,11,27
1428,2012-11-28,21.97,4,3,3,0.5,0.0,2,0,11,28
1428,2012-11-29,26.889999999999997,7,3,4,0.2857142857142857,0.0,3,0,11,29
1428,2012-11-30,21.52,4,2,4,0.5,0.0,4,0,11,30
1428,2012-12-01,34.010000000000005,3,2,2,0.0,0.0,5,1,12,1
1428,2012-12-03,12.290000000000001,3,2,2,0.6666666666666666,0.0,0,0,12,3
1428,2012-12-04,11.39,2,2,2,0.5,0.0,1,0,12,4
1428,2012-12-05,19.15,3,2,2,0.6666666666666666,0.0,2,0,12,5
1428,2012-12-06,12.610000000000001,3,2,3,0.0,0.0,3,0,12,6
1428,2012-12-07,55.800000000000004,6,4,5,0.16666666666666666,0.0,4,0,12,7
1428,2012-12-08,95.72,7,4,6,0.2857142857142857,0.0,5,1,12,8
1428,2012-12-09,41.93,1,1,1,0.0,0.0,6,1,12,9
1428,2012-12-10,24.150000000000002,5,3,4,0.2,0.0,0,0,12,10
1428,2012-12-11,24.03,6,3,4,0.16666666666666666,0.0,1,0,12,11
1428,2012-12-12,89.52000000000001,6,5,5,0.0,0.0,2,0,12,12
1428,2012-12-13,4.21,3,1,1,0.0,0.0,3,0,12,13
1428,2012-12-14,17.73,3,2,3,0.3333333333333333,0.0,4,0,12,14
1428,2012-12-15,73.67,9,4,5,0.2222222222222222,0.0,5,1,12,15
1428,2012-12-16,52.769999999999996,4,3,3,0.75,0.0,6,1,12,16
1428,2012-12-17,63.290000000000006,5,4,5,0.2,0.0,0,0,12,17
1428,2012-12-18,59.51,8,4,6,0.125,0.0,1,0,12,18
1428,2012-12-19,33.34,7,3,4,0.2857142857142857,0.0,2,0,12,19
1428,2012-12-20,25.5,3,3,3,0.3333333333333333,0.0,3,0,12,20
1428,2012-12-21,20.47,6,4,4,0.16666666666666666,0.0,4,0,12,21
1428,2012-12-22,34.160000000000004,7,4,5,0.14285714285714285,0.0,5,1,12,22
1428,2012-12-23,21.1,4,2,3,0.25,0.0,6,1,12,23
1428,2012-12-24,32.33,4,4,4,0.25,0.0,0,0,12,24
1428,2012-12-25,41.03,6,5,5,0.3333333333333333,0.0,1,0,12,25
1428,2012-12-26,55.470000000000006,7,5,5,0.14285714285714285,0.0,2,0,12,26
1428,2012-12-27,18.29,3,2,2,0.0,0.0,3,0,12,27
1428,2012-12-28,36.59,6,2,3,0.8333333333333334,0.0,4,0,12,28
1428,2012-12-29,27.55,5,3,4,0.2,0.0,5,1,12,29
1428,2012-12-30,19.91,3,3,3,0.0,0.0,6,1,12,30
1428,2012-12-31,11.94,4,2,2,0.25,0.0,0,0,12,31
1428,2013-01-01,20.57,5,4,4,0.4,0.0,1,0,1,1
1428,2013-01-02,42.84,3,3,3,0.3333333333333333,0.0,2,0,1,2
1428,2013-01-03,54.0,7,5,5,0.2857142857142857,0.0,3,0,1,3
1428,2013-01-04,12.469999999999999,3,3,3,0.3333333333333333,0.0,4,0,1,4
1428,2013-01-05,100.60000000000001,8,4,5,0.125,0.0,5,1,1,5
1428,2013-01-06,23.110000000000003,4,3,3,0.5,0.0,6,1,1,6
1428,2013-01-07,33.41,6,3,4,0.16666666666666666,0.0,0,0,1,7
1428,2013-01-08,19.89,4,3,4,0.5,0.0,1,0,1,8
1428,2013-01-09,48.03,6,2,3,0.0,0.0,2,0,1,9
1428,2013-01-10,79.81,8,5,6,0.125,0.0,3,0,1,10
1428,2013-01-11,8.48,2,2,2,0.0,0.0,4,0,1,11
1428,2013-01-12,34.74,6,4,5,0.16666666666666666,0.0,5,1,1,12
1428,2013-01-13,30.700000000000003,5,3,3,0.0,0.0,6,1,1,13
1428,2013-01-14,20.27,4,3,3,0.25,0.0,0,0,1,14
1428,2013-01-15,33.04,5,2,3,0.6,0.0,1,0,1,15
1428,2013-01-16,49.44,5,3,5,0.4,0.0,2,0,1,16
1428,2013-01-17,39.92,8,4,5,0.375,0.0,3,0,1,17
1428,2013-01-18,39.73,6,3,5,0.3333333333333333,0.0,4,0,1,18
1428,2013-01-19,60.45000000000001,7,4,5,0.2857142857142857,0.0,5,1,1,19
1428,2013-01-20,15.38,4,3,3,0.25,0.0,6,1,1,20
1428,2013-01-21,11.290000000000001,2,2,2,0.5,0.0,0,0,1,21
1428,2013-01-22,32.93,4,2,2,0.0,0.0,1,0,1,22
1428,2013-01-23,19.48,4,3,4,0.25,0.0,2,0,1,23
1428,2013-01-24,2.6399999999999997,2,1,1,0.0,0.0,3,0,1,24
1428,2013-01-25,16.04,3,3,3,0.3333333333333333,0.0,4,0,1,25
1428,2013-01-26,36.25,6,3,4,0.5,0.0,5,1,1,26
1428,2013-01-27,20.919999999999998,4,3,4,0.0,0.0,6,1,1,27
1428,2013-01-28,24.14,5,3,4,0.2,0.0,0,0,1,28
1428,2013-01-29,7.98,3,2,2,0.0,0.0,1,0,1,29
1428,2013-01-30,8.76,1,1,1,1.0,0.0,2,0,1,30
1428,2013-01-31,43.5,3,2,3,0.3333333333333333,0.0,3,0,1,31
1428,2013-02-01,17.53,2,2,2,0.5,0.0,4,0,2,1
1428,2013-02-02,31.169999999999995,6,2,3,0.0,0.0,5,1,2,2
1428,2013-02-03,69.22,4,3,4,0.25,0.0,6,1,2,3
1428,2013-02-04,16.48,3,3,3,0.3333333333333333,0.0,0,0,2,4
1428,2013-02-05,42.769999999999996,4,3,3,0.0,0.0,1,0,2,5
1428,2013-02-06,41.160000000000004,7,4,6,0.2857142857142857,0.0,2,0,2,6
1428,2013-02-07,10.2,2,2,2,0.5,0.0,3,0,2,7
1428,2013-02-08,17.05,5,3,3,0.2,0.0,4,0,2,8
1428,2013-02-09,34.78,6,2,4,0.3333333333333333,0.0,5,1,2,9
1428,2013-02-10,22.9,4,3,4,0.25,0.0,6,1,2,10
1428,2013-02-11,15.03,3,2,3,0.3333333333333333,0.0,0,0,2,11
1428,2013-02-12,18.1,2,2,2,0.0,0.0,1,0,2,12
1428,2013-02-13,25.009999999999998,4,2,2,0.75,0.0,2,0,2,13
1428,2013-02-14,40.12,4,4,4,0.25,0.0,3,0,2,14
1428,2013-02-15,79.25,9,6,7,0.3333333333333333,0.0,4,0,2,15
1428,2013-02-16,35.44,6,3,4,0.5,0.0,5,1,2,16
1428,2013-02-17,34.24,7,5,5,0.2857142857142857,0.0,6,1,2,17
1428,2013-02-18,56.52,8,5,6,0.25,0.0,0,0,2,18
1428,2013-02-19,49.8,8,4,4,0.0,0.0,1,0,2,19
1428,2013-02-21,27.76,5,4,5,0.2,0.0,3,0,2,21
1428,2013-02-22,14.93,5,3,3,0.0,0.0,4,0,2,22
1428,2013-02-23,15.15,2,1,2,1.0,0.0,5,1,2,23
1428,2013-02-24,22.64,5,2,2,0.4,0.0,6,1,2,24
1428,2013-02-25,19.97,5,4,4,0.2,0.0,0,0,2,25
1428,2013-02-26,44.95,6,3,3,0.3333333333333333,0.0,1,0,2,26
1428,2013-02-27,17.39,2,1,2,0.5,0.0,2,0,2,27
1428,2013-02-28,45.39,8,4,5,0.125,0.0,3,0,2,28
1428,2013-03-01,22.13,3,2,2,0.0,0.0,4,0,3,1
1428,2013-03-02,14.98,4,3,3,0.25,0.0,5,1,3,2
1428,2013-03-03,24.66,5,3,4,0.2,0.0,6,1,3,3
1428,2013-03-04,3.96,2,2,2,0.0,0.0,0,0,3,4
1428,2013-03-05,27.82,4,2,3,0.5,0.0,1,0,3,5
1428,2013-03-06,23.2,3,2,3,0.3333333333333333,0.0,2,0,3,6
1428,2013-03-07,33.42,3,2,3,0.3333333333333333,0.0,3,0,3,7
1428,2013-03-08,43.21,5,3,3,0.0,0.0,4,0,3,8
1428,2013-03-09,63.370000000000005,8,4,5,0.25,0.0,5,1,3,9
1428,2013-03-10,1.83,1,1,1,0.0,0.0,6,1,3,10
1428,2013-03-11,17.85,3,3,3,0.3333333333333333,0.0,0,0,3,11
1428,2013-03-12,46.18000000000001,7,3,4,0.0,0.0,1,0,3,12
1428,2013-03-13,6.25,3,1,2,0.0,0.0,2,0,3,13
1428,2013-03-14,19.05,3,3,3,0.0,0.0,3,0,3,14
1428,2013-03-15,14.46,5,2,3,0.0,0.0,4,0,3,15
1428,2013-03-16,20.67,4,3,3,0.5,0.0,5,1,3,16
1428,2013-03-17,31.939999999999998,7,3,5,0.14285714285714285,0.0,6,1,3,17
1428,2013-03-18,48.84,3,3,3,0.0,0.0,0,0,3,18
1428,2013-03-19,49.370000000000005,5,3,4,0.4,0.0,1,0,3,19
1428,2013-03-20,6.04,4,1,1,0.0,0.0,2,0,3,20
1428,2013-03-21,63.07000000000001,5,3,3,0.0,0.0,3,0,3,21
1428,2013-03-22,14.1,5,3,4,0.0,0.0,4,0,3,22
1428,2013-03-23,53.31,5,4,4,0.4,0.0,5,1,3,23
1428,2013-03-24,62.629999999999995,7,4,6,0.2857142857142857,0.0,6,1,3,24
1428,2013-03-25,16.95,5,3,3,0.2,0.0,0,0,3,25
1428,2013-03-26,7.47,1,1,1,0.0,0.0,1,0,3,26
1428,2013-03-27,41.61,2,2,2,0.5,0.0,2,0,3,27
1428,2013-03-28,35.739999999999995,5,3,5,0.4,0.0,3,0,3,28
1428,2013-03-29,29.39,7,4,4,0.0,0.0,4,0,3,29
1428,2013-03-30,9.739999999999998,2,2,2,0.5,0.0,5,1,3,30
1428,2013-03-31,37.699999999999996,6,3,4,0.16666666666666666,0.0,6,1,3,31
1428,2013-04-01,43.76,10,3,4,0.3,0.0,0,0,4,1
1428,2013-04-02,54.089999999999996,3,3,3,0.3333333333333333,0.0,1,0,4,2
1428,2013-04-03,28.42,3,1,3,0.6666666666666666,0.0,2,0,4,3
1428,2013-04-04,28.18,5,3,4,0.2,0.0,3,0,4,4
1428,2013-04-05,6.24,3,2,2,0.0,0.0,4,0,4,5
1428,2013-04-06,78.98,9,4,5,0.1111111111111111,0.0,5,1,4,6
1428,2013-04-07,36.04,6,3,4,0.3333333333333333,0.0,6,1,4,7
1428,2013-04-08,6.08,1,1,1,1.0,0.0,0,0,4,8
1428,2013-04-09,14.3,3,2,2,0.3333333333333333,0.0,1,0,4,9
1428,2013-04-10,8.86,4,3,3,0.0,0.0,2,0,4,10
1428,2013-04-11,9.47,2,2,2,0.0,0.0,3,0,4,11
1428,2013-04-12,2.9,2,1,1,0.0,0.0,4,0,4,12
1428,2013-04-13,7.4799999999999995,4,2,2,0.0,0.0,5,1,4,13
1428,2013-04-14,8.18,3,2,2,0.0,0.0,6,1,4,14
1428,2013-04-15,12.709999999999999,4,4,4,0.25,0.0,0,0,4,15
1428,2013-04-16,6.81,2,2,2,0.0,0.0,1,0,4,16
1428,2013-04-17,14.219999999999999,4,2,2,0.0,0.0,2,0,4,17
1428,2013-04-18,17.22,4,2,3,0.5,0.0,3,0,4,18
1428,2013-04-19,78.55000000000001,7,4,5,0.14285714285714285,0.0,4,0,4,19
1428,2013-04-20,31.029999999999998,3,3,3,0.0,0.0,5,1,4,20
1428,2013-04-21,51.61,8,2,4,0.375,0.0,6,1,4,21
1428,2013-04-22,8.24,1,1,1,1.0,0.0,0,0,4,22
1428,2013-04-23,10.94,3,2,2,0.3333333333333333,0.0,1,0,4,23
1428,2013-04-24,18.06,4,3,4,0.5,0.0,2,0,4,24
1428,2013-04-25,61.85,5,4,4,0.2,0.0,3,0,4,25
1428,2013-04-26,14.23,2,2,2,0.5,0.0,4,0,4,26
1428,2013-04-27,36.92,4,3,3,0.0,0.0,5,1,4,27
1428,2013-04-28,12.73,4,2,3,0.0,0.0,6,1,4,28
1428,2013-04-29,66.32,6,5,5,0.3333333333333333,0.0,0,0,4,29
1428,2013-04-30,59.980000000000004,5,3,4,0.2,0.0,1,0,4,30
1428,2013-05-01,28.799999999999997,6,4,4,0.16666666666666666,0.0,2,0,5,1
1428,2013-05-02,49.92,5,3,4,0.2,0.0,3,0,5,2
1428,2013-05-03,31.33,5,3,5,0.4,0.0,4,0,5,3
1428,2013-05-04,15.360000000000001,3,2,3,0.3333333333333333,0.0,5,1,5,4
1428,2013-05-05,8.24,2,2,2,0.5,0.0,6,1,5,5
1428,2013-05-06,17.049999999999997,3,3,3,0.3333333333333333,0.0,0,0,5,6
1428,2013-05-07,39.57,2,2,2,0.0,0.0,1,0,5,7
1428,2013-05-08,38.459999999999994,6,2,3,0.3333333333333333,0.0,2,0,5,8
1428,2013-05-09,24.189999999999998,5,2,4,0.2,0.0,3,0,5,9
1428,2013-05-10,38.589999999999996,8,3,3,0.0,0.0,4,0,5,10
1428,2013-05-11,16.97,5,2,2,0.4,0.0,5,1,5,11
1428,2013-05-12,21.13,4,2,3,0.5,0.0,6,1,5,12
1428,2013-05-13,12.59,3,2,2,0.3333333333333333,0.0,0,0,5,13
1428,2013-05-14,21.72,4,2,3,0.25,0.0,1,0,5,14
1428,2013-05-15,81.72,6,6,6,0.3333333333333333,0.0,2,0,5,15
1428,2013-05-16,9.93,1,1,1,1.0,0.0,3,0,5,16
1428,2013-05-17,18.2,3,2,3,0.6666666666666666,0.0,4,0,5,17
1428,2013-05-18,34.24,5,2,4,0.6,0.0,5,1,5,18
1428,2013-05-19,9.600000000000001,3,3,3,0.3333333333333333,0.0,6,1,5,19
1428,2013-05-20,18.62,4,3,4,0.25,0.0,0,0,5,20
1428,2013-05-21,14.62,3,2,2,0.3333333333333333,0.0,1,0,5,21
1428,2013-05-22,19.15,4,2,3,0.25,0.0,2,0,5,22
1428,2013-05-23,49.55,6,4,4,0.3333333333333333,0.0,3,0,5,23
1428,2013-05-24,37.39,6,3,4,0.5,0.0,4,0,5,24
1428,2013-05-25,53.0,8,3,5,0.5,0.0,5,1,5,25
1428,2013-05-26,32.29,3,3,3,0.0,0.0,6,1,5,26
1428,2013-05-27,0.84,1,1,1,0.0,0.0,0,0,5,27
1428,2013-05-28,22.299999999999997,6,3,3,0.16666666666666666,0.0,1,0,5,28
1428,2013-05-29,39.82,3,3,3,0.0,0.0,2,0,5,29
1428,2013-05-30,20.27,2,1,2,0.5,0.0,3,0,5,30
1428,2013-05-31,28.8,5,2,3,0.2,0.0,4,0,5,31
1428,2013-06-01,11.440000000000001,5,3,3,0.0,0.0,5,1,6,1
1428,2013-06-02,9.65,2,2,2,0.0,0.0,6,1,6,2
1428,2013-06-03,76.32,6,4,6,0.16666666666666666,0.0,0,0,6,3
1428,2013-06-04,14.21,4,3,3,0.25,0.0,1,0,6,4
1428,2013-06-05,17.509999999999998,3,2,3,0.3333333333333333,0.0,2,0,6,5
1428,2013-06-06,16.59,4,4,4,0.25,0.0,3,0,6,6
1428,2013-06-07,5.81,1,1,1,0.0,0.0,4,0,6,7
1428,2013-06-08,33.620000000000005,5,4,4,0.0,0.0,5,1,6,8
1428,2013-06-09,44.88,10,4,5,0.1,0.0,6,1,6,9
1428,2013-06-10,30.26,5,4,4,0.4,0.0,0,0,6,10
1428,2013-06-11,55.32,4,3,3,0.5,0.0,1,0,6,11
1428,2013-06-12,31.240000000000002,4,3,3,0.5,0.0,2,0,6,12
1428,2013-06-13,63.91,7,4,4,0.0,0.0,3,0,6,13
1428,2013-06-14,7.8100000000000005,3,3,3,0.3333333333333333,0.0,4,0,6,14
1428,2013-06-15,68.69,6,4,4,0.0,0.0,5,1,6,15
1428,2013-06-16,38.42,8,4,5,0.25,0.0,6,1,6,16
1428,2013-06-17,32.93,6,3,5,0.3333333333333333,0.0,0,0,6,17
1428,2013-06-18,54.449999999999996,5,3,3,0.2,0.0,1,0,6,18
1428,2013-06-19,13.209999999999999,3,3,3,0.3333333333333333,0.0,2,0,6,19
1428,2013-06-20,106.52,11,5,7,0.2727272727272727,0.0,3,0,6,20
1428,2013-06-21,20.21,5,4,4,0.2,0.0,4,0,6,21
1428,2013-06-22,8.79,2,2,2,0.5,0.0,5,1,6,22
1428,2013-06-23,8.58,2,2,2,0.5,0.0,6,1,6,23
1428,2013-06-24,47.28999999999999,4,3,3,0.0,0.0,0,0,6,24
1428,2013-06-25,19.61,3,2,3,0.3333333333333333,0.0,1,0,6,25
1428,2013-06-26,10.309999999999999,2,2,2,0.5,0.0,2,0,6,26
1428,2013-06-27,30.48,8,4,5,0.25,0.0,3,0,6,27
1428,2013-06-28,11.559999999999999,2,2,2,0.5,0.0,4,0,6,28
1428,2013-06-29,41.75,5,4,4,0.0,0.0,5,1,6,29
1428,2013-06-30,32.49,6,2,4,0.3333333333333333,0.0,6,1,6,30
1428,2013-07-01,17.53,3,2,3,0.3333333333333333,0.0,0,0,7,1
1428,2013-07-02,17.909999999999997,4,3,3,0.0,0.0,1,0,7,2
1428,2013-07-03,47.089999999999996,3,3,3,0.3333333333333333,0.0,2,0,7,3
1428,2013-07-04,98.47,6,4,4,0.0,0.0,3,0,7,4
1428,2013-07-05,50.93,5,3,4,0.2,0.0,4,0,7,5
1428,2013-07-06,22.59,5,3,3,0.0,0.0,5,1,7,6
1428,2013-07-07,29.3,4,2,3,0.75,0.0,6,1,7,7
1428,2013-07-08,17.48,2,1,2,1.0,0.0,0,0,7,8
1428,2013-07-09,15.25,3,2,2,0.6666666666666666,0.0,1,0,7,9
1428,2013-07-10,36.94,2,2,2,0.5,0.0,2,0,7,10
1428,2013-07-11,56.550000000000004,4,3,4,0.25,0.0,3,0,7,11
1428,2013-07-12,46.81,3,3,3,0.3333333333333333,0.0,4,0,7,12
1428,2013-07-13,33.47,5,3,4,0.4,0.0,5,1,7,13
1428,2013-07-14,24.67,5,4,4,0.0,0.0,6,1,7,14
1428,2013-07-15,31.0,8,4,6,0.125,0.0,0,0,7,15
1428,2013-07-16,37.33,6,3,4,0.16666666666666666,0.0,1,0,7,16
1428,2013-07-17,72.18,6,4,4,0.16666666666666666,0.0,2,0,7,17
1428,2013-07-18,15.26,4,2,3,0.25,0.0,3,0,7,18
1428,2013-07-19,26.19,7,3,3,0.14285714285714285,0.0,4,0,7,19
1428,2013-07-20,40.480000000000004,5,3,3,0.0,0.0,5,1,7,20
1428,2013-07-21,25.54,4,3,4,0.25,0.0,6,1,7,21
1428,2013-07-22,54.69,5,3,3,0.0,0.0,0,0,7,22
1428,2013-07-23,22.33,3,2,3,0.3333333333333333,0.0,1,0,7,23
1428,2013-07-24,13.559999999999999,4,4,4,0.0,0.0,2,0,7,24
1428,2013-07-25,23.93,5,4,4,0.4,0.0,3,0,7,25
1428,2013-07-26,7.779999999999999,3,2,2,0.0,0.0,4,0,7,26
1428,2013-07-27,27.5,3,1,3,0.6666666666666666,0.0,5,1,7,27
1428,2013-07-28,16.37,3,3,3,0.3333333333333333,0.0,6,1,7,28
1428,2013-07-29,39.67,4,4,4,0.0,0.0,0,0,7,29
1428,2013-07-30,52.25999999999999,4,3,3,0.0,0.0,1,0,7,30
1428,2013-07-31,25.49,4,3,3,0.5,0.0,2,0,7,31
1428,2013-08-01,13.81,4,3,4,0.0,0.0,3,0,8,1
1428,2013-08-02,6.71,2,2,2,0.0,0.0,4,0,8,2
1428,2013-08-03,29.04,5,3,4,0.2,0.0,5,1,8,3
1428,2013-08-04,41.37,6,3,5,0.3333333333333333,0.0,6,1,8,4
1428,2013-08-05,16.47,3,3,3,0.3333333333333333,0.0,0,0,8,5
1428,2013-08-06,9.819999999999999,2,2,2,0.0,0.0,1,0,8,6
1428,2013-08-07,21.779999999999998,4,2,3,0.25,0.0,2,0,8,7
1428,2013-08-08,43.760000000000005,6,4,5,0.3333333333333333,0.0,3,0,8,8
1428,2013-08-09,27.759999999999998,7,3,3,0.0,0.0,4,0,8,9
1428,2013-08-10,34.07,4,2,3,0.75,0.0,5,1,8,10
1428,2013-08-11,75.85,9,5,6,0.3333333333333333,0.0,6,1,8,11
1428,2013-08-12,33.93,5,3,4,0.4,0.0,0,0,8,12
1428,2013-08-13,15.58,4,4,4,0.0,0.0,1,0,8,13
1428,2013-08-14,73.2,2,2,2,0.0,0.0,2,0,8,14
1428,2013-08-15,28.57,6,3,4,0.16666666666666666,0.0,3,0,8,15
1428,2013-08-16,29.710000000000008,5,2,3,0.0,0.0,4,0,8,16
1428,2013-08-17,46.36,5,4,4,0.2,0.0,5,1,8,17
1428,2013-08-18,7.12,2,2,2,0.0,0.0,6,1,8,18
1428,2013-08-19,54.82,7,4,4,0.0,0.0,0,0,8,19
1428,2013-08-20,8.51,2,2,2,0.0,0.0,1,0,8,20
1428,2013-08-21,26.919999999999998,4,2,4,0.5,0.0,2,0,8,21
1428,2013-08-22,15.04,3,2,2,0.6666666666666666,0.0,3,0,8,22
1428,2013-08-23,4.26,2,2,2,0.0,0.0,4,0,8,23
1428,2013-08-24,7.9399999999999995,2,2,2,0.0,0.0,5,1,8,24
1428,2013-08-25,42.14,5,3,3,0.2,0.0,6,1,8,25
1428,2013-08-26,70.53999999999999,5,4,4,0.0,0.0,0,0,8,26
1428,2013-08-27,14.73,5,3,3,0.2,0.0,1,0,8,27
1428,2013-08-28,11.08,2,2,2,0.5,0.0,2,0,8,28
1428,2013-08-29,25.18,4,3,3,0.0,0.0,3,0,8,29
1428,2013-08-30,53.64,4,3,4,0.25,0.0,4,0,8,30
1428,2013-08-31,10.67,1,1,1,1.0,0.0,5,1,8,31
1428,2013-09-01,12.27,4,3,3,0.0,0.0,6,1,9,1
1428,2013-09-02,8.67,2,1,1,0.0,0.0,0,0,9,2
1428,2013-09-03,18.75,4,2,3,0.25,0.0,1,0,9,3
1428,2013-09-04,12.469999999999999,2,2,2,0.0,0.0,2,0,9,4
1428,2013-09-05,64.46000000000001,13,5,7,0.23076923076923078,0.0,3,0,9,5
1428,2013-09-06,16.6,4,3,3,0.0,0.0,4,0,9,6
1428,2013-09-07,10.96,1,1,1,0.0,0.0,5,1,9,7
1428,2013-09-08,81.88,7,3,5,0.2857142857142857,0.0,6,1,9,8
1428,2013-09-09,47.8,7,3,5,0.2857142857142857,0.0,0,0,9,9
1428,2013-09-10,8.01,2,2,2,0.5,0.0,1,0,9,10
1428,2013-09-11,14.52,5,2,4,0.4,0.0,2,0,9,11
1428,2013-09-12,13.56,3,2,2,0.3333333333333333,0.0,3,0,9,12
1428,2013-09-13,69.35,7,4,4,0.0,0.0,4,0,9,13
1428,2013-09-14,13.92,2,2,2,0.5,0.0,5,1,9,14
1428,2013-09-15,10.01,3,2,2,0.3333333333333333,0.0,6,1,9,15
1428,2013-09-16,25.26,4,3,4,0.25,0.0,0,0,9,16
1428,2013-09-17,31.099999999999998,5,4,4,0.4,0.0,1,0,9,17
1428,2013-09-18,17.0,4,2,3,0.25,0.0,2,0,9,18
1428,2013-09-19,49.32,8,3,5,0.25,0.0,3,0,9,19
1428,2013-09-20,62.29,8,3,5,0.5,0.0,4,0,9,20
1428,2013-09-21,43.57,6,3,3,0.0,0.0,5,1,9,21
1428,2013-09-22,27.56,6,3,4,0.16666666666666666,0.0,6,1,9,22
1428,2013-09-23,58.919999999999995,6,2,3,0.3333333333333333,0.0,0,0,9,23
1428,2013-09-24,31.599999999999998,7,2,2,0.42857142857142855,0.0,1,0,9,24
1428,2013-09-25,18.69,3,3,3,0.3333333333333333,0.0,2,0,9,25
1428,2013-09-26,46.64,4,3,3,0.0,0.0,3,0,9,26
1428,2013-09-27,96.37,8,3,4,0.375,0.0,4,0,9,27
1428,2013-09-28,39.56,4,3,4,0.25,0.0,5,1,9,28
1428,2013-09-29,26.21,6,4,5,0.16666666666666666,0.0,6,1,9,29
1428,2013-09-30,12.59,2,2,2,0.0,0.0,0,0,9,30
1428,2013-10-01,10.08,2,2,2,0.5,0.0,1,0,10,1
1428,2013-10-02,1.93,1,1,1,0.0,0.0,2,0,10,2
1428,2013-10-03,22.28,3,2,3,0.3333333333333333,0.0,3,0,10,3
1428,2013-10-04,10.37,2,2,2,0.0,0.0,4,0,10,4
1428,2013-10-05,9.51,4,2,2,0.0,0.0,5,1,10,5
1428,2013-10-06,15.45,3,2,3,0.3333333333333333,0.0,6,1,10,6
1428,2013-10-07,44.769999999999996,2,2,2,0.0,0.0,0,0,10,7
1428,2013-10-08,37.28,4,3,3,0.5,0.0,1,0,10,8
1428,2013-10-09,64.67,7,4,5,0.14285714285714285,0.0,2,0,10,9
1428,2013-10-10,59.089999999999996,6,3,4,0.3333333333333333,0.0,3,0,10,10
1428,2013-10-11,39.57,5,3,3,0.4,0.0,4,0,10,11
1428,2013-10-12,24.65,4,3,3,0.5,0.0,5,1,10,12
1428,2013-10-13,25.919999999999998,4,3,4,0.5,0.0,6,1,10,13
1428,2013-10-14,45.78,4,4,4,0.5,0.0,0,0,10,14
1428,2013-10-15,14.180000000000001,4,4,4,0.25,0.0,1,0,10,15
1428,2013-10-16,9.16,2,2,2,0.5,0.0,2,0,10,16
1428,2013-10-17,21.32,4,3,4,0.25,0.0,3,0,10,17
1428,2013-10-18,34.81,5,3,4,0.6,0.0,4,0,10,18
1428,2013-10-19,21.18,3,2,2,0.0,0.0,5,1,10,19
1428,2013-10-20,10.46,3,2,2,0.0,0.0,6,1,10,20
1428,2013-10-21,58.59,6,5,5,0.16666666666666666,0.0,0,0,10,21
1428,2013-10-22,18.4,3,2,3,0.3333333333333333,0.0,1,0,10,22
1428,2013-10-23,59.63,6,3,4,0.3333333333333333,0.0,2,0,10,23
1428,2013-10-24,16.75,3,2,3,0.6666666666666666,0.0,3,0,10,24
1428,2013-10-25,27.200000000000003,6,3,4,0.16666666666666666,0.0,4,0,10,25
1428,2013-10-26,40.28,7,3,5,0.42857142857142855,0.0,5,1,10,26
1428,2013-10-27,18.5,4,4,4,0.25,0.0,6,1,10,27
1428,2013-10-28,38.97,6,3,3,0.5,0.0,0,0,10,28
1428,2013-10-29,18.310000000000002,3,3,3,0.6666666666666666,0.0,1,0,10,29
1428,2013-10-30,26.34,5,4,5,0.2,0.0,2,0,10,30
1428,2013-10-31,53.480000000000004,4,4,4,0.25,0.0,3,0,10,31
1428,2013-11-01,23.77,3,2,3,0.3333333333333333,0.0,4,0,11,1
1428,2013-11-02,9.59,3,2,2,0.3333333333333333,0.0,5,1,11,2
1428,2013-11-03,54.4,4,3,3,0.25,0.0,6,1,11,3
1428,2013-11-04,15.66,4,2,2,0.25,0.0,0,0,11,4
1428,2013-11-05,45.269999999999996,6,3,4,0.16666666666666666,0.0,1,0,11,5
1428,2013-11-06,18.009999999999998,3,2,3,0.3333333333333333,0.0,2,0,11,6
1428,2013-11-07,18.2,4,4,4,0.25,0.0,3,0,11,7
1428,2013-11-08,25.53,3,2,2,0.6666666666666666,0.0,4,0,11,8
1428,2013-11-09,74.34,3,3,3,0.0,0.0,5,1,11,9
1428,2013-11-10,19.37,4,4,4,0.25,0.0,6,1,11,10
1428,2013-11-11,17.369999999999997,5,3,3,0.2,0.0,0,0,11,11
1428,2013-11-12,57.03,7,3,4,0.14285714285714285,0.0,1,0,11,12
1428,2013-11-13,25.43,4,3,3,0.5,0.0,2,0,11,13
1428,2013-11-14,10.5,4,3,3,0.0,0.0,3,0,11,14
1428,2013-11-15,17.39,5,3,3,0.2,0.0,4,0,11,15
1428,2013-11-16,19.240000000000002,4,3,3,0.25,0.0,5,1,11,16
1428,2013-11-17,84.47,6,5,6,0.3333333333333333,0.0,6,1,11,17
1428,2013-11-18,58.92,7,5,6,0.14285714285714285,0.0,0,0,11,18
1428,2013-11-19,8.15,1,1,1,1.0,0.0,1,0,11,19
1428,2013-11-20,77.33,5,3,4,0.2,0.0,2,0,11,20
1428,2013-11-21,48.34,5,4,4,0.6,0.0,3,0,11,21
1428,2013-11-22,15.06,3,3,3,0.3333333333333333,0.0,4,0,11,22
1428,2013-11-23,39.949999999999996,5,4,5,0.2,0.0,5,1,11,23
1428,2013-11-24,42.78,6,5,5,0.0,0.0,6,1,11,24
1428,2013-11-25,23.05,5,3,4,0.2,0.0,0,0,11,25
1428,2013-11-26,26.52,6,4,4,0.0,0.0,1,0,11,26
1428,2013-11-27,90.78,4,4,4,0.25,0.0,2,0,11,27
1428,2013-11-28,40.24,7,4,4,0.0,0.0,3,0,11,28
1428,2013-11-29,18.09,4,3,3,0.5,0.0,4,0,11,29
1428,2013-11-30,71.16,8,3,5,0.375,0.0,5,1,11,30
1428,2013-12-01,46.660000000000004,5,4,5,0.2,0.0,6,1,12,1
1428,2013-12-02,38.660000000000004,5,4,4,0.0,0.0,0,0,12,2
1428,2013-12-03,29.64,4,2,3,0.75,0.0,1,0,12,3
1428,2013-12-04,3.58,1,1,1,1.0,0.0,2,0,12,4
1428,2013-12-05,16.689999999999998,4,3,3,0.0,0.0,3,0,12,5
1428,2013-12-06,10.66,4,2,2,0.0,0.0,4,0,12,6
1428,2013-12-07,14.57,2,2,2,0.0,0.0,5,1,12,7
1428,2013-12-08,46.44,3,3,3,0.3333333333333333,0.0,6,1,12,8
1428,2013-12-09,40.63,3,3,3,0.3333333333333333,0.0,0,0,12,9
1428,2013-12-10,20.7,5,2,3,0.2,0.0,1,0,12,10
1428,2013-12-11,55.81,4,4,4,0.25,0.0,2,0,12,11
1428,2013-12-12,19.939999999999998,5,4,4,0.0,0.0,3,0,12,12
1428,2013-12-13,30.919999999999998,7,4,5,0.2857142857142857,0.0,4,0,12,13
1428,2013-12-14,22.740000000000002,4,3,4,0.25,0.0,5,1,12,14
1428,2013-12-15,18.89,6,4,4,0.16666666666666666,0.0,6,1,12,15
1428,2013-12-16,40.32,4,4,4,0.25,0.0,0,0,12,16
1428,2013-12-17,48.82,5,3,3,0.4,0.0,1,0,12,17
1428,2013-12-18,38.160000000000004,3,2,3,0.3333333333333333,0.0,2,0,12,18
1428,2013-12-19,16.82,5,3,3,0.0,0.0,3,0,12,19
1428,2013-12-20,8.850000000000001,3,1,1,0.0,0.0,4,0,12,20
1428,2013-12-21,74.48,6,3,4,0.16666666666666666,0.0,5,1,12,21
1428,2013-12-22,80.0,7,4,6,0.2857142857142857,0.0,6,1,12,22
1428,2013-12-23,11.05,4,2,2,0.0,0.0,0,0,12,23
1428,2013-12-24,23.919999999999998,4,2,3,0.5,0.0,1,0,12,24
1428,2013-12-25,47.38,7,5,6,0.14285714285714285,0.0,2,0,12,25
1428,2013-12-26,44.980000000000004,7,3,5,0.42857142857142855,0.0,3,0,12,26
1428,2013-12-27,76.07999999999998,11,3,5,0.18181818181818182,0.0,4,0,12,27
1428,2013-12-28,49.160000000000004,7,3,4,0.14285714285714285,0.0,5,1,12,28
1428,2013-12-29,14.15,3,2,3,0.3333333333333333,0.0,6,1,12,29
1428,2013-12-30,27.72,6,4,4,0.0,0.0,0,0,12,30
1428,2013-12-31,40.89,3,3,3,0.3333333333333333,0.0,1,0,12,31
1428,2014-01-01,14.540000000000001,3,2,2,0.0,0.0,2,0,1,1
1428,2014-01-02,10.4,1,1,1,1.0,0.0,3,0,1,2
1428,2014-01-03,43.75,8,3,3,0.625,0.0,4,0,1,3
1428,2014-01-04,29.33,5,2,3,0.6,0.0,5,1,1,4
1428,2014-01-05,41.29,10,4,6,0.2,0.0,6,1,1,5
1428,2014-01-06,46.36,8,4,6,0.375,0.0,0,0,1,6
1428,2014-01-07,111.92,8,5,5,0.0,0.0,1,0,1,7
1428,2014-01-08,21.68,4,2,3,0.25,0.0,2,0,1,8
1428,2014-01-09,13.95,4,2,2,0.25,0.0,3,0,1,9
1428,2014-01-10,61.64,5,3,5,0.4,0.0,4,0,1,10
1428,2014-01-11,5.57,3,1,2,0.0,0.0,5,1,1,11
1428,2014-01-12,35.59,7,4,5,0.2857142857142857,0.0,6,1,1,12
1428,2014-01-13,12.04,4,3,3,0.0,0.0,0,0,1,13
1428,2014-01-14,49.550000000000004,4,3,3,0.25,0.0,1,0,1,14
1428,2014-01-15,12.61,3,2,2,0.3333333333333333,0.0,2,0,1,15
1428,2014-01-16,8.14,1,1,1,1.0,0.0,3,0,1,16
1428,2014-01-17,35.27,5,3,5,0.4,0.0,4,0,1,17
1428,2014-01-18,33.25,4,2,4,0.5,0.0,5,1,1,18
1428,2014-01-19,19.58,4,4,4,0.25,0.0,6,1,1,19
1428,2014-01-20,45.01,8,2,3,0.375,0.0,0,0,1,20
1428,2014-01-21,63.74,5,5,5,0.2,0.0,1,0,1,21
1428,2014-01-22,20.75,3,2,2,0.6666666666666666,0.0,2,0,1,22
1428,2014-01-24,58.0,6,4,5,0.0,0.0,4,0,1,24
1428,2014-01-25,29.15,5,4,4,0.4,0.0,5,1,1,25
1428,2014-01-26,21.8,5,4,4,0.2,0.0,6,1,1,26
1428,2014-01-27,53.36,7,4,5,0.14285714285714285,0.0,0,0,1,27
1428,2014-01-28,16.0,3,3,3,0.3333333333333333,0.0,1,0,1,28
1428,2014-01-29,54.5,5,3,3,0.4,0.0,2,0,1,29
1428,2014-01-30,82.75,9,5,6,0.3333333333333333,0.0,3,0,1,30
1428,2014-01-31,23.14,4,2,3,0.25,0.0,4,0,1,31
1428,2014-02-01,66.19,6,4,4,0.6666666666666666,0.0,5,1,2,1
1428,2014-02-02,22.740000000000002,4,3,4,0.25,0.0,6,1,2,2
1428,2014-02-03,18.89,3,3,3,0.3333333333333333,0.0,0,0,2,3
1428,2014-02-04,17.53,4,3,4,0.25,0.0,1,0,2,4
1428,2014-02-05,17.96,4,3,3,0.25,0.0,2,0,2,5
1428,2014-02-06,81.31,10,3,4,0.0,0.0,3,0,2,6
1428,2014-02-07,52.35,6,4,5,0.16666666666666666,0.0,4,0,2,7
1428,2014-02-08,47.260000000000005,6,4,4,0.16666666666666666,0.0,5,1,2,8
1428,2014-02-09,27.41,2,2,2,1.0,0.0,6,1,2,9
1428,2014-02-10,37.22,5,4,4,0.4,0.0,0,0,2,10
1428,2014-02-11,42.53,6,4,4,0.16666666666666666,0.0,1,0,2,11
1428,2014-02-12,25.12,3,2,3,0.3333333333333333,0.0,2,0,2,12
1428,2014-02-13,86.1,7,5,6,0.14285714285714285,0.0,3,0,2,13
1428,2014-02-14,29.379999999999995,7,3,5,0.14285714285714285,0.0,4,0,2,14
1428,2014-02-15,10.219999999999999,3,2,2,0.3333333333333333,0.0,5,1,2,15
1428,2014-02-16,55.95,6,5,5,0.16666666666666666,0.0,6,1,2,16
1428,2014-02-17,10.0,2,2,2,0.5,0.0,0,0,2,17
1428,2014-02-18,45.669999999999995,4,3,3,0.5,0.0,1,0,2,18
1428,2014-02-19,4.67,3,2,2,0.0,0.0,2,0,2,19
1428,2014-02-20,15.899999999999999,3,3,3,0.3333333333333333,0.0,3,0,2,20
1428,2014-02-21,24.86,4,3,4,0.5,0.0,4,0,2,21
1428,2014-02-22,17.68,4,3,3,0.25,0.0,5,1,2,22
1428,2014-02-23,46.39,4,3,3,0.5,0.0,6,1,2,23
1428,2014-02-24,24.79,4,3,3,0.0,0.0,0,0,2,24
1428,2014-02-25,13.7,4,3,3,0.25,0.0,1,0,2,25
1428,2014-02-26,61.68,4,4,4,0.25,0.0,2,0,2,26
1428,2014-02-27,10.57,1,1,1,1.0,0.0,3,0,2,27
1428,2014-02-28,10.780000000000001,3,3,3,0.0,0.0,4,0,2,28
1428,2014-03-01,45.730000000000004,5,4,5,0.4,0.0,5,1,3,1
1428,2014-03-02,57.629999999999995,5,4,4,0.4,0.0,6,1,3,2
1428,2014-03-03,58.5,4,3,4,0.25,0.0,0,0,3,3
1428,2014-03-04,59.52,6,4,5,0.16666666666666666,0.0,1,0,3,4
1428,2014-03-05,36.400000000000006,5,3,3,0.2,0.0,2,0,3,5
1428,2014-03-06,23.31,6,4,4,0.16666666666666666,0.0,3,0,3,6
1428,2014-03-07,51.29,6,3,4,0.16666666666666666,0.0,4,0,3,7
1428,2014-03-08,20.37,6,4,4,0.16666666666666666,0.0,5,1,3,8
1428,2014-03-09,17.22,4,3,3,0.0,0.0,6,1,3,9
1428,2014-03-10,12.219999999999999,2,2,2,0.5,0.0,0,0,3,10
1428,2014-03-11,13.39,4,3,3,0.0,0.0,1,0,3,11
1428,2014-03-12,21.47,3,2,2,0.0,0.0,2,0,3,12
1428,2014-03-13,46.21,7,2,3,0.2857142857142857,0.0,3,0,3,13
1428,2014-03-14,41.06,7,3,4,0.0,0.0,4,0,3,14
1428,2014-03-15,7.050000000000001,3,2,2,0.0,0.0,5,1,3,15
1428,2014-03-16,12.65,3,2,2,0.0,0.0,6,1,3,16
1428,2014-03-17,30.200000000000003,4,2,3,0.75,0.0,0,0,3,17
1428,2014-03-18,54.4,4,4,4,0.25,0.0,1,0,3,18
1428,2014-03-19,17.29,3,3,3,0.0,0.0,2,0,3,19
1428,2014-03-20,44.71,6,4,5,0.3333333333333333,0.0,3,0,3,20
1428,2014-03-21,24.849999999999998,7,4,4,0.0,0.0,4,0,3,21
1428,2014-03-22,16.75,3,3,3,0.3333333333333333,0.0,5,1,3,22
1428,2014-03-23,6.21,3,2,2,0.0,0.0,6,1,3,23
1428,2014-03-24,98.24,4,4,4,0.25,0.0,0,0,3,24
1428,2014-03-25,16.2,4,3,3,0.25,0.0,1,0,3,25
1428,2014-03-26,55.77,4,3,4,0.25,0.0,2,0,3,26
1428,2014-03-27,10.55,1,1,1,1.0,0.0,3,0,3,27
1428,2014-03-28,29.73,7,4,5,0.2857142857142857,0.0,4,0,3,28
1428,2014-03-29,24.25,4,3,3,0.0,0.0,5,1,3,29
1428,2014-03-30,39.14,5,5,5,0.2,0.0,6,1,3,30
1428,2014-03-31,7.06,3,2,2,0.0,0.0,0,0,3,31
1428,2014-04-01,4.63,2,2,2,0.0,0.0,1,0,4,1
1428,2014-04-02,66.27,5,3,5,0.4,0.0,2,0,4,2
1428,2014-04-03,55.34,5,4,4,0.0,0.0,3,0,4,3
1428,2014-04-04,66.8,8,5,6,0.125,0.0,4,0,4,4
1428,2014-04-05,33.92999999999999,6,4,4,0.0,0.0,5,1,4,5
1428,2014-04-06,13.870000000000001,5,3,3,0.2,0.0,6,1,4,6
1428,2014-04-07,25.880000000000003,4,2,3,0.5,0.0,0,0,4,7
1428,2014-04-08,13.559999999999999,3,2,3,0.6666666666666666,0.0,1,0,4,8
1428,2014-04-09,33.230000000000004,5,3,5,0.4,0.0,2,0,4,9
1428,2014-04-10,12.2,1,1,1,1.0,0.0,3,0,4,10
1428,2014-04-11,2.73,2,1,1,0.0,0.0,4,0,4,11
1428,2014-04-12,12.26,4,4,4,0.0,0.0,5,1,4,12
1428,2014-04-13,20.35,4,4,4,0.0,0.0,6,1,4,13
1428,2014-04-14,31.25,5,2,2,0.0,0.0,0,0,4,14
1428,2014-04-15,17.54,5,3,3,0.2,0.0,1,0,4,15
1428,2014-04-16,30.449999999999996,3,3,3,0.3333333333333333,0.0,2,0,4,16
1428,2014-04-17,39.9,2,2,2,0.5,0.0,3,0,4,17
1428,2014-04-18,55.92999999999999,4,3,3,0.25,0.0,4,0,4,18
1428,2014-04-19,31.409999999999997,3,3,3,0.3333333333333333,0.0,5,1,4,19
1428,2014-04-20,71.04,7,4,4,0.0,0.0,6,1,4,20
1428,2014-04-21,77.35,7,5,5,0.14285714285714285,0.0,0,0,4,21
1428,2014-04-22,24.03,5,3,3,0.4,0.0,1,0,4,22
1428,2014-04-23,19.46,2,1,2,0.5,0.0,2,0,4,23
1428,2014-04-24,20.119999999999997,5,3,4,0.4,0.0,3,0,4,24
1428,2014-04-25,58.71,10,3,5,0.1,0.0,4,0,4,25
1428,2014-04-26,61.43,6,4,4,0.3333333333333333,0.0,5,1,4,26
1428,2014-04-28,16.52,5,3,3,0.2,0.0,0,0,4,28
1428,2014-04-29,35.11,6,6,6,0.16666666666666666,0.0,1,0,4,29
1428,2014-04-30,5.12,2,2,2,0.0,0.0,2,0,4,30
1428,2014-05-01,17.4,3,3,3,0.0,0.0,3,0,5,1
1428,2014-05-02,31.5,3,3,3,0.3333333333333333,0.0,4,0,5,2
1428,2014-05-03,27.78,5,3,4,0.2,0.0,5,1,5,3
1428,2014-05-04,16.28,5,4,4,0.0,0.0,6,1,5,4
1428,2014-05-05,20.73,4,2,3,0.25,0.0,0,0,5,5
1428,2014-05-06,47.04,6,4,5,0.16666666666666666,0.0,1,0,5,6
1428,2014-05-07,11.84,1,1,1,1.0,0.0,2,0,5,7
1428,2014-05-08,61.95,5,4,5,0.4,0.0,3,0,5,8
1428,2014-05-09,11.51,4,2,2,0.0,0.0,4,0,5,9
1428,2014-05-10,4.3,3,1,1,0.0,0.0,5,1,5,10
1428,2014-05-11,30.03,7,4,5,0.14285714285714285,0.0,6,1,5,11
1428,2014-05-12,17.430000000000003,3,3,3,0.0,0.0,0,0,5,12
1428,2014-05-13,31.19,7,4,5,0.14285714285714285,0.0,1,0,5,13
1428,2014-05-14,20.85,2,1,1,0.0,0.0,2,0,5,14
1428,2014-05-15,28.86,4,2,4,0.5,0.0,3,0,5,15
1428,2014-05-16,51.14,7,3,3,0.2857142857142857,0.0,4,0,5,16
1428,2014-05-17,22.68,4,3,4,0.25,0.0,5,1,5,17
1428,2014-05-18,23.64,5,2,3,0.2,0.0,6,1,5,18
1428,2014-05-19,18.83,5,4,4,0.2,0.0,0,0,5,19
1428,2014-05-20,12.35,4,3,3,0.0,0.0,1,0,5,20
1428,2014-05-21,12.91,4,3,3,0.25,0.0,2,0,5,21
1428,2014-05-22,38.339999999999996,5,2,4,0.6,0.0,3,0,5,22
1428,2014-05-23,80.8,7,5,5,0.0,0.0,4,0,5,23
1428,2014-05-24,18.09,3,3,3,0.0,0.0,5,1,5,24
1428,2014-05-25,56.29,6,4,5,0.16666666666666666,0.0,6,1,5,25
1428,2014-05-26,8.84,2,1,1,0.0,0.0,0,0,5,26
1428,2014-05-27,27.7,5,3,3,0.0,0.0,1,0,5,27
1428,2014-05-28,11.739999999999998,3,2,2,0.0,0.0,2,0,5,28
1428,2014-05-29,14.47,4,2,3,0.5,0.0,3,0,5,29
1428,2014-05-30,55.36,4,4,4,0.25,0.0,4,0,5,30
1428,2014-05-31,2.44,2,1,1,0.0,0.0,5,1,5,31
1428,2014-06-01,39.6,6,3,4,0.3333333333333333,0.0,6,1,6,1
1428,2014-06-02,83.45,9,5,6,0.1111111111111111,0.0,0,0,6,2
1428,2014-06-03,29.32,6,3,4,0.16666666666666666,0.0,1,0,6,3
1428,2014-06-04,35.67,5,3,4,0.2,0.0,2,0,6,4
1428,2014-06-05,21.93,4,2,2,0.0,0.0,3,0,6,5
1428,2014-06-06,30.549999999999997,5,3,5,0.4,0.0,4,0,6,6
1428,2014-06-07,38.36,5,2,3,0.8,0.0,5,1,6,7
1428,2014-06-08,18.95,4,3,3,0.0,0.0,6,1,6,8
1428,2014-06-09,14.25,4,3,3,0.25,0.0,0,0,6,9
1428,2014-06-10,57.06,6,5,6,0.16666666666666666,0.0,1,0,6,10
1428,2014-06-11,10.82,2,2,2,0.5,0.0,2,0,6,11
1428,2014-06-12,18.47,4,3,4,0.5,0.0,3,0,6,12
1428,2014-06-13,18.770000000000003,4,3,4,0.25,0.0,4,0,6,13
1428,2014-06-14,14.16,3,3,3,0.0,0.0,5,1,6,14
1428,2014-06-15,26.27,4,3,3,0.5,0.0,6,1,6,15
1428,2014-06-16,61.41,6,4,4,0.16666666666666666,0.0,0,0,6,16
1428,2014-06-17,46.16,6,3,3,0.0,0.0,1,0,6,17
1428,2014-06-18,84.18,5,4,5,0.2,0.0,2,0,6,18
1428,2014-06-19,48.260000000000005,5,3,4,0.6,0.0,3,0,6,19
1428,2014-06-20,12.78,4,2,2,0.25,0.0,4,0,6,20
1428,2014-06-21,100.69,10,6,7,0.2,0.0,5,1,6,21
1428,2014-06-22,12.899999999999999,3,2,2,0.0,0.0,6,1,6,22
1428,2014-06-23,22.28,4,3,4,0.25,0.0,0,0,6,23
1428,2014-06-24,20.47,4,4,4,0.25,0.0,1,0,6,24
1428,2014-06-25,15.09,2,1,1,0.0,0.0,2,0,6,25
1428,2014-06-26,10.690000000000001,3,2,2,0.3333333333333333,0.0,3,0,6,26
1428,2014-06-27,28.66,4,2,3,0.5,0.0,4,0,6,27
1428,2014-06-28,21.75,4,3,4,0.25,0.0,5,1,6,28
1428,2014-06-29,55.379999999999995,8,3,5,0.25,0.0,6,1,6,29
1428,2014-06-30,37.190000000000005,5,3,3,0.0,0.0,0,0,6,30
1428,2014-07-01,22.25,3,2,3,0.6666666666666666,0.0,1,0,7,1
1428,2014-07-02,36.19,4,3,3,0.0,0.0,2,0,7,2
1428,2014-07-03,15.52,5,3,3,0.0,0.0,3,0,7,3
1428,2014-07-04,15.58,3,2,3,0.3333333333333333,0.0,4,0,7,4
1428,2014-07-05,1.94,2,1,1,0.0,0.0,5,1,7,5
1428,2014-07-06,58.33,8,4,6,0.25,0.0,6,1,7,6
1428,2014-07-07,43.32,7,4,5,0.2857142857142857,0.0,0,0,7,7
1428,2014-07-08,57.84,4,3,4,0.25,0.0,1,0,7,8
1428,2014-07-09,22.75,3,2,3,0.3333333333333333,0.0,2,0,7,9
1428,2014-07-10,28.42,5,4,5,0.2,0.0,3,0,7,10
1428,2014-07-11,18.73,3,3,3,0.0,0.0,4,0,7,11
1428,2014-07-12,13.26,3,3,3,0.0,0.0,5,1,7,12
1428,2014-07-13,18.79,2,1,2,1.0,0.0,6,1,7,13
1428,2014-07-14,24.42,2,2,2,0.5,0.0,0,0,7,14
1428,2014-07-15,15.13,4,3,3,0.0,0.0,1,0,7,15
1428,2014-07-16,14.01,3,3,3,0.3333333333333333,0.0,2,0,7,16
1428,2014-07-17,30.419999999999998,4,2,3,0.75,0.0,3,0,7,17
1428,2014-07-18,27.45,7,3,3,0.2857142857142857,0.0,4,0,7,18
1428,2014-07-19,16.15,4,3,3,0.25,0.0,5,1,7,19
1428,2014-07-20,29.88,7,3,4,0.2857142857142857,0.0,6,1,7,20
1428,2014-07-21,60.67,4,2,3,0.25,0.0,0,0,7,21
1428,2014-07-22,35.900000000000006,4,3,4,0.25,0.0,1,0,7,22
1428,2014-07-23,63.419999999999995,4,3,4,0.25,0.0,2,0,7,23
1428,2014-07-24,17.43,3,2,3,0.3333333333333333,0.0,3,0,7,24
1428,2014-07-25,33.82,7,4,5,0.14285714285714285,0.0,4,0,7,25
1428,2014-07-26,19.99,3,2,3,0.3333333333333333,0.0,5,1,7,26
1428,2014-07-27,74.96000000000001,8,5,5,0.25,0.0,6,1,7,27
1428,2014-07-28,15.620000000000001,3,2,3,0.6666666666666666,0.0,0,0,7,28
1428,2014-07-29,40.4,6,3,5,0.3333333333333333,0.0,1,0,7,29
1428,2014-07-30,33.57,4,3,3,0.0,0.0,2,0,7,30
1428,2014-07-31,20.6,4,3,3,0.0,0.0,3,0,7,31
1428,2014-08-01,11.16,1,1,1,0.0,0.0,4,0,8,1
1428,2014-08-02,24.759999999999998,4,3,3,0.5,0.0,5,1,8,2
1428,2014-08-03,20.75,5,2,2,0.4,0.0,6,1,8,3
1428,2014-08-04,57.669999999999995,6,4,5,0.16666666666666666,0.0,0,0,8,4
1428,2014-08-05,16.82,3,3,3,0.3333333333333333,0.0,1,0,8,5
1428,2014-08-06,45.11,4,3,3,0.25,0.0,2,0,8,6
1428,2014-08-07,18.240000000000002,3,2,3,0.6666666666666666,0.0,3,0,8,7
1428,2014-08-08,8.47,1,1,1,0.0,0.0,4,0,8,8
1428,2014-08-09,28.19,4,2,3,0.25,0.0,5,1,8,9
1428,2014-08-10,70.95,6,3,4,0.16666666666666666,0.0,6,1,8,10
1428,2014-08-11,19.08,3,2,3,0.3333333333333333,0.0,0,0,8,11
1428,2014-08-12,24.77,5,4,4,0.2,0.0,1,0,8,12
1428,2014-08-13,4.45,1,1,1,0.0,0.0,2,0,8,13
1428,2014-08-14,19.83,3,2,2,0.0,0.0,3,0,8,14
1428,2014-08-15,0.95,1,1,1,0.0,0.0,4,0,8,15
1428,2014-08-16,54.72,7,4,5,0.2857142857142857,0.0,5,1,8,16
1428,2014-08-17,6.01,1,1,1,0.0,0.0,6,1,8,17
1428,2014-08-18,54.54,7,5,6,0.14285714285714285,0.0,0,0,8,18
1428,2014-08-19,14.46,4,3,3,0.25,0.0,1,0,8,19
1428,2014-08-20,41.24,3,3,3,0.3333333333333333,0.0,2,0,8,20
1428,2014-08-21,10.01,2,2,2,0.0,0.0,3,0,8,21
1428,2014-08-22,13.56,3,2,2,0.3333333333333333,0.0,4,0,8,22
1428,2014-08-23,46.220000000000006,6,3,4,0.3333333333333333,0.0,5,1,8,23
1428,2014-08-24,17.96,3,3,3,0.3333333333333333,0.0,6,1,8,24
1428,2014-08-25,83.67,8,4,5,0.125,0.0,0,0,8,25
1428,2014-08-26,21.490000000000002,4,2,2,0.5,0.0,1,0,8,26
1428,2014-08-27,10.649999999999999,2,2,2,0.5,0.0,2,0,8,27
1428,2014-08-28,12.530000000000001,2,2,2,0.5,0.0,3,0,8,28
1428,2014-08-29,29.8,6,4,5,0.3333333333333333,0.0,4,0,8,29
1428,2014-08-30,71.56,5,4,4,0.2,0.0,5,1,8,30
1428,2014-08-31,11.530000000000001,2,2,2,0.5,0.0,6,1,8,31
1428,2014-09-01,4.18,2,2,2,0.0,0.0,0,0,9,1
1428,2014-09-02,27.53,5,4,4,0.4,0.0,1,0,9,2
1428,2014-09-03,15.91,3,2,3,0.3333333333333333,0.0,2,0,9,3
1428,2014-09-04,18.98,3,2,3,0.3333333333333333,0.0,3,0,9,4
1428,2014-09-05,30.98,5,4,5,0.2,0.0,4,0,9,5
1428,2014-09-06,1.41,1,1,1,0.0,0.0,5,1,9,6
1428,2014-09-07,15.85,3,3,3,0.0,0.0,6,1,9,7
1428,2014-09-08,13.030000000000001,4,2,2,0.25,0.0,0,0,9,8
1428,2014-09-09,20.73,4,3,4,0.0,0.0,1,0,9,9
1428,2014-09-10,18.82,3,2,2,0.6666666666666666,0.0,2,0,9,10
1428,2014-09-11,13.36,3,2,3,0.3333333333333333,0.0,3,0,9,11
1428,2014-09-12,10.809999999999999,2,2,2,0.5,0.0,4,0,9,12
1428,2014-09-13,28.21,4,4,4,0.25,0.0,5,1,9,13
1428,2014-09-14,13.78,3,3,3,0.0,0.0,6,1,9,14
1428,2014-09-15,50.42,5,3,3,0.0,0.0,0,0,9,15
1428,2014-09-16,12.729999999999999,2,2,2,0.0,0.0,1,0,9,16
1428,2014-09-17,30.03,2,2,2,0.0,0.0,2,0,9,17
1428,2014-09-18,70.12,6,4,5,0.3333333333333333,0.0,3,0,9,18
1428,2014-09-19,26.93,4,3,3,0.0,0.0,4,0,9,19
1428,2014-09-20,13.39,5,2,2,0.0,0.0,5,1,9,20
1428,2014-09-21,8.03,5,2,3,0.0,0.0,6,1,9,21
1428,2014-09-22,11.49,2,2,2,0.5,0.0,0,0,9,22
1428,2014-09-23,16.66,3,3,3,0.3333333333333333,0.0,1,0,9,23
1428,2014-09-24,56.419999999999995,4,3,4,0.5,0.0,2,0,9,24
1428,2014-09-25,20.130000000000003,3,2,2,0.0,0.0,3,0,9,25
1428,2014-09-26,44.26,5,3,4,0.2,0.0,4,0,9,26
1428,2014-09-27,25.86,5,3,4,0.2,0.0,5,1,9,27
1428,2014-09-28,58.78,11,4,6,0.09090909090909091,0.0,6,1,9,28
1428,2014-09-29,51.95,5,4,4,0.0,0.0,0,0,9,29
1428,2014-09-30,38.37,5,3,4,0.6,0.0,1,0,9,30
1428,2014-10-01,56.3,7,4,5,0.2857142857142857,0.0,2,0,10,1
1428,2014-10-02,81.05000000000001,4,3,4,0.25,0.0,3,0,10,2
1428,2014-10-03,14.02,3,2,2,0.0,0.0,4,0,10,3
1428,2014-10-04,20.369999999999997,3,2,3,0.6666666666666666,0.0,5,1,10,4
1428,2014-10-05,28.29,6,3,4,0.16666666666666666,0.0,6,1,10,5
1428,2014-10-06,72.16,7,4,4,0.14285714285714285,0.0,0,0,10,6
1428,2014-10-07,32.85,5,3,5,0.4,0.0,1,0,10,7
1428,2014-10-09,30.64,5,2,3,0.2,0.0,3,0,10,9
1428,2014-10-10,14.5,4,4,4,0.25,0.0,4,0,10,10
1428,2014-10-11,53.08,5,5,5,0.2,0.0,5,1,10,11
1428,2014-10-12,47.989999999999995,2,2,2,0.5,0.0,6,1,10,12
1428,2014-10-13,26.049999999999997,5,4,4,0.2,0.0,0,0,10,13
1428,2014-10-14,25.380000000000003,3,1,2,1.0,0.0,1,0,10,14
1428,2014-10-15,30.65,5,3,4,0.2,0.0,2,0,10,15
1428,2014-10-16,107.98999999999998,8,5,6,0.125,0.0,3,0,10,16
1428,2014-10-17,25.68,4,3,3,0.5,0.0,4,0,10,17
1428,2014-10-18,43.54,7,3,3,0.5714285714285714,0.0,5,1,10,18
1428,2014-10-19,13.9,3,3,3,0.3333333333333333,0.0,6,1,10,19
1428,2014-10-20,59.94,4,3,4,0.5,0.0,0,0,10,20
1428,2014-10-21,38.66,6,3,4,0.0,0.0,1,0,10,21
1428,2014-10-22,57.16,3,2,3,0.6666666666666666,0.0,2,0,10,22
1428,2014-10-23,1.64,1,1,1,0.0,0.0,3,0,10,23
1428,2014-10-24,31.869999999999997,6,3,4,0.16666666666666666,0.0,4,0,10,24
1428,2014-10-25,5.57,3,2,2,0.0,0.0,5,1,10,25
1428,2014-10-26,24.82,5,3,4,0.2,0.0,6,1,10,26
1428,2014-10-27,1.73,1,1,1,0.0,0.0,0,0,10,27
1428,2014-10-28,7.97,4,2,2,0.0,0.0,1,0,10,28
1428,2014-10-29,14.99,2,1,2,0.5,0.0,2,0,10,29
1428,2014-10-30,19.72,3,2,2,0.0,0.0,3,0,10,30
1428,2014-10-31,18.990000000000002,4,3,3,0.0,0.0,4,0,10,31
1428,2014-11-01,23.83,3,2,2,0.6666666666666666,0.0,5,1,11,1
1428,2014-11-02,21.27,5,4,4,0.2,0.0,6,1,11,2
1428,2014-11-03,21.59,3,3,3,0.3333333333333333,0.0,0,0,11,3
1428,2014-11-04,18.53,3,3,3,0.3333333333333333,0.0,1,0,11,4
1428,2014-11-05,15.59,5,3,3,0.2,0.0,2,0,11,5
1428,2014-11-06,18.45,4,2,3,0.25,0.0,3,0,11,6
1428,2014-11-07,21.37,5,4,4,0.0,0.0,4,0,11,7
1428,2014-11-08,54.66,7,4,4,0.0,0.0,5,1,11,8
1428,2014-11-09,47.36,6,3,3,0.0,0.0,6,1,11,9
1428,2014-11-10,25.689999999999998,4,3,4,0.25,0.0,0,0,11,10
1428,2014-11-11,25.25,6,3,4,0.3333333333333333,0.0,1,0,11,11
1428,2014-11-12,20.55,5,2,3,0.2,0.0,2,0,11,12
1428,2014-11-13,9.85,1,1,1,1.0,0.0,3,0,11,13
1428,2014-11-14,22.1,4,2,3,0.25,0.0,4,0,11,14
1428,2014-11-15,5.54,4,1,1,0.0,0.0,5,1,11,15
1428,2014-11-16,16.14,3,3,3,0.3333333333333333,0.0,6,1,11,16
1428,2014-11-17,25.13,6,3,3,0.16666666666666666,0.0,0,0,11,17
1428,2014-11-18,26.729999999999997,4,2,3,0.0,0.0,1,0,11,18
1428,2014-11-19,1.56,1,1,1,0.0,0.0,2,0,11,19
1428,2014-11-20,7.95,1,1,1,1.0,0.0,3,0,11,20
1428,2014-11-21,9.24,2,2,2,0.5,0.0,4,0,11,21
1428,2014-11-22,21.599999999999998,3,2,2,0.6666666666666666,0.0,5,1,11,22
1428,2014-11-23,60.78,6,3,4,0.3333333333333333,0.0,6,1,11,23
1428,2014-11-24,38.44,5,3,4,0.2,0.0,0,0,11,24
1428,2014-11-25,24.6,6,3,4,0.16666666666666666,0.0,1,0,11,25
1428,2014-11-26,10.620000000000001,2,1,1,0.0,0.0,2,0,11,26
1428,2014-11-27,10.68,2,2,2,0.5,0.0,3,0,11,27
1428,2014-11-28,43.16,3,2,2,0.0,0.0,4,0,11,28
1428,2014-11-29,25.92,4,3,4,0.25,0.0,5,1,11,29
1428,2014-11-30,45.129999999999995,3,2,3,0.3333333333333333,0.0,6,1,11,30
1428,2014-12-01,2.37,2,1,1,0.0,0.0,0,0,12,1
1428,2014-12-02,16.48,4,3,3,0.25,0.0,1,0,12,2
1428,2014-12-03,46.46,5,5,5,0.2,0.0,2,0,12,3
1428,2014-12-04,82.21,4,4,4,0.25,0.0,3,0,12,4
1428,2014-12-05,17.3,4,3,3,0.25,0.0,4,0,12,5
1428,2014-12-06,14.15,5,3,3,0.2,0.0,5,1,12,6
1428,2014-12-07,9.95,3,3,3,0.0,0.0,6,1,12,7
1428,2014-12-08,14.86,3,3,3,0.3333333333333333,0.0,0,0,12,8
1428,2014-12-09,7.69,1,1,1,1.0,0.0,1,0,12,9
1428,2014-12-10,16.709999999999997,4,3,3,0.25,0.0,2,0,12,10
1428,2014-12-11,32.269999999999996,2,2,2,0.0,0.0,3,0,12,11
1428,2014-12-12,34.45,6,2,4,0.16666666666666666,0.0,4,0,12,12
1428,2014-12-13,28.25,4,2,4,0.5,0.0,5,1,12,13
1428,2014-12-14,10.53,1,1,1,1.0,0.0,6,1,12,14
1428,2014-12-15,20.54,4,2,3,0.25,0.0,0,0,12,15
1428,2014-12-16,51.01,7,3,3,0.14285714285714285,0.0,1,0,12,16
1428,2014-12-17,24.69,5,3,4,0.4,0.0,2,0,12,17
1428,2014-12-18,12.24,3,2,2,0.3333333333333333,0.0,3,0,12,18
1428,2014-12-19,18.27,4,3,4,0.0,0.0,4,0,12,19
1428,2014-12-20,45.51,3,3,3,0.0,0.0,5,1,12,20
1428,2014-12-21,17.92,4,2,3,0.5,0.0,6,1,12,21
1428,2014-12-22,60.47,6,5,5,0.16666666666666666,0.0,0,0,12,22
1428,2014-12-23,63.260000000000005,7,4,5,0.42857142857142855,0.0,1,0,12,23
1428,2014-12-24,31.94,5,2,3,0.0,0.0,2,0,12,24
1428,2014-12-25,38.64,9,4,6,0.2222222222222222,0.0,3,0,12,25
1428,2014-12-26,36.01,8,4,5,0.125,0.0,4,0,12,26
1428,2014-12-27,5.01,2,2,2,0.0,0.0,5,1,12,27
1428,2014-12-28,7.16,4,2,2,0.0,0.0,6,1,12,28
1428,2014-12-29,26.52,6,4,4,0.16666666666666666,0.0,0,0,12,29
1428,2014-12-30,8.6,2,2,2,0.0,0.0,1,0,12,30
1428,2014-12-31,55.580000000000005,4,2,3,1.0,0.0,2,0,12,31
1428,2015-01-01,58.790000000000006,5,4,5,0.2,0.6,3,0,1,1
1428,2015-01-02,8.49,3,2,2,0.3333333333333333,0.6666666666666666,4,0,1,2
1428,2015-01-03,6.61,2,2,2,0.0,1.0,5,1,1,3
1428,2015-01-04,33.42,6,3,5,0.3333333333333333,0.6666666666666666,6,1,1,4
1428,2015-01-05,24.37,5,2,3,0.2,0.8,0,0,1,5
1428,2015-01-06,81.57,7,5,6,0.14285714285714285,0.8571428571428571,1,0,1,6
1428,2015-01-07,32.64,5,3,4,0.4,0.6,2,0,1,7
1428,2015-01-09,20.35,3,2,3,0.3333333333333333,0.6666666666666666,4,0,1,9
1428,2015-01-10,10.940000000000001,2,2,2,0.5,0.5,5,1,1,10
1428,2015-01-11,35.06,6,3,4,0.5,0.5,6,1,1,11
1428,2015-01-12,12.290000000000001,3,3,3,0.3333333333333333,0.6666666666666666,0,0,1,12
1428,2015-01-13,69.53,7,4,4,0.0,0.8571428571428571,1,0,1,13
1428,2015-01-14,58.42,9,6,6,0.3333333333333333,0.5555555555555556,2,0,1,14
1428,2015-01-15,32.61,2,2,2,0.0,1.0,3,0,1,15
1428,2015-01-16,46.730000000000004,2,2,2,1.0,0.0,4,0,1,16
1428,2015-01-17,16.82,4,3,4,0.0,1.0,5,1,1,17
1428,2015-01-18,39.42,7,4,6,0.2857142857142857,0.7142857142857143,6,1,1,18
1428,2015-01-19,41.02,3,3,3,0.0,0.6666666666666666,0,0,1,19
1428,2015-01-20,5.67,3,2,3,0.0,1.0,1,0,1,20
1428,2015-01-21,100.73,5,4,4,0.4,0.4,2,0,1,21
1428,2015-01-22,35.879999999999995,2,2,2,0.5,0.5,3,0,1,22
1428,2015-01-23,22.51,4,3,4,0.25,0.75,4,0,1,23
1428,2015-01-24,16.92,3,3,3,0.0,1.0,5,1,1,24
1428,2015-01-25,15.02,2,1,2,1.0,0.0,6,1,1,25
1428,2015-01-26,17.53,4,3,3,0.25,0.75,0,0,1,26
1428,2015-01-27,28.039999999999992,4,1,2,0.0,1.0,1,0,1,27
1428,2015-01-28,32.81,4,2,4,0.5,0.5,2,0,1,28
1428,2015-01-29,19.64,3,2,3,0.3333333333333333,0.6666666666666666,3,0,1,29
1428,2015-01-30,52.370000000000005,4,3,4,0.75,0.25,4,0,1,30
1428,2015-01-31,26.02,4,2,3,0.5,0.5,5,1,1,31
1428,2015-02-01,18.57,3,3,3,0.0,0.6666666666666666,6,1,2,1
1428,2015-02-02,70.59,6,4,4,0.0,1.0,0,0,2,2
1428,2015-02-03,47.06,3,2,3,0.3333333333333333,0.3333333333333333,1,0,2,3
1428,2015-02-04,11.95,3,2,2,0.3333333333333333,0.6666666666666666,2,0,2,4
1428,2015-02-05,18.759999999999998,3,2,3,0.3333333333333333,0.6666666666666666,3,0,2,5
1428,2015-02-06,19.240000000000002,2,1,2,0.5,0.5,4,0,2,6
1428,2015-02-08,18.36,6,4,4,0.0,0.8333333333333334,6,1,2,8
1428,2015-02-09,34.61,5,2,3,0.6,0.4,0,0,2,9
1428,2015-02-10,11.790000000000001,3,2,2,0.3333333333333333,0.6666666666666666,1,0,2,10
1428,2015-02-11,32.949999999999996,4,3,4,0.25,0.75,2,0,2,11
1428,2015-02-12,22.8,6,2,3,0.3333333333333333,0.6666666666666666,3,0,2,12
1428,2015-02-13,69.49,6,3,4,0.5,0.5,4,0,2,13
1428,2015-02-14,16.31,3,3,3,0.3333333333333333,0.6666666666666666,5,1,2,14
1428,2015-02-15,90.39,8,3,5,0.125,0.875,6,1,2,15
1428,2015-02-16,29.09,6,3,4,0.3333333333333333,0.6666666666666666,0,0,2,16
1428,2015-02-17,29.57,5,3,3,0.4,0.4,1,0,2,17
1428,2015-02-18,12.540000000000001,3,3,3,0.3333333333333333,0.6666666666666666,2,0,2,18
1428,2015-02-19,9.01,2,2,2,0.5,0.5,3,0,2,19
1428,2015-02-20,11.76,1,1,1,1.0,0.0,4,0,2,20
1428,2015-02-21,25.53,5,3,4,0.2,0.6,5,1,2,21
1428,2015-02-22,50.44,3,2,3,0.3333333333333333,0.6666666666666666,6,1,2,22
1428,2015-02-23,44.3,5,4,4,0.2,0.8,0,0,2,23
1428,2015-02-24,7.33,2,2,2,0.0,1.0,1,0,2,24
1428,2015-02-25,62.99,8,4,5,0.125,0.75,2,0,2,25
1428,2015-02-26,38.730000000000004,5,4,4,0.0,1.0,3,0,2,26
1428,2015-02-27,8.86,1,1,1,1.0,0.0,4,0,2,27
1428,2015-02-28,74.23,8,5,5,0.375,0.625,5,1,2,28
1428,2015-03-01,21.07,3,2,3,0.3333333333333333,0.6666666666666666,6,1,3,1
1428,2015-03-02,6.27,1,1,1,0.0,1.0,0,0,3,2
1428,2015-03-03,28.72,5,4,4,0.4,0.4,1,0,3,3
1428,2015-03-04,102.07000000000001,8,5,7,0.125,0.875,2,0,3,4
1428,2015-03-05,3.02,2,1,1,0.0,1.0,3,0,3,5
1428,2015-03-06,50.730000000000004,6,4,4,0.0,1.0,4,0,3,6
1428,2015-03-07,59.51,4,4,4,0.0,0.75,5,1,3,7
1428,2015-03-08,1.73,1,1,1,0.0,1.0,6,1,3,8
1428,2015-03-09,51.17,9,4,4,0.0,0.8888888888888888,0,0,3,9
1428,2015-03-10,40.64,6,2,3,0.0,1.0,1,0,3,10
1428,2015-03-11,18.22,5,3,4,0.0,1.0,2,0,3,11
1428,2015-03-12,22.05,5,3,4,0.4,0.6,3,0,3,12
1428,2015-03-13,12.92,3,3,3,0.3333333333333333,0.6666666666666666,4,0,3,13
1428,2015-03-14,53.42,4,3,3,0.25,0.75,5,1,3,14
1428,2015-03-15,31.95,6,4,5,0.3333333333333333,0.6666666666666666,6,1,3,15
1428,2015-03-16,23.39,4,3,4,0.25,0.75,0,0,3,16
1428,2015-03-17,50.93,5,4,5,0.4,0.6,1,0,3,17
1428,2015-03-18,21.08,4,4,4,0.0,1.0,2,0,3,18
1428,2015-03-19,9.84,5,2,2,0.0,1.0,3,0,3,19
1428,2015-03-20,18.64,3,2,3,0.3333333333333333,0.6666666666666666,4,0,3,20
1428,2015-03-21,52.1,5,4,4,0.2,0.8,5,1,3,21
1428,2015-03-22,25.68,3,2,3,0.3333333333333333,0.6666666666666666,6,1,3,22
1428,2015-03-23,77.38,5,5,5,0.2,0.6,0,0,3,23
1428,2015-03-24,69.52,8,5,5,0.125,0.875,1,0,3,24
1428,2015-03-25,14.29,4,3,3,0.0,0.75,2,0,3,25
1428,2015-03-26,10.99,2,2,2,0.5,0.5,3,0,3,26
1428,2015-03-27,8.91,1,1,1,1.0,0.0,4,0,3,27
1428,2015-03-28,23.830000000000002,3,2,3,0.6666666666666666,0.3333333333333333,5,1,3,28
1428,2015-03-29,94.41,9,4,6,0.2222222222222222,0.6666666666666666,6,1,3,29
1428,2015-03-30,32.57,5,4,4,0.0,1.0,0,0,3,30
1428,2015-03-31,20.46,5,4,4,0.2,0.8,1,0,3,31
1428,2015-04-01,26.75,4,2,3,0.0,1.0,2,0,4,1
1428,2015-04-02,9.64,1,1,1,0.0,1.0,3,0,4,2
1428,2015-04-03,33.0,3,3,3,0.0,0.6666666666666666,4,0,4,3
1428,2015-04-04,33.980000000000004,7,4,6,0.14285714285714285,0.8571428571428571,5,1,4,4
1428,2015-04-05,53.53,5,4,4,0.0,1.0,6,1,4,5
1428,2015-04-06,22.53,2,1,2,0.5,0.5,0,0,4,6
1428,2015-04-07,50.879999999999995,4,3,3,0.25,0.75,1,0,4,7
1428,2015-04-08,52.03,9,5,5,0.1111111111111111,0.7777777777777778,2,0,4,8
1428,2015-04-09,52.13,5,3,3,0.2,0.8,3,0,4,9
1428,2015-04-10,8.37,1,1,1,1.0,0.0,4,0,4,10
1428,2015-04-11,9.700000000000001,2,2,2,0.0,1.0,5,1,4,11
1428,2015-04-12,38.94,6,5,5,0.0,1.0,6,1,4,12
1428,2015-04-13,36.480000000000004,6,3,4,0.16666666666666666,0.8333333333333334,0,0,4,13
1428,2015-04-14,40.61,6,3,6,0.16666666666666666,0.8333333333333334,1,0,4,14
1428,2015-04-15,55.74,3,3,3,0.6666666666666666,0.3333333333333333,2,0,4,15
1428,2015-04-16,24.76,4,2,3,0.5,0.5,3,0,4,16
1428,2015-04-17,29.21,7,4,5,0.14285714285714285,0.8571428571428571,4,0,4,17
1428,2015-04-18,29.409999999999997,4,3,3,0.5,0.5,5,1,4,18
1428,2015-04-19,17.16,3,3,3,0.3333333333333333,0.6666666666666666,6,1,4,19
1428,2015-04-20,24.33,7,2,3,0.14285714285714285,0.8571428571428571,0,0,4,20
1428,2015-04-21,15.89,3,3,3,0.0,0.6666666666666666,1,0,4,21
1428,2015-04-22,18.15,4,3,3,0.25,0.75,2,0,4,22
1428,2015-04-23,10.849999999999998,3,2,2,0.0,1.0,3,0,4,23
1428,2015-04-24,24.16,4,3,4,0.25,0.75,4,0,4,24
1428,2015-04-25,28.72,6,3,4,0.3333333333333333,0.6666666666666666,5,1,4,25
1428,2015-04-26,51.06,8,3,5,0.25,0.75,6,1,4,26
1428,2015-04-27,9.629999999999999,3,3,3,0.3333333333333333,0.6666666666666666,0,0,4,27
1428,2015-04-28,39.18,6,4,4,0.16666666666666666,0.8333333333333334,1,0,4,28
1428,2015-04-29,32.49,7,5,6,0.2857142857142857,0.7142857142857143,2,0,4,29
1428,2015-04-30,24.78,3,3,3,0.3333333333333333,0.6666666666666666,3,0,4,30
1428,2015-05-01,53.75000000000001,3,3,3,0.0,1.0,4,0,5,1
1428,2015-05-02,20.919999999999998,4,2,2,0.5,0.5,5,1,5,2
1428,2015-05-03,61.91,4,2,3,0.5,0.5,6,1,5,3
1428,2015-05-04,23.65,4,3,3,0.5,0.5,0,0,5,4
1428,2015-05-05,57.57,5,4,4,0.0,1.0,1,0,5,5
1428,2015-05-06,33.78,6,2,3,0.0,1.0,2,0,5,6
1428,2015-05-07,78.49000000000001,6,4,4,0.3333333333333333,0.5,3,0,5,7
1428,2015-05-08,33.35,6,4,5,0.16666666666666666,0.6666666666666666,4,0,5,8
1428,2015-05-09,18.45,5,4,4,0.2,0.8,5,1,5,9
1428,2015-05-10,7.94,2,2,2,0.0,1.0,6,1,5,10
1428,2015-05-11,90.69,7,5,5,0.14285714285714285,0.7142857142857143,0,0,5,11
1428,2015-05-12,35.78,8,3,5,0.25,0.75,1,0,5,12
1428,2015-05-13,58.580000000000005,6,3,5,0.5,0.5,2,0,5,13
1428,2015-05-14,42.35,4,4,4,0.25,0.75,3,0,5,14
1428,2015-05-15,21.43,5,3,3,0.0,0.8,4,0,5,15
1428,2015-05-16,34.67,5,3,5,0.4,0.6,5,1,5,16
1428,2015-05-17,13.669999999999998,3,2,2,0.3333333333333333,0.6666666666666666,6,1,5,17
1428,2015-05-18,38.4,5,4,4,0.2,0.8,0,0,5,18
1428,2015-05-19,18.94,3,2,3,0.3333333333333333,0.6666666666666666,1,0,5,19
1428,2015-05-20,27.54,4,4,4,0.25,0.75,2,0,5,20
1428,2015-05-22,26.71,3,1,1,1.0,0.0,4,0,5,22
1428,2015-05-23,38.28,6,3,5,0.16666666666666666,0.8333333333333334,5,1,5,23
1428,2015-05-24,104.44,9,6,8,0.2222222222222222,0.6666666666666666,6,1,5,24
1428,2015-05-25,48.48,2,2,2,0.0,0.5,0,0,5,25
1428,2015-05-26,29.82,6,4,4,0.3333333333333333,0.5,1,0,5,26
1428,2015-05-27,27.1,5,3,4,0.4,0.6,2,0,5,27
1428,2015-05-28,11.77,3,2,2,0.0,1.0,3,0,5,28
1428,2015-05-29,18.35,3,2,3,0.6666666666666666,0.3333333333333333,4,0,5,29
1428,2015-05-30,8.91,3,2,3,0.0,1.0,5,1,5,30
1428,2015-05-31,20.41,3,2,3,0.3333333333333333,0.6666666666666666,6,1,5,31
1428,2015-06-01,35.3,7,4,4,0.42857142857142855,0.42857142857142855,0,0,6,1
1428,2015-06-02,31.14,4,3,4,0.25,0.5,1,0,6,2
1428,2015-06-03,17.48,2,1,2,0.5,0.5,2,0,6,3
1428,2015-06-04,10.190000000000001,2,1,2,1.0,0.0,3,0,6,4
1428,2015-06-05,73.97,10,4,6,0.2,0.8,4,0,6,5
1428,2015-06-06,13.639999999999999,2,2,2,0.5,0.5,5,1,6,6
1428,2015-06-07,18.17,3,2,3,0.6666666666666666,0.3333333333333333,6,1,6,7
1428,2015-06-08,23.580000000000002,5,3,4,0.2,0.8,0,0,6,8
1428,2015-06-09,16.85,4,3,3,0.25,0.75,1,0,6,9
1428,2015-06-10,25.98,5,4,5,0.2,0.6,2,0,6,10
1428,2015-06-11,12.28,1,1,1,0.0,1.0,3,0,6,11
1428,2015-06-12,31.63,5,2,2,0.6,0.4,4,0,6,12
1428,2015-06-13,57.72,7,5,6,0.2857142857142857,0.5714285714285714,5,1,6,13
1428,2015-06-14,15.290000000000001,3,2,2,0.0,1.0,6,1,6,14
1428,2015-06-15,6.58,1,1,1,1.0,0.0,0,0,6,15
1428,2015-06-16,34.81,5,3,4,0.6,0.4,1,0,6,16
1428,2015-06-17,10.68,2,2,2,0.5,0.5,2,0,6,17
1428,2015-06-18,47.81,5,1,2,1.0,0.0,3,0,6,18
1428,2015-06-19,61.86,4,2,3,0.5,0.5,4,0,6,19
1428,2015-06-20,12.39,2,1,2,1.0,0.0,5,1,6,20
1428,2015-06-21,37.730000000000004,7,4,6,0.14285714285714285,0.7142857142857143,6,1,6,21
1428,2015-06-22,47.14,4,3,4,0.75,0.25,0,0,6,22
1428,2015-06-23,40.51,5,3,4,0.4,0.6,1,0,6,23
1428,2015-06-24,36.86,8,3,3,0.0,1.0,2,0,6,24
1428,2015-06-25,18.6,4,2,2,0.5,0.5,3,0,6,25
1428,2015-06-26,11.92,3,2,2,0.3333333333333333,0.6666666666666666,4,0,6,26
1428,2015-06-27,6.84,2,2,2,0.0,1.0,5,1,6,27
1428,2015-06-28,24.4,6,3,4,0.3333333333333333,0.5,6,1,6,28
1428,2015-06-29,26.54,4,2,2,0.25,0.75,0,0,6,29
1428,2015-06-30,80.72999999999999,5,4,4,0.2,0.8,1,0,6,30
1428,2015-07-01,7.449999999999999,2,2,2,0.0,1.0,2,0,7,1
1428,2015-07-02,37.22,6,2,4,0.3333333333333333,0.6666666666666666,3,0,7,2
1428,2015-07-03,23.1,5,2,3,0.2,0.8,4,0,7,3
1428,2015-07-04,62.63,8,6,7,0.125,0.75,5,1,7,4
1428,2015-07-05,19.83,4,2,3,0.25,0.75,6,1,7,5
1428,2015-07-06,75.35,10,6,7,0.1,0.9,0,0,7,6
1428,2015-07-07,23.0,5,4,5,0.2,0.8,1,0,7,7
1428,2015-07-08,17.7,4,3,3,0.25,0.75,2,0,7,8
1428,2015-07-09,15.55,4,3,3,0.25,0.75,3,0,7,9
1428,2015-07-10,35.739999999999995,5,5,5,0.2,0.8,4,0,7,10
1428,2015-07-11,56.64,8,5,5,0.25,0.75,5,1,7,11
1428,2015-07-12,24.29,6,3,4,0.3333333333333333,0.6666666666666666,6,1,7,12
1428,2015-07-13,11.48,3,2,2,0.0,1.0,0,0,7,13
1428,2015-07-14,57.48,6,4,4,0.5,0.5,1,0,7,14
1428,2015-07-15,3.73,2,1,1,0.0,1.0,2,0,7,15
1428,2015-07-16,23.380000000000003,4,2,3,0.25,0.75,3,0,7,16
1428,2015-07-17,18.88,5,2,3,0.4,0.6,4,0,7,17
1428,2015-07-18,83.16,7,5,5,0.14285714285714285,0.7142857142857143,5,1,7,18
1428,2015-07-19,15.2,2,2,2,0.5,0.0,6,1,7,19
1428,2015-07-20,16.599999999999998,4,3,3,0.25,0.5,0,0,7,20
1428,2015-07-21,38.97,6,2,3,0.3333333333333333,0.6666666666666666,1,0,7,21
1428,2015-07-22,50.96,5,3,3,0.4,0.6,2,0,7,22
1428,2015-07-23,38.879999999999995,5,3,4,0.4,0.6,3,0,7,23
1428,2015-07-24,65.25,6,3,4,0.16666666666666666,0.8333333333333334,4,0,7,24
1428,2015-07-25,30.32,6,3,4,0.3333333333333333,0.6666666666666666,5,1,7,25
1428,2015-07-26,55.41,5,3,4,0.4,0.6,6,1,7,26
1428,2015-07-27,44.85000000000001,6,3,4,0.16666666666666666,0.8333333333333334,0,0,7,27
1428,2015-07-28,21.73,4,2,2,0.5,0.5,1,0,7,28
1428,2015-07-29,25.0,7,2,3,0.2857142857142857,0.7142857142857143,2,0,7,29
1428,2015-07-30,56.72,6,4,5,0.3333333333333333,0.6666666666666666,3,0,7,30
1428,2015-07-31,17.37,3,2,3,0.3333333333333333,0.6666666666666666,4,0,7,31
1428,2015-08-01,50.2,4,4,4,0.25,0.75,5,1,8,1
1428,2015-08-02,53.019999999999996,5,3,3,0.4,0.6,6,1,8,2
1428,2015-08-03,79.39,6,5,6,0.16666666666666666,0.8333333333333334,0,0,8,3
1428,2015-08-04,31.049999999999997,7,2,4,0.14285714285714285,0.8571428571428571,1,0,8,4
1428,2015-08-05,6.5,1,1,1,0.0,1.0,2,0,8,5
1428,2015-08-06,10.4,2,2,2,0.5,0.5,3,0,8,6
1428,2015-08-07,14.66,4,3,4,0.25,0.75,4,0,8,7
1428,2015-08-08,23.08,4,3,4,0.5,0.25,5,1,8,8
1428,2015-08-09,47.44,4,2,4,0.5,0.5,6,1,8,9
1428,2015-08-10,26.310000000000002,5,2,3,0.6,0.4,0,0,8,10
1428,2015-08-11,21.51,3,2,2,0.6666666666666666,0.3333333333333333,1,0,8,11
1428,2015-08-12,47.48,8,3,5,0.375,0.625,2,0,8,12
1428,2015-08-13,35.16,5,3,5,0.4,0.6,3,0,8,13
1428,2015-08-14,82.03,10,4,5,0.2,0.8,4,0,8,14
1428,2015-08-15,16.380000000000003,4,3,4,0.25,0.75,5,1,8,15
1428,2015-08-16,20.83,4,3,4,0.5,0.5,6,1,8,16
1428,2015-08-17,16.11,3,3,3,0.0,1.0,0,0,8,17
1428,2015-08-18,24.96,6,3,3,0.3333333333333333,0.6666666666666666,1,0,8,18
1428,2015-08-19,27.83,5,3,4,0.2,0.6,2,0,8,19
1428,2015-08-20,34.51,5,3,4,0.6,0.4,3,0,8,20
1428,2015-08-21,21.849999999999998,3,2,2,0.6666666666666666,0.3333333333333333,4,0,8,21
1428,2015-08-22,68.12,8,4,4,0.0,1.0,5,1,8,22
1428,2015-08-23,44.7,5,3,5,0.4,0.6,6,1,8,23
1428,2015-08-24,23.21,5,2,3,0.4,0.6,0,0,8,24
1428,2015-08-25,48.25,5,2,3,0.4,0.6,1,0,8,25
1428,2015-08-26,44.87,6,3,4,0.0,1.0,2,0,8,26
1428,2015-08-27,31.369999999999997,3,3,3,0.3333333333333333,0.6666666666666666,3,0,8,27
1428,2015-08-28,3.06,3,1,1,0.0,1.0,4,0,8,28
1428,2015-08-29,83.16,5,5,5,0.2,0.8,5,1,8,29
1428,2015-08-30,61.300000000000004,6,4,5,0.0,0.8333333333333334,6,1,8,30
1428,2015-08-31,12.93,3,2,2,0.3333333333333333,0.6666666666666666,0,0,8,31
1428,2015-09-01,80.86999999999999,5,4,5,0.2,0.6,1,0,9,1
1428,2015-09-02,109.60000000000001,13,5,7,0.3076923076923077,0.6153846153846154,2,0,9,2
1428,2015-09-03,21.990000000000002,4,2,3,0.5,0.5,3,0,9,3
1428,2015-09-04,43.9,6,4,4,0.3333333333333333,0.6666666666666666,4,0,9,4
1428,2015-09-05,7.9399999999999995,3,2,2,0.0,1.0,5,1,9,5
1428,2015-09-06,21.83,3,2,3,0.6666666666666666,0.3333333333333333,6,1,9,6
1428,2015-09-07,5.57,1,1,1,1.0,0.0,0,0,9,7
1428,2015-09-08,32.760000000000005,8,4,5,0.125,0.875,1,0,9,8
1428,2015-09-09,21.119999999999997,4,3,3,0.0,1.0,2,0,9,9
1428,2015-09-10,42.45,4,3,3,0.25,0.75,3,0,9,10
1428,2015-09-11,13.44,2,2,2,0.0,1.0,4,0,9,11
1428,2015-09-12,26.41,5,4,5,0.4,0.6,5,1,9,12
1428,2015-09-13,27.21,3,1,2,1.0,0.0,6,1,9,13
1428,2015-09-14,77.25,5,4,5,0.2,0.8,0,0,9,14
1428,2015-09-15,66.08,9,4,5,0.2222222222222222,0.7777777777777778,1,0,9,15
1428,2015-09-16,19.75,3,2,2,0.6666666666666666,0.3333333333333333,2,0,9,16
1428,2015-09-17,22.44,3,2,3,0.6666666666666666,0.3333333333333333,3,0,9,17
1428,2015-09-18,16.21,3,2,2,0.0,1.0,4,0,9,18
1428,2015-09-19,12.799999999999999,2,2,2,0.0,1.0,5,1,9,19
1428,2015-09-20,44.18,2,2,2,0.5,0.5,6,1,9,20
1428,2015-09-21,21.82,3,2,2,0.3333333333333333,0.6666666666666666,0,0,9,21
1428,2015-09-22,37.56,5,4,4,0.0,0.8,1,0,9,22
1428,2015-09-23,46.97,3,3,3,0.0,1.0,2,0,9,23
1428,2015-09-24,47.43,5,3,3,0.0,1.0,3,0,9,24
1428,2015-09-25,61.55,6,4,4,0.3333333333333333,0.6666666666666666,4,0,9,25
1428,2015-09-26,35.24,5,3,4,0.6,0.4,5,1,9,26
1428,2015-09-27,14.240000000000002,3,2,2,0.0,1.0,6,1,9,27
1428,2015-09-28,16.38,5,3,4,0.4,0.6,0,0,9,28
1428,2015-09-29,30.34,7,4,5,0.14285714285714285,0.8571428571428571,1,0,9,29
1428,2015-09-30,29.3,6,3,4,0.16666666666666666,0.8333333333333334,2,0,9,30
1428,2015-10-01,28.740000000000002,3,1,2,0.3333333333333333,0.6666666666666666,3,0,10,1
1428,2015-10-02,32.900000000000006,5,3,4,0.4,0.6,4,0,10,2
1428,2015-10-03,7.09,2,2,2,0.0,0.5,5,1,10,3
1428,2015-10-04,11.52,2,2,2,0.0,1.0,6,1,10,4
1428,2015-10-05,27.700000000000003,4,3,4,0.5,0.5,0,0,10,5
1428,2015-10-06,18.130000000000003,4,3,3,0.25,0.75,1,0,10,6
1428,2015-10-07,19.299999999999997,2,1,2,0.5,0.5,2,0,10,7
1428,2015-10-08,102.74,8,6,7,0.25,0.75,3,0,10,8
1428,2015-10-09,17.78,3,3,3,0.3333333333333333,0.6666666666666666,4,0,10,9
1428,2015-10-10,26.15,4,3,4,0.25,0.75,5,1,10,10
1428,2015-10-11,23.189999999999998,3,2,2,0.6666666666666666,0.3333333333333333,6,1,10,11
1428,2015-10-12,67.78999999999999,10,6,7,0.1,0.9,0,0,10,12
1428,2015-10-13,46.64,8,3,5,0.125,0.875,1,0,10,13
1428,2015-10-14,24.97,4,3,4,0.25,0.75,2,0,10,14
1428,2015-10-15,61.540000000000006,6,5,5,0.0,1.0,3,0,10,15
1428,2015-10-16,20.490000000000002,2,1,2,1.0,0.0,4,0,10,16
1428,2015-10-17,19.27,3,3,3,0.0,1.0,5,1,10,17
1428,2015-10-18,21.830000000000002,4,3,3,0.25,0.75,6,1,10,18
1428,2015-10-19,47.27,5,4,4,0.2,0.8,0,0,10,19
1428,2015-10-20,29.35,5,4,4,0.2,0.6,1,0,10,20
1428,2015-10-21,12.09,4,3,3,0.25,0.75,2,0,10,21
1428,2015-10-22,48.199999999999996,4,3,4,0.25,0.5,3,0,10,22
1428,2015-10-23,40.52,3,3,3,0.0,1.0,4,0,10,23
1428,2015-10-24,53.68000000000001,7,4,5,0.14285714285714285,0.7142857142857143,5,1,10,24
1428,2015-10-25,5.02,2,2,2,0.0,1.0,6,1,10,25
1428,2015-10-26,21.69,4,3,4,0.25,0.75,0,0,10,26
1428,2015-10-27,23.53,5,3,4,0.4,0.6,1,0,10,27
1428,2015-10-28,42.66,5,4,4,0.0,1.0,2,0,10,28
1428,2015-10-29,18.79,3,2,3,0.6666666666666666,0.3333333333333333,3,0,10,29
1428,2015-10-30,23.28,5,2,3,0.2,0.8,4,0,10,30
1428,2015-10-31,61.49,4,2,3,0.75,0.25,5,1,10,31
1428,2015-11-01,27.790000000000003,6,3,3,0.0,1.0,6,1,11,1
1428,2015-11-02,18.05,3,2,3,0.3333333333333333,0.6666666666666666,0,0,11,2
1428,2015-11-03,45.17,5,4,4,0.4,0.6,1,0,11,3
1428,2015-11-04,58.97,5,4,5,0.2,0.8,2,0,11,4
1428,2015-11-05,23.130000000000003,6,2,2,0.3333333333333333,0.6666666666666666,3,0,11,5
1428,2015-11-06,8.24,1,1,1,1.0,0.0,4,0,11,6
1428,2015-11-07,13.51,4,3,3,0.0,1.0,5,1,11,7
1428,2015-11-08,12.98,3,3,3,0.3333333333333333,0.6666666666666666,6,1,11,8
1428,2015-11-09,38.14,7,3,5,0.2857142857142857,0.5714285714285714,0,0,11,9
1428,2015-11-10,56.85,12,3,5,0.08333333333333333,0.9166666666666666,1,0,11,10
1428,2015-11-11,91.75,7,5,5,0.14285714285714285,0.8571428571428571,2,0,11,11
1428,2015-11-12,23.53,5,3,3,0.4,0.6,3,0,11,12
1428,2015-11-13,21.66,4,3,4,0.25,0.75,4,0,11,13
1428,2015-11-14,90.55,11,6,7,0.18181818181818182,0.7272727272727273,5,1,11,14
1428,2015-11-15,28.78,4,2,3,0.5,0.5,6,1,11,15
1428,2015-11-16,100.92,7,4,4,0.42857142857142855,0.5714285714285714,0,0,11,16
1428,2015-11-17,13.159999999999998,3,2,2,0.3333333333333333,0.6666666666666666,1,0,11,17
1428,2015-11-18,22.02,6,4,4,0.0,1.0,2,0,11,18
1428,2015-11-19,26.85,4,3,4,0.25,0.75,3,0,11,19
1428,2015-11-20,46.480000000000004,3,3,3,0.3333333333333333,0.3333333333333333,4,0,11,20
1428,2015-11-21,7.35,2,2,2,0.0,1.0,5,1,11,21
1428,2015-11-22,62.480000000000004,6,3,4,0.3333333333333333,0.6666666666666666,6,1,11,22
1428,2015-11-23,38.71,7,3,3,0.2857142857142857,0.7142857142857143,0,0,11,23
1428,2015-11-24,32.36,5,3,5,0.4,0.6,1,0,11,24
1428,2015-11-25,22.52,3,2,3,0.6666666666666666,0.3333333333333333,2,0,11,25
1428,2015-11-26,93.89,5,4,4,0.4,0.6,3,0,11,26
1428,2015-11-27,21.410000000000004,4,2,3,0.5,0.5,4,0,11,27
1428,2015-11-28,24.53,5,3,3,0.0,1.0,5,1,11,28
1428,2015-11-29,17.97,5,4,4,0.2,0.6,6,1,11,29
1428,2015-11-30,18.12,3,3,3,0.3333333333333333,0.6666666666666666,0,0,11,30
1428,2015-12-01,44.53,5,4,4,0.2,0.8,1,0,12,1
1428,2015-12-02,23.37,5,3,4,0.2,0.8,2,0,12,2
1428,2015-12-03,19.92,4,2,3,0.25,0.75,3,0,12,3
1428,2015-12-04,16.24,2,1,2,0.5,0.5,4,0,12,4
1428,2015-12-05,31.95,6,3,4,0.16666666666666666,0.8333333333333334,5,1,12,5
1428,2015-12-06,19.660000000000004,4,2,3,0.25,0.75,6,1,12,6
1428,2015-12-07,47.28,5,3,4,0.6,0.2,0,0,12,7
1428,2015-12-08,79.19,9,5,6,0.2222222222222222,0.7777777777777778,1,0,12,8
1428,2015-12-09,32.7,7,4,4,0.0,1.0,2,0,12,9
1428,2015-12-10,40.2,1,1,1,0.0,1.0,3,0,12,10
1428,2015-12-11,26.41,5,3,4,0.2,0.8,4,0,12,11
1428,2015-12-12,53.370000000000005,5,4,5,0.2,0.8,5,1,12,12
1428,2015-12-13,22.08,5,4,5,0.2,0.8,6,1,12,13
1428,2015-12-14,22.4,6,2,3,0.5,0.5,0,0,12,14
1428,2015-12-15,11.51,2,2,2,0.0,1.0,1,0,12,15
1428,2015-12-16,60.89,6,4,4,0.5,0.3333333333333333,2,0,12,16
1428,2015-12-17,26.259999999999998,5,4,4,0.4,0.4,3,0,12,17
1428,2015-12-18,36.1,5,3,4,0.2,0.8,4,0,12,18
1428,2015-12-19,33.26,5,3,4,0.2,0.6,5,1,12,19
1428,2015-12-20,38.43,4,3,4,0.25,0.75,6,1,12,20
1428,2015-12-21,22.909999999999997,4,2,2,0.25,0.75,0,0,12,21
1428,2015-12-22,50.66,5,5,5,0.2,0.6,1,0,12,22
1428,2015-12-23,95.39000000000001,8,4,6,0.5,0.5,2,0,12,23
1428,2015-12-24,28.67,3,1,1,1.0,0.0,3,0,12,24
1428,2015-12-25,16.92,5,3,4,0.2,0.8,4,0,12,25
1428,2015-12-26,28.560000000000002,5,3,5,0.4,0.6,5,1,12,26
1428,2015-12-27,40.27,7,3,4,0.42857142857142855,0.5714285714285714,6,1,12,27
1428,2015-12-28,12.7,3,3,3,0.0,1.0,0,0,12,28
1428,2015-12-29,12.48,3,2,2,0.0,1.0,1,0,12,29
1428,2015-12-30,55.31,4,3,3,0.0,1.0,2,0,12,30
1428,2015-12-31,33.61,5,4,4,0.4,0.6,3,0,12,31
1428,2016-01-01,21.610000000000003,3,2,2,0.6666666666666666,0.3333333333333333,4,0,1,1
1428,2016-01-02,17.439999999999998,3,2,2,0.6666666666666666,0.3333333333333333,5,1,1,2
1428,2016-01-03,29.580000000000002,8,4,4,0.25,0.625,6,1,1,3
1428,2016-01-04,44.99,6,4,5,0.16666666666666666,0.6666666666666666,0,0,1,4
1428,2016-01-05,61.22,6,4,4,0.3333333333333333,0.6666666666666666,1,0,1,5
1428,2016-01-06,16.79,4,3,3,0.25,0.75,2,0,1,6
1428,2016-01-07,23.99000000000001,6,2,3,0.16666666666666666,0.8333333333333334,3,0,1,7
1428,2016-01-08,46.1,7,3,5,0.2857142857142857,0.7142857142857143,4,0,1,8
1428,2016-01-09,14.8,3,3,3,0.3333333333333333,0.6666666666666666,5,1,1,9
1428,2016-01-10,25.650000000000002,4,3,4,0.25,0.75,6,1,1,10
1428,2016-01-11,11.780000000000001,2,2,2,0.5,0.5,0,0,1,11
1428,2016-01-12,17.31,5,3,3,0.2,0.6,1,0,1,12
1428,2016-01-13,23.68,4,4,4,0.25,0.5,2,0,1,13
1428,2016-01-14,43.31,5,5,5,0.0,1.0,3,0,1,14
1428,2016-01-15,21.839999999999996,5,2,2,0.0,1.0,4,0,1,15
1428,2016-01-16,31.720000000000002,3,2,2,0.0,1.0,5,1,1,16
1428,2016-01-17,41.47,5,3,4,0.4,0.6,6,1,1,17
1428,2016-01-18,76.92,6,4,6,0.3333333333333333,0.5,0,0,1,18
1428,2016-01-19,43.01,2,2,2,0.5,0.5,1,0,1,19
1428,2016-01-20,45.95,5,4,4,0.4,0.6,2,0,1,20
1428,2016-01-21,20.05,4,3,3,0.0,1.0,3,0,1,21
1428,2016-01-22,22.6,6,2,2,0.3333333333333333,0.6666666666666666,4,0,1,22
1428,2016-01-23,11.07,3,2,2,0.0,1.0,5,1,1,23
1428,2016-01-24,13.49,3,2,2,0.3333333333333333,0.6666666666666666,6,1,1,24
1428,2016-01-25,16.13,3,2,2,0.0,1.0,0,0,1,25
1428,2016-01-26,20.39,3,2,3,0.6666666666666666,0.0,1,0,1,26
1428,2016-01-27,37.8,6,4,5,0.5,0.3333333333333333,2,0,1,27
1428,2016-01-28,32.82,5,3,4,0.4,0.6,3,0,1,28
1428,2016-01-29,18.0,4,4,4,0.25,0.75,4,0,1,29
1428,2016-01-30,13.719999999999999,2,2,2,0.5,0.5,5,1,1,30
1428,2016-01-31,50.769999999999996,5,5,5,0.2,0.8,6,1,1,31
1428,2016-02-01,34.39,5,3,4,0.2,0.8,0,0,2,1
1428,2016-02-02,43.0,5,3,3,0.2,0.8,1,0,2,2
1428,2016-02-03,15.68,3,2,3,0.3333333333333333,0.6666666666666666,2,0,2,3
1428,2016-02-04,13.96,5,2,2,0.2,0.8,3,0,2,4
1428,2016-02-05,55.06,5,3,3,0.0,1.0,4,0,2,5
1428,2016-02-06,11.85,3,2,2,0.0,1.0,5,1,2,6
1428,2016-02-07,21.85,4,4,4,0.25,0.5,6,1,2,7
1428,2016-02-08,18.69,3,3,3,0.0,1.0,0,0,2,8
1428,2016-02-09,19.5,3,2,3,0.3333333333333333,0.6666666666666666,1,0,2,9
1428,2016-02-10,15.95,3,3,3,0.3333333333333333,0.6666666666666666,2,0,2,10
1428,2016-02-11,41.67,7,4,4,0.2857142857142857,0.7142857142857143,3,0,2,11
1428,2016-02-12,17.159999999999997,2,1,2,1.0,0.0,4,0,2,12
1428,2016-02-13,17.44,2,2,2,0.5,0.5,5,1,2,13
1428,2016-02-14,32.72,6,4,5,0.16666666666666666,0.8333333333333334,6,1,2,14
1428,2016-02-15,13.41,4,2,2,0.0,1.0,0,0,2,15
1428,2016-02-16,2.46,2,1,1,0.0,1.0,1,0,2,16
1428,2016-02-17,30.35,4,2,4,0.5,0.5,2,0,2,17
1428,2016-02-18,15.350000000000001,4,4,4,0.25,0.75,3,0,2,18
1428,2016-02-19,75.33999999999999,6,2,2,0.0,1.0,4,0,2,19
1428,2016-02-20,17.630000000000003,3,2,2,0.6666666666666666,0.3333333333333333,5,1,2,20
1428,2016-02-21,74.44,10,3,5,0.3,0.7,6,1,2,21
1428,2016-02-22,17.59,4,3,3,0.0,1.0,0,0,2,22
1428,2016-02-23,61.089999999999996,4,3,4,0.5,0.5,1,0,2,23
1428,2016-02-24,3.35,1,1,1,0.0,1.0,2,0,2,24
1428,2016-02-25,23.73,3,2,3,0.3333333333333333,0.6666666666666666,3,0,2,25
1428,2016-02-26,34.0,4,2,2,0.0,1.0,4,0,2,26
1428,2016-02-27,7.64,2,2,2,0.0,1.0,5,1,2,27
1428,2016-02-28,41.86,8,4,7,0.25,0.75,6,1,2,28
1428,2016-03-01,54.72,6,4,4,0.3333333333333333,0.6666666666666666,1,0,3,1
1428,2016-03-02,94.82,10,6,8,0.2,0.8,2,0,3,2
1428,2016-03-03,51.44,6,4,5,0.5,0.5,3,0,3,3
1428,2016-03-04,80.12,4,3,3,0.25,0.75,4,0,3,4
1428,2016-03-05,20.71,4,2,3,0.25,0.75,5,1,3,5
1428,2016-03-06,22.83,3,2,2,0.6666666666666666,0.3333333333333333,6,1,3,6
1428,2016-03-07,21.13,5,2,3,0.2,0.8,0,0,3,7
1428,2016-03-08,18.23,4,4,4,0.0,0.75,1,0,3,8
1428,2016-03-09,16.73,5,3,3,0.2,0.8,2,0,3,9
1428,2016-03-10,11.870000000000001,3,2,2,0.3333333333333333,0.6666666666666666,3,0,3,10
1428,2016-03-11,75.33999999999999,8,5,5,0.125,0.875,4,0,3,11
1428,2016-03-12,11.81,3,3,3,0.3333333333333333,0.6666666666666666,5,1,3,12
1428,2016-03-13,28.759999999999998,5,4,5,0.2,0.8,6,1,3,13
1428,2016-03-14,35.72,7,4,5,0.14285714285714285,0.8571428571428571,0,0,3,14
1428,2016-03-15,11.74,4,2,2,0.0,1.0,1,0,3,15
1428,2016-03-16,17.89,4,3,3,0.0,1.0,2,0,3,16
1428,2016-03-17,101.31,9,4,6,0.3333333333333333,0.6666666666666666,3,0,3,17
1428,2016-03-18,22.97,4,3,3,0.0,1.0,4,0,3,18
1428,2016-03-19,20.21,2,1,2,1.0,0.0,5,1,3,19
1428,2016-03-20,101.4,8,6,6,0.125,0.875,6,1,3,20
1428,2016-03-21,69.0,5,3,4,0.2,0.8,0,0,3,21
1428,2016-03-22,49.910000000000004,4,4,4,0.5,0.5,1,0,3,22
1428,2016-03-23,11.110000000000001,2,2,2,0.5,0.5,2,0,3,23
1428,2016-03-24,43.81,4,3,3,0.0,0.75,3,0,3,24
1428,2016-03-25,51.19,6,4,4,0.16666666666666666,0.8333333333333334,4,0,3,25
1428,2016-03-26,22.490000000000002,4,4,4,0.0,1.0,5,1,3,26
1428,2016-03-27,12.34,4,2,2,0.0,0.5,6,1,3,27
1428,2016-03-28,18.11,3,3,3,0.0,1.0,0,0,3,28
1428,2016-03-29,28.580000000000002,5,3,4,0.2,0.8,1,0,3,29
1428,2016-03-30,1.92,2,2,2,0.0,1.0,2,0,3,30
1428,2016-03-31,9.81,2,2,2,0.0,1.0,3,0,3,31
1428,2016-04-01,28.490000000000006,4,1,2,0.0,1.0,4,0,4,1
1428,2016-04-02,23.990000000000002,3,2,2,0.6666666666666666,0.3333333333333333,5,1,4,2
1428,2016-04-03,29.259999999999998,4,3,4,0.25,0.75,6,1,4,3
1428,2016-04-04,31.22,6,4,4,0.16666666666666666,0.8333333333333334,0,0,4,4
1428,2016-04-05,57.4,7,3,4,0.42857142857142855,0.5714285714285714,1,0,4,5
1428,2016-04-06,15.719999999999999,5,3,3,0.2,0.8,2,0,4,6
1428,2016-04-07,22.83,4,2,3,0.25,0.75,3,0,4,7
1428,2016-04-08,49.46,7,3,5,0.2857142857142857,0.7142857142857143,4,0,4,8
1428,2016-04-09,11.84,2,2,2,0.5,0.5,5,1,4,9
1428,2016-04-10,33.0,6,3,4,0.5,0.5,6,1,4,10
1428,2016-04-11,17.439999999999998,3,3,3,0.0,0.6666666666666666,0,0,4,11
1428,2016-04-12,12.41,4,3,3,0.0,1.0,1,0,4,12
1428,2016-04-13,26.77,5,3,4,0.2,0.8,2,0,4,13
1428,2016-04-14,39.54,6,4,5,0.5,0.5,3,0,4,14
1428,2016-04-15,64.46000000000001,3,3,3,0.3333333333333333,0.6666666666666666,4,0,4,15
1428,2016-04-16,14.54,4,3,3,0.25,0.75,5,1,4,16
1428,2016-04-17,5.04,3,1,1,0.0,1.0,6,1,4,17
1428,2016-04-18,24.610000000000003,3,2,2,0.0,1.0,0,0,4,18
1428,2016-04-19,24.48,2,2,2,0.0,1.0,1,0,4,19
1428,2016-04-20,17.97,3,2,3,0.3333333333333333,0.6666666666666666,2,0,4,20
1428,2016-04-21,88.85,9,5,6,0.1111111111111111,0.8888888888888888,3,0,4,21
1428,2016-04-22,23.84,4,3,4,0.5,0.5,4,0,4,22
1428,2016-04-23,50.04,2,2,2,0.5,0.0,5,1,4,23
1428,2016-04-24,26.410000000000004,5,3,5,0.4,0.6,6,1,4,24
1428,2016-04-25,11.83,3,2,2,0.3333333333333333,0.6666666666666666,0,0,4,25
1428,2016-04-26,80.88,8,4,5,0.5,0.5,1,0,4,26
1428,2016-04-27,7.0600000000000005,2,2,2,0.0,1.0,2,0,4,27
1428,2016-04-28,5.57,3,2,2,0.0,1.0,3,0,4,28
1428,2016-04-29,53.790000000000006,4,4,4,0.0,0.75,4,0,4,29
1428,2016-04-30,25.4,5,3,4,0.2,0.8,5,1,4,30
1428,2016-05-01,48.31,6,2,4,0.16666666666666666,0.8333333333333334,6,1,5,1
1428,2016-05-02,4.5600000000000005,3,1,1,0.0,1.0,0,0,5,2
1428,2016-05-03,18.68,3,3,3,0.3333333333333333,0.6666666666666666,1,0,5,3
1428,2016-05-04,11.39,3,2,2,0.0,1.0,2,0,5,4
1428,2016-05-05,18.47,4,4,4,0.25,0.75,3,0,5,5
1428,2016-05-06,27.490000000000002,5,3,4,0.4,0.6,4,0,5,6
1428,2016-05-07,28.54,4,2,3,0.25,0.75,5,1,5,7
1428,2016-05-08,12.72,2,2,2,0.5,0.5,6,1,5,8
1428,2016-05-09,17.18,6,3,3,0.16666666666666666,0.8333333333333334,0,0,5,9
1428,2016-05-10,17.48,3,2,3,0.6666666666666666,0.3333333333333333,1,0,5,10
1428,2016-05-11,16.18,4,3,3,0.0,1.0,2,0,5,11
1428,2016-05-12,41.1,4,3,3,0.25,0.75,3,0,5,12
1428,2016-05-13,50.03,4,3,3,0.5,0.5,4,0,5,13
1428,2016-05-14,18.34,4,2,3,0.25,0.75,5,1,5,14
1428,2016-05-15,20.54,5,4,4,0.2,0.8,6,1,5,15
1428,2016-05-16,14.170000000000002,3,2,3,0.3333333333333333,0.6666666666666666,0,0,5,16
1428,2016-05-18,31.49,6,4,5,0.16666666666666666,0.8333333333333334,2,0,5,18
1428,2016-05-19,52.24,7,3,3,0.14285714285714285,0.8571428571428571,3,0,5,19
1428,2016-05-20,48.19,2,2,2,0.5,0.5,4,0,5,20
1428,2016-05-21,24.8,4,3,4,0.25,0.75,5,1,5,21
1428,2016-05-22,18.83,3,2,3,0.6666666666666666,0.3333333333333333,6,1,5,22
1428,2016-05-23,29.509999999999998,5,3,4,0.6,0.4,0,0,5,23
1428,2016-05-24,15.49,2,2,2,0.5,0.5,1,0,5,24
1428,2016-05-25,27.21,4,4,4,0.25,0.75,2,0,5,25
1428,2016-05-26,46.37,5,4,4,0.2,0.8,3,0,5,26
1428,2016-05-27,17.970000000000002,5,3,3,0.2,0.8,4,0,5,27
1428,2016-05-28,60.33,7,5,5,0.0,1.0,5,1,5,28
1428,2016-05-29,13.39,4,3,3,0.25,0.75,6,1,5,29
1428,2016-05-30,18.78,4,2,2,0.5,0.5,0,0,5,30
1428,2016-05-31,1.62,1,1,1,0.0,1.0,1,0,5,31
1428,2016-06-01,24.27,5,3,4,0.2,0.8,2,0,6,1
1428,2016-06-02,8.200000000000001,3,2,2,0.0,1.0,3,0,6,2
1428,2016-06-03,58.92,4,3,4,0.25,0.75,4,0,6,3
1428,2016-06-04,48.77,6,4,5,0.3333333333333333,0.6666666666666666,5,1,6,4
1428,2016-06-05,18.28,2,1,1,1.0,0.0,6,1,6,5
1428,2016-06-06,9.42,3,3,3,0.0,1.0,0,0,6,6
1428,2016-06-07,32.15,5,2,3,0.2,0.8,1,0,6,7
1428,2016-06-08,17.400000000000002,4,3,3,0.25,0.75,2,0,6,8
1428,2016-06-09,56.97,4,4,4,0.0,1.0,3,0,6,9
1428,2016-06-10,53.47,7,3,4,0.0,0.8571428571428571,4,0,6,10
1428,2016-06-11,31.67,4,2,3,0.75,0.25,5,1,6,11
1428,2016-06-12,23.689999999999998,5,3,3,0.4,0.6,6,1,6,12
1428,2016-06-13,12.59,3,2,2,0.3333333333333333,0.6666666666666666,0,0,6,13
1428,2016-06-14,27.689999999999998,5,4,5,0.2,0.8,1,0,6,14
1428,2016-06-15,66.96000000000001,7,4,5,0.14285714285714285,0.7142857142857143,2,0,6,15
1428,2016-06-16,15.870000000000001,4,2,2,0.5,0.5,3,0,6,16
1428,2016-06-17,31.87,6,4,5,0.16666666666666666,0.6666666666666666,4,0,6,17
1428,2016-06-18,34.94,5,3,4,0.4,0.4,5,1,6,18
1428,2016-06-19,18.82,5,3,3,0.2,0.8,6,1,6,19
1428,2016-06-20,21.73,5,3,3,0.4,0.6,0,0,6,20
1428,2016-06-21,16.48,3,2,3,0.3333333333333333,0.6666666666666666,1,0,6,21
1428,2016-06-22,12.709999999999999,4,2,2,0.25,0.75,2,0,6,22
1428,2016-06-23,55.029999999999994,7,5,5,0.14285714285714285,0.7142857142857143,3,0,6,23
1428,2016-06-24,41.69,6,3,5,0.5,0.5,4,0,6,24
1428,2016-06-25,24.020000000000003,3,2,3,0.6666666666666666,0.3333333333333333,5,1,6,25
1428,2016-06-26,61.41,11,5,7,0.2727272727272727,0.6363636363636364,6,1,6,26
1428,2016-06-27,14.23,3,3,3,0.0,1.0,0,0,6,27
1428,2016-06-28,10.79,3,2,2,0.0,1.0,1,0,6,28
1428,2016-06-29,49.73,8,4,5,0.0,0.875,2,0,6,29
1428,2016-06-30,16.47,4,3,3,0.25,0.5,3,0,6,30
1428,2016-07-01,0.97,1,1,1,0.0,1.0,4,0,7,1
1428,2016-07-02,8.46,2,2,2,0.5,0.5,5,1,7,2
1428,2016-07-03,345.94,8,7,7,0.375,0.625,6,1,7,3
1428,2016-07-04,30.52,5,3,5,0.2,0.8,0,0,7,4
1428,2016-07-05,25.95,6,3,4,0.0,1.0,1,0,7,5
1428,2016-07-06,38.75,5,2,3,0.2,0.8,2,0,7,6
1428,2016-07-07,47.53,4,3,4,0.5,0.5,3,0,7,7
1428,2016-07-08,56.01,7,4,5,0.14285714285714285,0.5714285714285714,4,0,7,8
1428,2016-07-09,46.05,3,3,3,0.3333333333333333,0.6666666666666666,5,1,7,9
1428,2016-07-10,15.73,2,2,2,0.5,0.5,6,1,7,10
1428,2016-07-11,37.870000000000005,5,3,3,0.0,0.8,0,0,7,11
1428,2016-07-12,16.29,4,2,3,0.5,0.5,1,0,7,12
1428,2016-07-13,10.97,4,3,3,0.0,1.0,2,0,7,13
1428,2016-07-14,24.4,6,2,3,0.3333333333333333,0.6666666666666666,3,0,7,14
1428,2016-07-15,20.18,4,4,4,0.25,0.5,4,0,7,15
1428,2016-07-16,43.55,7,4,4,0.2857142857142857,0.5714285714285714,5,1,7,16
1428,2016-07-17,26.32,6,4,4,0.3333333333333333,0.6666666666666666,6,1,7,17
1428,2016-07-18,26.029999999999998,4,2,4,0.5,0.5,0,0,7,18
1428,2016-07-19,23.5,4,3,3,0.5,0.5,1,0,7,19
1428,2016-07-20,63.739999999999995,9,4,4,0.3333333333333333,0.6666666666666666,2,0,7,20
1428,2016-07-21,34.089999999999996,8,3,4,0.125,0.875,3,0,7,21
1428,2016-07-22,39.11,3,3,3,0.3333333333333333,0.6666666666666666,4,0,7,22
1428,2016-07-23,26.54,5,3,3,0.0,1.0,5,1,7,23
1428,2016-07-24,48.120000000000005,8,3,5,0.125,0.75,6,1,7,24
1428,2016-07-25,10.229999999999999,3,2,2,0.0,1.0,0,0,7,25
1428,2016-07-26,22.490000000000002,4,2,3,0.5,0.5,1,0,7,26
1428,2016-07-27,16.630000000000003,2,2,2,0.5,0.5,2,0,7,27
1428,2016-07-28,68.76,8,5,6,0.125,0.75,3,0,7,28
1428,2016-07-29,8.81,2,2,2,0.5,0.5,4,0,7,29
1428,2016-07-30,13.200000000000001,2,2,2,0.5,0.5,5,1,7,30
1428,2016-07-31,31.28,4,3,4,0.25,0.5,6,1,7,31
1428,2016-08-01,31.39,6,4,5,0.16666666666666666,0.8333333333333334,0,0,8,1
1428,2016-08-02,33.54,3,2,3,0.3333333333333333,0.6666666666666666,1,0,8,2
1428,2016-08-03,28.32,4,2,2,0.0,1.0,2,0,8,3
1428,2016-08-04,34.449999999999996,7,4,4,0.2857142857142857,0.5714285714285714,3,0,8,4
1428,2016-08-05,61.1,6,3,5,0.6666666666666666,0.3333333333333333,4,0,8,5
1428,2016-08-06,21.169999999999998,4,2,3,0.25,0.75,5,1,8,6
1428,2016-08-07,51.39,5,4,4,0.2,0.8,6,1,8,7
1428,2016-08-08,18.04,3,2,3,0.3333333333333333,0.6666666666666666,0,0,8,8
1428,2016-08-09,15.92,4,3,3,0.25,0.75,1,0,8,9
1428,2016-08-10,20.06,3,2,2,0.6666666666666666,0.3333333333333333,2,0,8,10
1428,2016-08-11,66.03,6,5,6,0.5,0.3333333333333333,3,0,8,11
1428,2016-08-12,14.0,3,2,3,0.3333333333333333,0.6666666666666666,4,0,8,12
1428,2016-08-13,12.129999999999999,3,2,2,0.3333333333333333,0.6666666666666666,5,1,8,13
1428,2016-08-14,17.4,5,3,4,0.2,0.8,6,1,8,14
1428,2016-08-15,26.310000000000002,5,4,5,0.4,0.4,0,0,8,15
1428,2016-08-16,93.64,6,4,5,0.16666666666666666,0.8333333333333334,1,0,8,16
1428,2016-08-17,86.36,6,5,5,0.3333333333333333,0.6666666666666666,2,0,8,17
1428,2016-08-18,26.16,5,3,4,0.4,0.6,3,0,8,18
1428,2016-08-19,16.91,3,3,3,0.3333333333333333,0.6666666666666666,4,0,8,19
1428,2016-08-20,8.9,2,2,2,0.5,0.5,5,1,8,20
1428,2016-08-21,73.84,9,4,5,0.0,0.8888888888888888,6,1,8,21
1428,2016-08-22,27.68,5,2,3,0.2,0.8,0,0,8,22
1428,2016-08-23,54.739999999999995,6,4,4,0.3333333333333333,0.6666666666666666,1,0,8,23
1428,2016-08-24,9.75,1,1,1,1.0,0.0,2,0,8,24
1428,2016-08-25,24.57,5,3,4,0.4,0.6,3,0,8,25
1428,2016-08-26,97.8,6,4,4,0.16666666666666666,0.8333333333333334,4,0,8,26
1428,2016-08-27,22.52,4,3,3,0.5,0.25,5,1,8,27
1428,2016-08-28,26.96,4,3,3,0.0,0.75,6,1,8,28
1428,2016-08-29,23.270000000000003,3,2,3,0.3333333333333333,0.6666666666666666,0,0,8,29
1428,2016-08-30,26.490000000000002,5,3,4,0.2,0.8,1,0,8,30
1428,2016-08-31,19.96,3,2,3,0.6666666666666666,0.3333333333333333,2,0,8,31
1428,2016-09-01,55.81,3,2,2,0.0,1.0,3,0,9,1
1428,2016-09-02,17.61,3,3,3,0.3333333333333333,0.6666666666666666,4,0,9,2
1428,2016-09-03,104.36,8,5,6,0.25,0.75,5,1,9,3
1428,2016-09-04,8.16,2,2,2,0.5,0.5,6,1,9,4
1428,2016-09-05,10.030000000000001,2,2,2,0.0,1.0,0,0,9,5
1428,2016-09-06,13.88,3,3,3,0.3333333333333333,0.6666666666666666,1,0,9,6
1428,2016-09-07,26.7,6,4,5,0.3333333333333333,0.5,2,0,9,7
1428,2016-09-08,9.33,1,1,1,0.0,1.0,3,0,9,8
1428,2016-09-09,55.88,8,5,6,0.25,0.75,4,0,9,9
1428,2016-09-10,49.5,4,4,4,0.0,0.75,5,1,9,10
1428,2016-09-11,42.68000000000001,8,5,5,0.0,0.875,6,1,9,11
1428,2016-09-12,6.51,1,1,1,0.0,1.0,0,0,9,12
1428,2016-09-13,4.75,2,2,2,0.0,1.0,1,0,9,13
1428,2016-09-14,36.43,3,2,2,0.0,1.0,2,0,9,14
1428,2016-09-15,59.760000000000005,11,3,4,0.2727272727272727,0.7272727272727273,3,0,9,15
1428,2016-09-16,7.95,1,1,1,1.0,0.0,4,0,9,16
1428,2016-09-17,25.1,4,2,3,0.25,0.75,5,1,9,17
1428,2016-09-18,8.07,1,1,1,0.0,1.0,6,1,9,18
1428,2016-09-19,33.97,8,4,4,0.0,0.875,0,0,9,19
1428,2016-09-20,31.83,5,4,5,0.2,0.8,1,0,9,20
1428,2016-09-21,26.77,5,4,5,0.4,0.6,2,0,9,21
1428,2016-09-22,31.57,6,4,5,0.16666666666666666,0.8333333333333334,3,0,9,22
1428,2016-09-23,24.6,3,2,3,0.3333333333333333,0.3333333333333333,4,0,9,23
1428,2016-09-24,20.07,4,2,3,0.25,0.75,5,1,9,24
1428,2016-09-25,45.43,6,4,4,0.16666666666666666,0.8333333333333334,6,1,9,25
1428,2016-09-26,20.11,3,2,3,0.3333333333333333,0.6666666666666666,0,0,9,26
1428,2016-09-27,46.23,8,4,5,0.5,0.375,1,0,9,27
1428,2016-09-28,17.41,5,2,3,0.2,0.8,2,0,9,28
1428,2016-09-29,12.549999999999999,3,2,3,0.3333333333333333,0.6666666666666666,3,0,9,29
1428,2016-09-30,17.08,3,3,3,0.0,1.0,4,0,9,30
1428,2016-10-01,9.1,1,1,1,0.0,1.0,5,1,10,1
1428,2016-10-02,50.53,3,2,2,0.6666666666666666,0.3333333333333333,6,1,10,2
1428,2016-10-03,23.77,4,2,3,0.25,0.75,0,0,10,3
1428,2016-10-04,19.82,6,4,4,0.16666666666666666,0.6666666666666666,1,0,10,4
1428,2016-10-05,18.18,4,2,3,0.25,0.75,2,0,10,5
1428,2016-10-06,12.23,3,3,3,0.3333333333333333,0.6666666666666666,3,0,10,6
1428,2016-10-07,22.08,4,2,2,0.5,0.5,4,0,10,7
1428,2016-10-08,6.17,2,2,2,0.5,0.5,5,1,10,8
1428,2016-10-09,23.57,4,2,3,0.25,0.75,6,1,10,9
1428,2016-10-10,83.15,10,4,5,0.2,0.8,0,0,10,10
1428,2016-10-11,0.97,1,1,1,0.0,1.0,1,0,10,11
1428,2016-10-12,51.050000000000004,2,2,2,0.0,1.0,2,0,10,12
1428,2016-10-13,36.68,8,3,5,0.375,0.5,3,0,10,13
1428,2016-10-14,43.79,2,2,2,0.0,0.5,4,0,10,14
1428,2016-10-15,22.22,3,2,3,0.3333333333333333,0.6666666666666666,5,1,10,15
1428,2016-10-16,89.61,7,5,5,0.0,0.8571428571428571,6,1,10,16
1428,2016-10-17,9.25,3,2,2,0.3333333333333333,0.6666666666666666,0,0,10,17
1428,2016-10-18,7.38,4,2,2,0.0,0.75,1,0,10,18
1428,2016-10-19,63.89000000000001,7,4,5,0.14285714285714285,0.8571428571428571,2,0,10,19
1428,2016-10-20,21.86,4,3,4,0.25,0.75,3,0,10,20
1428,2016-10-21,28.85,4,2,3,0.5,0.5,4,0,10,21
1428,2016-10-22,3.04,1,1,1,1.0,0.0,5,1,10,22
1428,2016-10-23,68.08999999999999,7,4,5,0.42857142857142855,0.5714285714285714,6,1,10,23
1428,2016-10-24,22.36,4,4,4,0.25,0.5,0,0,10,24
1428,2016-10-25,25.03,5,3,5,0.4,0.6,1,0,10,25
1428,2016-10-26,16.17,3,2,2,0.6666666666666666,0.3333333333333333,2,0,10,26
1428,2016-10-27,19.57,6,3,3,0.16666666666666666,0.6666666666666666,3,0,10,27
1428,2016-10-28,16.85,2,1,1,0.0,1.0,4,0,10,28
1428,2016-10-29,12.55,3,3,3,0.3333333333333333,0.6666666666666666,5,1,10,29
1428,2016-10-30,26.88,7,3,3,0.0,1.0,6,1,10,30
1428,2016-10-31,55.42999999999999,5,4,5,0.2,0.8,0,0,10,31
1428,2016-11-01,46.029999999999994,6,5,6,0.16666666666666666,0.8333333333333334,1,0,11,1
1428,2016-11-02,23.15,3,3,3,0.0,0.6666666666666666,2,0,11,2
1428,2016-11-03,35.690000000000005,5,2,2,0.0,1.0,3,0,11,3
1428,2016-11-04,46.66,3,3,3,0.3333333333333333,0.6666666666666666,4,0,11,4
1428,2016-11-05,27.39,5,3,3,0.4,0.6,5,1,11,5
1428,2016-11-06,17.07,2,2,2,0.5,0.5,6,1,11,6
1428,2016-11-07,33.8,2,2,2,0.0,1.0,0,0,11,7
1428,2016-11-08,13.93,4,3,3,0.0,1.0,1,0,11,8
1428,2016-11-09,11.37,4,3,3,0.0,0.75,2,0,11,9
1428,2016-11-10,74.94,4,4,4,0.0,1.0,3,0,11,10
1428,2016-11-11,85.68,6,5,6,0.3333333333333333,0.6666666666666666,4,0,11,11
1428,2016-11-12,11.79,2,2,2,0.5,0.5,5,1,11,12
1428,2016-11-13,34.47,4,2,4,0.5,0.5,6,1,11,13
1428,2016-11-14,36.01,6,2,3,0.0,1.0,0,0,11,14
1428,2016-11-15,26.57,5,2,4,0.4,0.6,1,0,11,15
1428,2016-11-16,33.9,7,4,4,0.42857142857142855,0.5714285714285714,2,0,11,16
1428,2016-11-17,18.43,4,3,3,0.0,1.0,3,0,11,17
1428,2016-11-18,20.59,3,2,2,0.0,1.0,4,0,11,18
1428,2016-11-19,16.66,3,2,3,0.3333333333333333,0.6666666666666666,5,1,11,19
1428,2016-11-20,53.83999999999999,5,4,4,0.0,0.8,6,1,11,20
1428,2016-11-21,36.559999999999995,6,4,4,0.0,0.8333333333333334,0,0,11,21
1428,2016-11-22,53.2,5,4,4,0.0,1.0,1,0,11,22
1428,2016-11-23,33.29,5,3,4,0.4,0.6,2,0,11,23
1428,2016-11-24,6.31,2,2,2,0.5,0.5,3,0,11,24
1428,2016-11-25,23.580000000000002,4,3,4,0.5,0.5,4,0,11,25
1428,2016-11-26,27.159999999999997,4,2,2,0.0,1.0,5,1,11,26
1428,2016-11-27,27.96,2,2,2,0.0,1.0,6,1,11,27
1428,2016-11-28,51.92,5,4,4,0.2,0.8,0,0,11,28
1428,2016-11-29,24.3,2,2,2,0.0,1.0,1,0,11,29
1428,2016-11-30,25.490000000000002,5,3,4,0.2,0.8,2,0,11,30
1428,2016-12-01,24.799999999999997,5,3,4,0.2,0.8,3,0,12,1
1428,2016-12-02,12.879999999999999,3,3,3,0.0,1.0,4,0,12,2
1428,2016-12-03,56.67,6,3,5,0.3333333333333333,0.6666666666666666,5,1,12,3
1428,2016-12-04,33.01,7,5,6,0.14285714285714285,0.8571428571428571,6,1,12,4
1428,2016-12-05,21.990000000000002,8,4,4,0.125,0.875,0,0,12,5
1428,2016-12-06,37.480000000000004,7,4,5,0.42857142857142855,0.5714285714285714,1,0,12,6
1428,2016-12-07,15.57,4,3,3,0.25,0.75,2,0,12,7
1428,2016-12-08,48.56999999999999,10,4,5,0.1,0.8,3,0,12,8
1428,2016-12-09,1.83,1,1,1,0.0,1.0,4,0,12,9
1428,2016-12-10,39.3,3,3,3,0.3333333333333333,0.6666666666666666,5,1,12,10
1428,2016-12-11,26.67,4,2,2,0.0,1.0,6,1,12,11
1428,2016-12-12,5.6899999999999995,3,2,2,0.0,1.0,0,0,12,12
1428,2016-12-13,35.84,8,3,6,0.25,0.75,1,0,12,13
1428,2016-12-14,26.16,6,3,4,0.16666666666666666,0.8333333333333334,2,0,12,14
1428,2016-12-15,15.57,4,3,3,0.25,0.75,3,0,12,15
1428,2016-12-16,29.71,3,3,3,0.0,0.6666666666666666,4,0,12,16
1428,2016-12-17,29.75,4,2,2,0.25,0.75,5,1,12,17
1428,2016-12-18,18.89,4,3,4,0.25,0.75,6,1,12,18
1428,2016-12-19,19.049999999999997,2,1,2,0.5,0.5,0,0,12,19
1428,2016-12-20,6.12,1,1,1,0.0,1.0,1,0,12,20
1428,2016-12-21,55.3,7,4,6,0.42857142857142855,0.42857142857142855,2,0,12,21
1428,2016-12-22,48.81999999999999,3,3,3,0.0,1.0,3,0,12,22
1428,2016-12-23,25.599999999999998,5,3,3,0.4,0.6,4,0,12,23
1428,2016-12-24,15.790000000000001,2,1,1,1.0,0.0,5,1,12,24
1428,2016-12-25,22.04,3,2,3,0.3333333333333333,0.6666666666666666,6,1,12,25
1428,2016-12-26,21.83,3,2,3,0.3333333333333333,0.6666666666666666,0,0,12,26
1428,2016-12-27,9.65,3,2,2,0.3333333333333333,0.6666666666666666,1,0,12,27
1428,2016-12-28,29.03,7,4,4,0.0,1.0,2,0,12,28
1428,2016-12-29,34.75,3,3,3,0.3333333333333333,0.3333333333333333,3,0,12,29
1428,2016-12-30,2.7,2,1,1,0.0,1.0,4,0,12,30
1428,2016-12-31,13.24,3,2,2,0.3333333333333333,0.6666666666666666,5,1,12,31
1428,2017-01-01,38.17,7,3,5,0.42857142857142855,0.5714285714285714,6,1,1,1
1428,2017-01-02,15.46,4,3,4,0.25,0.75,0,0,1,2
1428,2017-01-03,24.35,5,3,4,0.4,0.6,1,0,1,3
1428,2017-01-04,21.34,5,3,3,0.4,0.6,2,0,1,4
1428,2017-01-05,40.83,3,3,3,0.0,1.0,3,0,1,5
1428,2017-01-06,34.61,5,4,4,0.0,1.0,4,0,1,6
1428,2017-01-07,42.99,5,3,3,0.4,0.6,5,1,1,7
1428,2017-01-08,38.67,6,2,4,0.3333333333333333,0.6666666666666666,6,1,1,8
1428,2017-01-09,9.03,1,1,1,1.0,0.0,0,0,1,9
1428,2017-01-10,15.93,2,2,2,0.0,1.0,1,0,1,10
1428,2017-01-11,60.49,7,5,6,0.14285714285714285,0.8571428571428571,2,0,1,11
1428,2017-01-12,55.28,10,4,5,0.2,0.8,3,0,1,12
1428,2017-01-13,24.6,6,3,3,0.0,1.0,4,0,1,13
1428,2017-01-14,11.95,3,2,2,0.3333333333333333,0.6666666666666666,5,1,1,14
1428,2017-01-15,47.89,6,3,3,0.0,1.0,6,1,1,15
1428,2017-01-16,20.68,4,2,3,0.25,0.75,0,0,1,16
1428,2017-01-17,7.000000000000001,3,2,2,0.0,1.0,1,0,1,17
1428,2017-01-18,23.93,4,3,4,0.25,0.75,2,0,1,18
1428,2017-01-19,28.869999999999997,8,3,4,0.125,0.875,3,0,1,19
1428,2017-01-20,34.82,2,2,2,0.0,1.0,4,0,1,20
1428,2017-01-21,30.810000000000002,6,3,3,0.3333333333333333,0.6666666666666666,5,1,1,21
1428,2017-01-22,37.57,3,3,3,0.3333333333333333,0.6666666666666666,6,1,1,22
1428,2017-01-23,27.13,4,4,4,0.25,0.75,0,0,1,23
1428,2017-01-24,13.15,4,3,3,0.0,1.0,1,0,1,24
1428,2017-01-25,42.949999999999996,3,3,3,0.3333333333333333,0.6666666666666666,2,0,1,25
1428,2017-01-26,21.89,5,2,2,0.0,1.0,3,0,1,26
1428,2017-01-27,29.18,4,2,4,0.5,0.5,4,0,1,27
1428,2017-01-28,27.47,3,1,2,1.0,0.0,5,1,1,28
1428,2017-01-29,15.120000000000001,4,3,3,0.0,1.0,6,1,1,29
1428,2017-01-30,23.28,5,2,3,0.2,0.8,0,0,1,30
1428,2017-01-31,15.120000000000001,2,2,2,0.5,0.5,1,0,1,31
1428,2017-02-01,1.64,1,1,1,0.0,1.0,2,0,2,1
1428,2017-02-02,32.510000000000005,6,3,5,0.3333333333333333,0.6666666666666666,3,0,2,2
1428,2017-02-03,19.54,5,3,3,0.0,1.0,4,0,2,3
1428,2017-02-04,8.82,2,2,2,0.5,0.5,5,1,2,4
1428,2017-02-05,14.82,2,1,2,0.5,0.5,6,1,2,5
1428,2017-02-06,37.65,7,2,3,0.0,1.0,0,0,2,6
1428,2017-02-07,11.57,3,2,2,0.0,1.0,1,0,2,7
1428,2017-02-08,19.77,4,4,4,0.0,0.75,2,0,2,8
1428,2017-02-09,27.19,4,3,4,0.5,0.5,3,0,2,9
1428,2017-02-10,28.14,6,3,3,0.3333333333333333,0.6666666666666666,4,0,2,10
1428,2017-02-11,21.45,5,4,4,0.2,0.8,5,1,2,11
1428,2017-02-12,34.519999999999996,6,3,4,0.16666666666666666,0.8333333333333334,6,1,2,12
1428,2017-02-13,20.19,4,2,3,0.25,0.75,0,0,2,13
1428,2017-02-14,20.490000000000002,4,4,4,0.0,1.0,1,0,2,14
1428,2017-02-15,11.46,2,2,2,0.0,1.0,2,0,2,15
1428,2017-02-16,57.0,7,4,5,0.2857142857142857,0.5714285714285714,3,0,2,16
1428,2017-02-17,11.57,3,3,3,0.3333333333333333,0.6666666666666666,4,0,2,17
1428,2017-02-18,10.0,2,2,2,0.5,0.5,5,1,2,18
1428,2017-02-19,19.67,3,2,3,0.3333333333333333,0.6666666666666666,6,1,2,19
1428,2017-02-20,10.92,2,2,2,0.5,0.5,0,0,2,20
1428,2017-02-21,68.06,7,5,7,0.42857142857142855,0.42857142857142855,1,0,2,21
1428,2017-02-22,44.120000000000005,5,4,4,0.2,0.6,2,0,2,22
1428,2017-02-23,20.9,4,4,4,0.25,0.5,3,0,2,23
1428,2017-02-24,8.72,3,2,2,0.0,1.0,4,0,2,24
1428,2017-02-25,21.93,4,2,2,0.0,1.0,5,1,2,25
1428,2017-02-26,43.32,3,3,3,0.3333333333333333,0.6666666666666666,6,1,2,26
1428,2017-02-27,8.71,1,1,1,0.0,1.0,0,0,2,27
1428,2017-02-28,13.84,3,3,3,0.3333333333333333,0.6666666666666666,1,0,2,28
1428,2017-03-01,25.55,4,3,3,0.5,0.5,2,0,3,1
1428,2017-03-02,4.96,2,2,2,0.0,1.0,3,0,3,2
1428,2017-03-03,17.08,3,3,3,0.3333333333333333,0.3333333333333333,4,0,3,3
1428,2017-03-04,13.55,2,2,2,0.0,1.0,5,1,3,4
1428,2017-03-05,31.82,6,3,5,0.3333333333333333,0.6666666666666666,6,1,3,5
1428,2017-03-06,23.8,3,2,2,0.6666666666666666,0.3333333333333333,0,0,3,6
1428,2017-03-07,31.93,9,4,5,0.1111111111111111,0.8888888888888888,1,0,3,7
1428,2017-03-08,29.61,5,2,4,0.4,0.6,2,0,3,8
1428,2017-03-09,55.72,6,5,5,0.0,1.0,3,0,3,9
1428,2017-03-10,11.22,4,2,2,0.25,0.75,4,0,3,10
1428,2017-03-11,16.4,4,3,3,0.0,1.0,5,1,3,11
1428,2017-03-12,20.81,3,2,2,0.6666666666666666,0.3333333333333333,6,1,3,12
1428,2017-03-13,9.510000000000002,2,2,2,0.5,0.5,0,0,3,13
1428,2017-03-14,15.16,3,3,3,0.3333333333333333,0.6666666666666666,1,0,3,14
1428,2017-03-15,74.56,8,4,5,0.5,0.375,2,0,3,15
1428,2017-03-16,19.84,5,3,4,0.2,0.8,3,0,3,16
1428,2017-03-17,1.64,1,1,1,0.0,1.0,4,0,3,17
1428,2017-03-18,3.09,2,1,1,0.0,1.0,5,1,3,18
1428,2017-03-19,37.49,4,3,3,0.0,1.0,6,1,3,19
1428,2017-03-20,48.61,5,3,4,0.6,0.4,0,0,3,20
1428,2017-03-21,48.7,4,4,4,0.25,0.75,1,0,3,21
1428,2017-03-22,25.38,5,2,3,0.4,0.6,2,0,3,22
1428,2017-03-23,13.079999999999998,3,2,2,0.3333333333333333,0.6666666666666666,3,0,3,23
1428,2017-03-24,36.81,7,4,5,0.42857142857142855,0.42857142857142855,4,0,3,24
1428,2017-03-25,39.05,7,3,4,0.2857142857142857,0.7142857142857143,5,1,3,25
1428,2017-03-26,12.17,3,2,2,0.6666666666666666,0.3333333333333333,6,1,3,26
1428,2017-03-27,28.73,5,3,3,0.2,0.8,0,0,3,27
1428,2017-03-28,7.140000000000001,3,2,2,0.0,1.0,1,0,3,28
1428,2017-03-29,38.92,4,4,4,0.5,0.5,2,0,3,29
1428,2017-03-30,32.85,4,2,3,0.25,0.75,3,0,3,30
1428,2017-03-31,37.39,4,3,3,0.5,0.5,4,0,3,31
1428,2017-04-01,48.00000000000001,9,3,6,0.2222222222222222,0.7777777777777778,5,1,4,1
1428,2017-04-02,81.9,5,4,5,0.4,0.6,6,1,4,2
1428,2017-04-03,9.47,1,1,1,0.0,1.0,0,0,4,3
1428,2017-04-04,29.29,5,4,5,0.4,0.6,1,0,4,4
1428,2017-04-05,38.3,6,3,4,0.0,1.0,2,0,4,5
1428,2017-04-06,20.65,5,4,4,0.0,1.0,3,0,4,6
1428,2017-04-07,53.78,8,5,5,0.0,1.0,4,0,4,7
1428,2017-04-08,47.78,3,3,3,0.0,1.0,5,1,4,8
1428,2017-04-09,22.380000000000003,3,2,2,0.6666666666666666,0.3333333333333333,6,1,4,9
1428,2017-04-10,39.55,4,3,4,0.25,0.75,0,0,4,10
1428,2017-04-11,23.59,4,2,3,0.5,0.5,1,0,4,11
1428,2017-04-12,83.8,9,5,6,0.0,0.8888888888888888,2,0,4,12
1428,2017-04-13,28.77,9,5,5,0.1111111111111111,0.7777777777777778,3,0,4,13
1428,2017-04-14,44.4,6,5,5,0.3333333333333333,0.6666666666666666,4,0,4,14
1428,2017-04-15,14.24,4,2,3,0.0,1.0,5,1,4,15
1428,2017-04-16,13.84,3,2,2,0.3333333333333333,0.6666666666666666,6,1,4,16
1428,2017-04-17,57.13,5,4,4,0.4,0.6,0,0,4,17
1428,2017-04-18,4.75,2,2,2,0.0,1.0,1,0,4,18
1428,2017-04-19,58.24999999999999,6,5,5,0.16666666666666666,0.6666666666666666,2,0,4,19
1428,2017-04-20,43.730000000000004,4,3,3,0.0,1.0,3,0,4,20
1428,2017-04-21,29.84,5,3,4,0.2,0.8,4,0,4,21
1428,2017-04-22,46.37,4,3,3,0.25,0.75,5,1,4,22
1428,2017-04-23,13.05,4,3,3,0.25,0.75,6,1,4,23
1428,2017-04-24,17.97,3,2,2,0.6666666666666666,0.3333333333333333,0,0,4,24
1428,2017-04-25,23.92,4,2,3,0.5,0.5,1,0,4,25
1428,2017-04-26,14.200000000000001,3,3,3,0.0,0.6666666666666666,2,0,4,26
1428,2017-04-27,35.94,3,3,3,0.0,0.6666666666666666,3,0,4,27
1428,2017-04-28,31.06,7,4,6,0.2857142857142857,0.7142857142857143,4,0,4,28
1428,2017-04-29,24.26,4,4,4,0.25,0.75,5,1,4,29
1428,2017-04-30,9.27,2,2,2,0.5,0.5,6,1,4,30
1428,2017-05-01,9.83,1,1,1,0.0,1.0,0,0,5,1
1428,2017-05-02,42.940000000000005,6,4,4,0.0,0.8333333333333334,1,0,5,2
1428,2017-05-03,6.720000000000001,3,2,2,0.0,1.0,2,0,5,3
1428,2017-05-04,9.86,3,2,2,0.0,1.0,3,0,5,4
1428,2017-05-05,62.03,3,2,3,0.3333333333333333,0.6666666666666666,4,0,5,5
1428,2017-05-06,12.39,2,1,1,1.0,0.0,5,1,5,6
1428,2017-05-07,38.45,6,3,4,0.5,0.3333333333333333,6,1,5,7
1428,2017-05-08,14.500000000000002,4,3,3,0.0,1.0,0,0,5,8
1428,2017-05-09,11.46,2,2,2,0.5,0.5,1,0,5,9
1428,2017-05-10,86.69,8,4,5,0.125,0.875,2,0,5,10
1428,2017-05-11,23.0,5,5,5,0.2,0.8,3,0,5,11
1428,2017-05-12,11.08,4,3,3,0.0,1.0,4,0,5,12
1428,2017-05-13,35.97,7,5,6,0.14285714285714285,0.8571428571428571,5,1,5,13
1428,2017-05-14,21.53,4,2,3,0.5,0.5,6,1,5,14
1428,2017-05-15,3.31,2,1,1,0.0,1.0,0,0,5,15
1428,2017-05-16,96.1,8,5,6,0.25,0.625,1,0,5,16
1428,2017-05-17,15.49,3,3,3,0.3333333333333333,0.6666666666666666,2,0,5,17
1428,2017-05-18,18.06,4,2,3,0.25,0.75,3,0,5,18
1428,2017-05-19,34.21,5,4,4,0.4,0.6,4,0,5,19
1428,2017-05-20,10.389999999999999,2,2,2,0.5,0.5,5,1,5,20
1428,2017-05-21,11.379999999999999,2,1,1,1.0,0.0,6,1,5,21
1428,2017-05-22,20.32,5,3,3,0.4,0.6,0,0,5,22
1428,2017-05-23,27.9,7,4,5,0.2857142857142857,0.7142857142857143,1,0,5,23
1428,2017-05-24,44.62,9,5,5,0.0,1.0,2,0,5,24
1428,2017-05-25,50.76,7,4,6,0.14285714285714285,0.8571428571428571,3,0,5,25
1428,2017-05-26,15.920000000000002,4,3,3,0.25,0.75,4,0,5,26
1428,2017-05-27,17.53,4,3,3,0.25,0.75,5,1,5,27
1428,2017-05-28,78.87,4,4,4,0.25,0.75,6,1,5,28
1428,2017-05-29,15.5,3,2,2,0.0,1.0,0,0,5,29
1428,2017-05-30,42.160000000000004,7,2,4,0.5714285714285714,0.42857142857142855,1,0,5,30
1428,2017-05-31,9.49,4,2,3,0.0,1.0,2,0,5,31
1428,2017-06-01,85.23,10,4,5,0.1,0.9,3,0,6,1
1428,2017-06-02,17.61,5,3,4,0.2,0.8,4,0,6,2
1428,2017-06-03,80.21000000000001,7,4,5,0.42857142857142855,0.5714285714285714,5,1,6,3
1428,2017-06-04,8.75,1,1,1,1.0,0.0,6,1,6,4
1428,2017-06-05,7.62,4,2,2,0.0,0.75,0,0,6,5
1428,2017-06-06,43.41,6,2,2,0.16666666666666666,0.8333333333333334,1,0,6,6
1428,2017-06-07,55.14,6,3,5,0.16666666666666666,0.8333333333333334,2,0,6,7
1428,2017-06-08,16.93,2,1,2,0.5,0.5,3,0,6,8
1428,2017-06-09,35.21,5,3,3,0.0,1.0,4,0,6,9
1428,2017-06-10,17.75,4,3,3,0.25,0.75,5,1,6,10
1428,2017-06-11,52.36,4,4,4,0.0,1.0,6,1,6,11
1428,2017-06-12,17.45,3,2,3,0.3333333333333333,0.6666666666666666,0,0,6,12
1428,2017-06-13,17.75,4,3,3,0.25,0.25,1,0,6,13
1428,2017-06-14,22.94,4,4,4,0.25,0.5,2,0,6,14
1428,2017-06-15,25.46,4,3,4,0.25,0.75,3,0,6,15
1428,2017-06-16,23.18,6,3,4,0.3333333333333333,0.6666666666666666,4,0,6,16
1428,2017-06-17,23.93,3,2,3,0.6666666666666666,0.0,5,1,6,17
1428,2017-06-18,11.7,3,2,2,0.0,1.0,6,1,6,18
1428,2017-06-19,32.82,8,5,5,0.25,0.625,0,0,6,19
1428,2017-06-20,41.76,8,3,5,0.375,0.625,1,0,6,20
1428,2017-06-21,31.279999999999998,3,2,3,0.0,1.0,2,0,6,21
1428,2017-06-22,30.3,5,4,5,0.2,0.6,3,0,6,22
1428,2017-06-23,24.88,5,2,2,0.0,1.0,4,0,6,23
1428,2017-06-24,8.99,3,2,2,0.0,1.0,5,1,6,24
1428,2017-06-25,38.160000000000004,2,2,2,0.0,1.0,6,1,6,25
1428,2017-06-26,18.35,3,2,2,0.0,1.0,0,0,6,26
1428,2017-06-27,63.92,8,4,5,0.0,1.0,1,0,6,27
1428,2017-06-28,12.42,4,3,3,0.0,1.0,2,0,6,28
1428,2017-06-29,20.45,4,4,4,0.25,0.5,3,0,6,29
1428,2017-06-30,37.3,6,2,3,0.0,0.8333333333333334,4,0,6,30
1428,2017-07-01,16.12,3,3,3,0.3333333333333333,0.6666666666666666,5,1,7,1
1428,2017-07-02,9.2,2,2,2,0.5,0.5,6,1,7,2
1428,2017-07-03,12.37,2,2,2,0.5,0.5,0,0,7,3
1428,2017-07-04,38.07,7,4,6,0.42857142857142855,0.42857142857142855,1,0,7,4
1428,2017-07-05,21.520000000000003,6,3,3,0.0,1.0,2,0,7,5
1428,2017-07-06,34.209999999999994,4,2,3,0.25,0.75,3,0,7,6
1428,2017-07-07,28.590000000000003,5,3,4,0.2,0.8,4,0,7,7
1428,2017-07-08,54.39,4,4,4,0.0,1.0,5,1,7,8
1428,2017-07-09,26.48,4,2,2,0.0,1.0,6,1,7,9
1428,2017-07-10,44.28,4,3,4,0.25,0.75,0,0,7,10
1428,2017-07-11,26.169999999999998,4,3,4,0.25,0.75,1,0,7,11
1428,2017-07-12,62.25,6,4,4,0.16666666666666666,0.8333333333333334,2,0,7,12
1428,2017-07-13,24.49,4,3,4,0.5,0.5,3,0,7,13
1428,2017-07-14,23.92,4,2,4,0.25,0.75,4,0,7,14
1428,2017-07-15,9.69,1,1,1,1.0,0.0,5,1,7,15
1428,2017-07-16,9.02,2,1,1,0.0,1.0,6,1,7,16
1428,2017-07-17,21.07,3,2,3,0.3333333333333333,0.6666666666666666,0,0,7,17
1428,2017-07-18,16.04,4,3,3,0.0,1.0,1,0,7,18
1428,2017-07-19,52.65,8,4,5,0.125,0.75,2,0,7,19
1428,2017-07-20,48.49,5,5,5,0.0,0.8,3,0,7,20
1428,2017-07-21,33.87,4,2,4,0.5,0.5,4,0,7,21
1428,2017-07-22,6.27,1,1,1,1.0,0.0,5,1,7,22
1428,2017-07-23,21.03,4,2,3,0.25,0.75,6,1,7,23
1428,2017-07-24,42.69,5,2,3,0.8,0.2,0,0,7,24
1428,2017-07-25,47.190000000000005,5,3,3,0.0,0.8,1,0,7,25
1428,2017-07-26,34.239999999999995,8,4,5,0.125,0.875,2,0,7,26
1428,2017-07-27,17.22,4,4,4,0.25,0.5,3,0,7,27
1428,2017-07-28,18.29,4,3,3,0.25,0.75,4,0,7,28
1428,2017-07-29,31.38,5,3,4,0.4,0.6,5,1,7,29
1428,2017-07-30,44.95,3,3,3,0.3333333333333333,0.6666666666666666,6,1,7,30
1428,2017-07-31,15.52,2,2,2,0.5,0.5,0,0,7,31
1428,2017-08-01,67.03999999999999,5,4,5,0.2,0.8,1,0,8,1
1428,2017-08-02,67.49,6,4,5,0.3333333333333333,0.6666666666666666,2,0,8,2
1428,2017-08-03,44.34,6,3,4,0.3333333333333333,0.6666666666666666,3,0,8,3
1428,2017-08-04,53.86,6,6,6,0.16666666666666666,0.5,4,0,8,4
1428,2017-08-05,33.2,6,4,5,0.16666666666666666,0.8333333333333334,5,1,8,5
1428,2017-08-06,44.17,6,3,4,0.5,0.5,6,1,8,6
1428,2017-08-07,9.83,3,3,3,0.0,0.6666666666666666,0,0,8,7
1428,2017-08-08,30.46,5,3,3,0.0,1.0,1,0,8,8
1428,2017-08-09,23.79,6,5,5,0.16666666666666666,0.6666666666666666,2,0,8,9
1428,2017-08-10,5.91,1,1,1,0.0,1.0,3,0,8,10
1428,2017-08-11,7.65,4,2,2,0.0,1.0,4,0,8,11
1428,2017-08-12,8.71,2,1,2,0.0,1.0,5,1,8,12
1428,2017-08-13,8.09,3,2,2,0.0,1.0,6,1,8,13
1428,2017-08-14,16.61,3,2,3,0.3333333333333333,0.3333333333333333,0,0,8,14
1428,2017-08-15,62.83,4,3,4,0.25,0.75,1,0,8,15
1428,2017-08-16,12.32,3,2,2,0.3333333333333333,0.6666666666666666,2,0,8,16
1428,2017-08-17,19.92,3,2,3,0.6666666666666666,0.3333333333333333,3,0,8,17
1428,2017-08-18,9.42,1,1,1,0.0,1.0,4,0,8,18
1428,2017-08-19,7.8,1,1,1,0.0,1.0,5,1,8,19
1428,2017-08-20,10.66,2,2,2,0.0,1.0,6,1,8,20
1428,2017-08-21,14.399999999999999,2,2,2,0.5,0.5,0,0,8,21
1428,2017-08-22,14.68,3,3,3,0.3333333333333333,0.6666666666666666,1,0,8,22
1428,2017-08-23,32.09,6,4,5,0.16666666666666666,0.8333333333333334,2,0,8,23
1428,2017-08-24,41.7,2,2,2,0.0,1.0,3,0,8,24
1428,2017-08-25,7.1899999999999995,4,2,2,0.0,1.0,4,0,8,25
1428,2017-08-26,14.84,2,2,2,0.5,0.5,5,1,8,26
1428,2017-08-27,21.3,3,2,2,0.6666666666666666,0.3333333333333333,6,1,8,27
1428,2017-08-28,10.92,2,2,2,0.5,0.5,0,0,8,28
1428,2017-08-29,32.14,4,2,2,0.75,0.25,1,0,8,29
1428,2017-08-30,16.34,5,4,4,0.0,1.0,2,0,8,30
1428,2017-08-31,22.71,5,3,3,0.0,1.0,3,0,8,31
1428,2017-09-01,26.84,6,3,3,0.3333333333333333,0.5,4,0,9,1
1428,2017-09-02,11.48,2,2,2,0.5,0.5,5,1,9,2
1428,2017-09-03,10.69,2,2,2,0.0,1.0,6,1,9,3
1428,2017-09-04,8.71,1,1,1,0.0,1.0,0,0,9,4
1428,2017-09-05,16.68,3,3,3,0.3333333333333333,0.6666666666666666,1,0,9,5
1428,2017-09-06,20.66,3,2,3,0.3333333333333333,0.6666666666666666,2,0,9,6
1428,2017-09-07,14.94,4,3,3,0.0,1.0,3,0,9,7
1428,2017-09-08,31.89,4,2,4,0.5,0.5,4,0,9,8
1428,2017-09-09,25.400000000000002,5,3,3,0.4,0.6,5,1,9,9
1428,2017-09-10,49.01,4,3,3,0.25,0.75,6,1,9,10
1428,2017-09-11,7.220000000000001,2,2,2,0.0,1.0,0,0,9,11
1428,2017-09-12,21.75,5,3,4,0.0,1.0,1,0,9,12
1428,2017-09-13,107.34,9,5,6,0.1111111111111111,0.7777777777777778,2,0,9,13
1428,2017-09-14,36.99,7,5,6,0.14285714285714285,0.7142857142857143,3,0,9,14
1428,2017-09-15,20.509999999999998,5,3,3,0.2,0.8,4,0,9,15
1428,2017-09-16,58.98,8,3,5,0.25,0.75,5,1,9,16
1428,2017-09-17,10.51,2,2,2,0.0,1.0,6,1,9,17
1428,2017-09-18,18.11,4,2,2,0.5,0.5,0,0,9,18
1428,2017-09-19,39.1,6,4,5,0.3333333333333333,0.5,1,0,9,19
1428,2017-09-20,98.34,5,4,5,0.4,0.6,2,0,9,20
1428,2017-09-21,44.26,7,3,4,0.2857142857142857,0.7142857142857143,3,0,9,21
1428,2017-09-22,32.47,6,4,5,0.3333333333333333,0.6666666666666666,4,0,9,22
1428,2017-09-23,16.99,5,4,4,0.0,1.0,5,1,9,23
1428,2017-09-24,39.97,4,4,4,0.0,1.0,6,1,9,24
1428,2017-09-25,26.42,4,3,4,0.25,0.75,0,0,9,25
1428,2017-09-26,19.72,4,2,2,0.5,0.5,1,0,9,26
1428,2017-09-27,15.65,4,3,3,0.25,0.75,2,0,9,27
1428,2017-09-28,9.16,3,2,2,0.3333333333333333,0.6666666666666666,3,0,9,28
1428,2017-09-29,13.260000000000002,3,2,2,0.0,1.0,4,0,9,29
1428,2017-09-30,48.379999999999995,3,3,3,0.0,1.0,5,1,9,30
1428,2017-10-01,20.08,4,2,3,0.25,0.75,6,1,10,1
1428,2017-10-03,22.849999999999998,5,3,3,0.4,0.6,1,0,10,3
1428,2017-10-04,21.380000000000003,5,4,5,0.0,1.0,2,0,10,4
1428,2017-10-05,29.0,5,3,4,0.2,0.8,3,0,10,5
1428,2017-10-06,20.700000000000003,5,3,4,0.4,0.6,4,0,10,6
1428,2017-10-07,34.24,3,3,3,0.3333333333333333,0.6666666666666666,5,1,10,7
1428,2017-10-08,69.73,5,3,5,0.4,0.6,6,1,10,8
1428,2017-10-09,22.71,4,3,3,0.5,0.5,0,0,10,9
1428,2017-10-10,19.779999999999998,4,3,3,0.25,0.75,1,0,10,10
1428,2017-10-11,17.700000000000003,4,4,4,0.0,0.75,2,0,10,11
1428,2017-10-12,15.940000000000001,3,3,3,0.3333333333333333,0.6666666666666666,3,0,10,12
1428,2017-10-13,22.97,3,2,2,0.6666666666666666,0.3333333333333333,4,0,10,13
1428,2017-10-14,25.61,5,4,5,0.4,0.6,5,1,10,14
1428,2017-10-15,9.16,2,2,2,0.5,0.5,6,1,10,15
1428,2017-10-16,31.700000000000003,5,3,4,0.4,0.6,0,0,10,16
1428,2017-10-17,58.08,6,4,5,0.5,0.3333333333333333,1,0,10,17
1428,2017-10-18,20.41,4,4,4,0.25,0.5,2,0,10,18
1428,2017-10-19,16.64,4,3,3,0.25,0.25,3,0,10,19
1428,2017-10-20,49.42,6,4,5,0.16666666666666666,0.8333333333333334,4,0,10,20
1428,2017-10-21,23.060000000000002,4,4,4,0.25,0.5,5,1,10,21
1428,2017-10-22,72.93,5,4,4,0.0,1.0,6,1,10,22
1428,2017-10-23,9.27,2,2,2,0.0,1.0,0,0,10,23
1428,2017-10-24,32.37,6,4,5,0.3333333333333333,0.6666666666666666,1,0,10,24
1428,2017-10-25,23.78,3,2,3,0.3333333333333333,0.6666666666666666,2,0,10,25
1428,2017-10-26,29.79,6,4,5,0.16666666666666666,0.6666666666666666,3,0,10,26
1428,2017-10-27,6.1000000000000005,2,2,2,0.0,1.0,4,0,10,27
1428,2017-10-28,34.57,6,3,4,0.3333333333333333,0.6666666666666666,5,1,10,28
1428,2017-10-29,9.93,2,2,2,0.0,1.0,6,1,10,29
1428,2017-10-30,72.31,7,4,5,0.14285714285714285,0.8571428571428571,0,0,10,30
1428,2017-10-31,16.78,3,3,3,0.0,1.0,1,0,10,31
1428,2017-11-01,113.78,8,5,6,0.375,0.625,2,0,11,1
1428,2017-11-02,46.699999999999996,2,2,2,0.5,0.5,3,0,11,2
1428,2017-11-03,61.04,10,5,6,0.1,0.7,4,0,11,3
1428,2017-11-04,29.51,5,3,4,0.4,0.6,5,1,11,4
1428,2017-11-05,50.449999999999996,6,3,4,0.3333333333333333,0.6666666666666666,6,1,11,5
1428,2017-11-06,11.42,2,2,2,0.5,0.5,0,0,11,6
1428,2017-11-07,44.55000000000001,6,3,4,0.16666666666666666,0.6666666666666666,1,0,11,7
1428,2017-11-08,51.28,2,2,2,0.5,0.5,2,0,11,8
1428,2017-11-09,43.589999999999996,3,3,3,0.6666666666666666,0.3333333333333333,3,0,11,9
1428,2017-11-10,13.56,4,3,3,0.0,1.0,4,0,11,10
1428,2017-11-11,11.47,3,2,2,0.0,1.0,5,1,11,11
1428,2017-11-12,15.09,2,2,2,0.0,1.0,6,1,11,12
1428,2017-11-13,19.689999999999998,4,2,3,0.5,0.5,0,0,11,13
1428,2017-11-14,30.020000000000003,5,3,3,0.0,1.0,1,0,11,14
1428,2017-11-15,7.99,2,2,2,0.0,1.0,2,0,11,15
1428,2017-11-16,32.74,5,4,4,0.4,0.6,3,0,11,16
1428,2017-11-17,34.35,6,3,4,0.16666666666666666,0.8333333333333334,4,0,11,17
1428,2017-11-18,24.32,5,3,4,0.2,0.8,5,1,11,18
1428,2017-11-19,61.519999999999996,5,3,4,0.4,0.6,6,1,11,19
1428,2017-11-20,27.83,4,2,3,0.75,0.25,0,0,11,20
1428,2017-11-21,57.339999999999996,8,4,5,0.25,0.75,1,0,11,21
1428,2017-11-22,35.15,8,3,4,0.125,0.875,2,0,11,22
1428,2017-11-23,10.14,2,2,2,0.5,0.5,3,0,11,23
1428,2017-11-24,64.68,5,3,4,0.6,0.4,4,0,11,24
1428,2017-11-25,31.37,5,2,3,0.4,0.6,5,1,11,25
1428,2017-11-26,40.76,6,3,4,0.0,1.0,6,1,11,26
1428,2017-11-27,31.41,2,2,2,0.0,1.0,0,0,11,27
1428,2017-11-28,20.98,4,2,2,0.5,0.5,1,0,11,28
1428,2017-11-29,32.04,5,4,5,0.2,0.8,2,0,11,29
1428,2017-11-30,9.84,2,2,2,0.5,0.5,3,0,11,30
1428,2017-12-01,23.0,3,2,3,0.3333333333333333,0.6666666666666666,4,0,12,1
1428,2017-12-02,20.96,5,2,2,0.0,1.0,5,1,12,2
1428,2017-12-03,20.5,4,2,2,0.5,0.5,6,1,12,3
1428,2017-12-04,42.79,7,2,4,0.42857142857142855,0.5714285714285714,0,0,12,4
1428,2017-12-05,14.91,3,3,3,0.3333333333333333,0.6666666666666666,1,0,12,5
1428,2017-12-06,20.71,5,4,4,0.0,0.8,2,0,12,6
1428,2017-12-07,105.21000000000001,9,5,7,0.2222222222222222,0.6666666666666666,3,0,12,7
1428,2017-12-08,4.43,2,2,2,0.5,0.5,4,0,12,8
1428,2017-12-09,51.760000000000005,5,4,4,0.4,0.4,5,1,12,9
1428,2017-12-11,10.19,1,1,1,0.0,1.0,0,0,12,11
1428,2017-12-12,68.03,9,5,7,0.2222222222222222,0.6666666666666666,1,0,12,12
1428,2017-12-13,18.05,4,3,4,0.25,0.75,2,0,12,13
1428,2017-12-14,13.66,2,2,2,0.0,1.0,3,0,12,14
1428,2017-12-15,14.26,3,3,3,0.0,1.0,4,0,12,15
1428,2017-12-16,46.26,3,3,3,0.3333333333333333,0.6666666666666666,5,1,12,16
1428,2017-12-18,17.93,5,2,2,0.0,1.0,0,0,12,18
1428,2017-12-19,115.5,9,6,6,0.2222222222222222,0.7777777777777778,1,0,12,19
1428,2017-12-20,16.939999999999998,6,4,4,0.0,0.8333333333333334,2,0,12,20
1428,2017-12-21,13.41,4,3,3,0.25,0.75,3,0,12,21
1428,2017-12-22,7.819999999999999,2,2,2,0.0,1.0,4,0,12,22
1428,2017-12-23,45.95,5,4,4,0.4,0.6,5,1,12,23
1428,2017-12-24,18.38,3,2,3,0.3333333333333333,0.6666666666666666,6,1,12,24
1428,2017-12-25,14.620000000000001,3,3,3,0.3333333333333333,0.6666666666666666,0,0,12,25
1428,2017-12-26,22.22,4,3,4,0.5,0.5,1,0,12,26
1428,2017-12-27,11.370000000000001,2,2,2,0.5,0.5,2,0,12,27
1428,2017-12-28,23.15,5,3,4,0.2,0.8,3,0,12,28
1428,2017-12-29,17.45,4,3,3,0.25,0.75,4,0,12,29
1428,2017-12-30,10.81,3,2,2,0.0,1.0,5,1,12,30
1428,2017-12-31,110.49000000000001,6,5,5,0.0,1.0,6,1,12,31
1428,2018-01-01,10.66,3,2,3,0.0,1.0,0,0,1,1
1428,2018-01-02,12.42,3,2,2,0.3333333333333333,0.6666666666666666,1,0,1,2
1428,2018-01-03,37.9,7,4,5,0.42857142857142855,0.5714285714285714,2,0,1,3
1428,2018-01-04,12.969999999999999,3,2,3,0.3333333333333333,0.6666666666666666,3,0,1,4
1428,2018-01-05,26.67,5,4,5,0.2,0.6,4,0,1,5
1428,2018-01-06,52.54,5,2,4,0.6,0.4,5,1,1,6
1428,2018-01-07,13.5,3,3,3,0.0,1.0,6,1,1,7
1428,2018-01-08,2.9400000000000004,2,1,1,0.0,1.0,0,0,1,8
1428,2018-01-09,36.01,2,2,2,0.0,1.0,1,0,1,9
1428,2018-01-10,50.62,4,4,4,0.0,0.75,2,0,1,10
1428,2018-01-11,80.75,8,5,5,0.125,0.875,3,0,1,11
1428,2018-01-12,11.89,3,3,3,0.3333333333333333,0.6666666666666666,4,0,1,12
1428,2018-01-13,51.32,8,4,6,0.375,0.625,5,1,1,13
1428,2018-01-14,64.17,5,4,5,0.4,0.4,6,1,1,14
1428,2018-01-15,18.46,4,3,4,0.25,0.5,0,0,1,15
1428,2018-01-16,84.31,5,4,5,0.2,0.8,1,0,1,16
1428,2018-01-17,28.02,5,4,5,0.4,0.6,2,0,1,17
1428,2018-01-18,28.339999999999996,5,3,3,0.4,0.6,3,0,1,18
1428,2018-01-19,2.7199999999999998,2,1,1,0.0,1.0,4,0,1,19
1428,2018-01-20,33.74,7,4,5,0.2857142857142857,0.5714285714285714,5,1,1,20
1428,2018-01-21,63.09,8,4,5,0.125,0.625,6,1,1,21
1428,2018-01-22,90.36,5,4,5,0.2,0.8,0,0,1,22
1428,2018-01-23,25.11,4,3,4,0.25,0.75,1,0,1,23
1428,2018-01-24,49.08,5,4,5,0.2,0.8,2,0,1,24
1428,2018-01-25,94.3,8,5,6,0.125,0.875,3,0,1,25
1428,2018-01-26,18.810000000000002,3,2,3,0.3333333333333333,0.6666666666666666,4,0,1,26
1428,2018-01-27,25.07,7,3,5,0.2857142857142857,0.7142857142857143,5,1,1,27
1428,2018-01-28,9.94,2,2,2,0.0,1.0,6,1,1,28
1428,2018-01-29,14.879999999999999,3,2,2,0.0,1.0,0,0,1,29
1428,2018-01-30,56.53,6,4,5,0.16666666666666666,0.8333333333333334,1,0,1,30
1428,2018-01-31,17.75,3,3,3,0.3333333333333333,0.6666666666666666,2,0,1,31
1428,2018-02-01,9.19,3,3,3,0.3333333333333333,0.6666666666666666,3,0,2,1
1428,2018-02-02,60.02,5,4,4,0.4,0.6,4,0,2,2
1428,2018-02-03,58.24,9,3,5,0.1111111111111111,0.8888888888888888,5,1,2,3
1428,2018-02-04,74.81,6,5,5,0.16666666666666666,0.5,6,1,2,4
1428,2018-02-05,16.86,3,3,3,0.3333333333333333,0.3333333333333333,0,0,2,5
1428,2018-02-06,39.15,1,1,1,0.0,1.0,1,0,2,6
1428,2018-02-07,60.33,6,4,4,0.3333333333333333,0.5,2,0,2,7
1428,2018-02-08,55.16000000000001,6,4,4,0.3333333333333333,0.6666666666666666,3,0,2,8
1428,2018-02-09,26.47,5,3,3,0.4,0.6,4,0,2,9
1428,2018-02-10,33.269999999999996,5,3,3,0.0,1.0,5,1,2,10
1428,2018-02-11,29.45,6,4,4,0.0,1.0,6,1,2,11
1428,2018-02-12,68.52,7,5,6,0.14285714285714285,0.8571428571428571,0,0,2,12
1428,2018-02-13,70.19,7,3,5,0.2857142857142857,0.7142857142857143,1,0,2,13
1428,2018-02-14,27.06,5,4,5,0.4,0.6,2,0,2,14
1428,2018-02-15,124.88,12,4,6,0.16666666666666666,0.3333333333333333,3,0,2,15
1428,2018-02-16,16.560000000000002,3,3,3,0.0,0.6666666666666666,4,0,2,16
1428,2018-02-17,30.13,5,4,5,0.2,0.8,5,1,2,17
1428,2018-02-18,70.66,6,5,5,0.16666666666666666,0.6666666666666666,6,1,2,18
1428,2018-02-19,39.71,4,3,3,0.25,0.75,0,0,2,19
1428,2018-02-20,12.06,1,1,1,1.0,0.0,1,0,2,20
1428,2018-02-21,23.7,5,2,3,0.2,0.8,2,0,2,21
1428,2018-02-22,7.75,2,2,2,0.0,1.0,3,0,2,22
1428,2018-02-23,48.849999999999994,9,6,7,0.0,1.0,4,0,2,23
1428,2018-02-24,17.790000000000003,4,3,3,0.0,1.0,5,1,2,24
1428,2018-02-25,6.31,2,2,2,0.5,0.5,6,1,2,25
1428,2018-02-26,64.68,7,4,5,0.14285714285714285,0.8571428571428571,0,0,2,26
1428,2018-02-27,67.47999999999999,5,2,4,0.6,0.4,1,0,2,27
1428,2018-02-28,20.13,3,2,3,0.3333333333333333,0.6666666666666666,2,0,2,28
1428,2018-03-01,20.4,5,2,3,0.4,0.6,3,0,3,1
1428,2018-03-02,36.39,6,4,5,0.16666666666666666,0.8333333333333334,4,0,3,2
1428,2018-03-03,97.29,7,5,5,0.0,0.7142857142857143,5,1,3,3
1428,2018-03-04,11.07,2,2,2,0.0,1.0,6,1,3,4
1428,2018-03-05,61.900000000000006,6,4,4,0.16666666666666666,0.8333333333333334,0,0,3,5
1428,2018-03-06,13.78,4,2,2,0.0,1.0,1,0,3,6
1428,2018-03-07,15.48,3,3,3,0.3333333333333333,0.3333333333333333,2,0,3,7
1428,2018-03-08,33.92,4,2,3,0.5,0.5,3,0,3,8
1428,2018-03-09,15.239999999999998,2,1,2,0.5,0.5,4,0,3,9
1428,2018-03-10,24.48,5,4,4,0.0,0.8,5,1,3,10
1428,2018-03-11,20.25,4,2,2,0.0,1.0,6,1,3,11
1428,2018-03-12,9.57,1,1,1,1.0,0.0,0,0,3,12
1428,2018-03-13,46.74,3,3,3,0.3333333333333333,0.6666666666666666,1,0,3,13
1428,2018-03-14,1.56,1,1,1,0.0,1.0,2,0,3,14
1428,2018-03-15,62.06,4,3,4,0.5,0.5,3,0,3,15
1428,2018-03-16,29.78,3,1,2,0.3333333333333333,0.6666666666666666,4,0,3,16
1428,2018-03-17,31.459999999999997,2,2,2,0.5,0.5,5,1,3,17
1428,2018-03-18,20.28,4,3,4,0.25,0.5,6,1,3,18
1428,2018-03-19,35.69,5,3,4,0.2,0.8,0,0,3,19
1428,2018-03-20,39.36,6,2,4,0.3333333333333333,0.6666666666666666,1,0,3,20
1428,2018-03-21,25.380000000000003,7,2,3,0.14285714285714285,0.8571428571428571,2,0,3,21
1428,2018-03-22,28.88,5,5,5,0.2,0.8,3,0,3,22
1428,2018-03-23,28.349999999999998,4,3,4,0.5,0.5,4,0,3,23
1428,2018-03-24,59.53,5,4,4,0.6,0.4,5,1,3,24
1428,2018-03-25,19.55,4,3,3,0.25,0.25,6,1,3,25
1428,2018-03-26,19.12,4,2,3,0.5,0.5,0,0,3,26
1428,2018-03-27,12.45,2,2,2,0.0,1.0,1,0,3,27
1428,2018-03-28,42.25,7,2,3,0.5714285714285714,0.42857142857142855,2,0,3,28
1428,2018-03-29,62.199999999999996,4,3,3,0.5,0.25,3,0,3,29
1428,2018-03-30,10.23,2,2,2,0.5,0.5,4,0,3,30
1428,2018-03-31,12.92,2,2,2,0.5,0.5,5,1,3,31
1428,2018-04-01,5.550000000000001,3,2,2,0.0,1.0,6,1,4,1
1428,2018-04-02,18.64,4,3,3,0.0,1.0,0,0,4,2
1428,2018-04-03,26.03,4,3,3,0.0,1.0,1,0,4,3
1428,2018-04-04,28.77,6,4,4,0.0,1.0,2,0,4,4
1428,2018-04-05,61.13000000000001,7,3,3,0.0,0.8571428571428571,3,0,4,5
1428,2018-04-06,28.21,4,2,3,0.5,0.5,4,0,4,6
1428,2018-04-07,17.72,5,4,4,0.2,0.8,5,1,4,7
1428,2018-04-08,63.83,8,6,8,0.375,0.5,6,1,4,8
1428,2018-04-09,34.01,3,3,3,0.0,1.0,0,0,4,9
1428,2018-04-10,19.11,3,2,3,0.3333333333333333,0.6666666666666666,1,0,4,10
1428,2018-04-11,75.55,7,5,5,0.0,1.0,2,0,4,11
1428,2018-04-12,29.23,6,2,3,0.5,0.5,3,0,4,12
1428,2018-04-13,25.97,4,3,3,0.5,0.5,4,0,4,13
1428,2018-04-14,73.3,5,4,4,0.2,0.8,5,1,4,14
1428,2018-04-15,4.4399999999999995,3,1,1,0.0,1.0,6,1,4,15
1428,2018-04-16,94.12,6,5,5,0.16666666666666666,0.8333333333333334,0,0,4,16
1428,2018-04-17,89.91,6,4,4,0.16666666666666666,0.8333333333333334,1,0,4,17
1428,2018-04-18,17.46,3,3,3,0.0,1.0,2,0,4,18
1428,2018-04-19,4.67,2,2,2,0.0,1.0,3,0,4,19
1428,2018-04-20,17.88,4,3,4,0.0,0.75,4,0,4,20
1428,2018-04-21,11.61,4,3,3,0.25,0.75,5,1,4,21
1428,2018-04-22,25.76,4,3,4,0.25,0.5,6,1,4,22
1428,2018-04-23,18.48,3,2,3,0.6666666666666666,0.3333333333333333,0,0,4,23
1428,2018-04-24,44.44,3,3,3,0.0,1.0,1,0,4,24
1428,2018-04-25,3.69,3,2,2,0.0,1.0,2,0,4,25
1428,2018-04-26,57.62,6,5,6,0.16666666666666666,0.8333333333333334,3,0,4,26
1428,2018-04-27,46.870000000000005,8,5,7,0.25,0.75,4,0,4,27
1428,2018-04-28,58.28,7,5,5,0.42857142857142855,0.42857142857142855,5,1,4,28
1428,2018-04-29,64.21,6,4,5,0.16666666666666666,0.8333333333333334,6,1,4,29
1428,2018-04-30,43.88,5,3,3,0.2,0.8,0,0,4,30
1428,2018-05-01,15.43,3,2,3,0.3333333333333333,0.6666666666666666,1,0,5,1
1428,2018-05-02,24.77,6,3,4,0.3333333333333333,0.6666666666666666,2,0,5,2
1428,2018-05-03,65.22999999999999,6,4,4,0.0,1.0,3,0,5,3
1428,2018-05-04,26.03,6,4,5,0.16666666666666666,0.8333333333333334,4,0,5,4
1428,2018-05-05,20.939999999999998,3,2,3,0.3333333333333333,0.3333333333333333,5,1,5,5
1428,2018-05-06,49.11,4,3,3,0.5,0.25,6,1,5,6
1428,2018-05-07,49.95,7,3,3,0.0,1.0,0,0,5,7
1428,2018-05-08,61.85,11,4,5,0.18181818181818182,0.7272727272727273,1,0,5,8
1428,2018-05-09,27.91,7,3,3,0.42857142857142855,0.5714285714285714,2,0,5,9
1428,2018-05-10,24.18,3,2,2,0.6666666666666666,0.3333333333333333,3,0,5,10
1428,2018-05-11,13.169999999999998,3,2,3,0.3333333333333333,0.6666666666666666,4,0,5,11
1428,2018-05-12,27.950000000000003,6,4,4,0.0,0.8333333333333334,5,1,5,12
1428,2018-05-13,49.7,6,4,5,0.3333333333333333,0.5,6,1,5,13
1428,2018-05-14,9.72,3,2,2,0.3333333333333333,0.6666666666666666,0,0,5,14
1428,2018-05-15,15.58,2,1,2,1.0,0.0,1,0,5,15
1428,2018-05-16,22.48,5,3,4,0.2,0.6,2,0,5,16
1428,2018-05-17,43.199999999999996,6,4,5,0.16666666666666666,0.6666666666666666,3,0,5,17
1428,2018-05-18,25.869999999999997,5,4,5,0.2,0.6,4,0,5,18
1428,2018-05-19,30.54,3,2,2,0.0,1.0,5,1,5,19
1428,2018-05-20,16.36,2,2,2,0.5,0.5,6,1,5,20
1428,2018-05-21,22.3,6,4,4,0.16666666666666666,0.8333333333333334,0,0,5,21
1428,2018-05-22,10.360000000000001,3,3,3,0.3333333333333333,0.6666666666666666,1,0,5,22
1428,2018-05-23,26.12,5,3,4,0.2,0.6,2,0,5,23
1428,2018-05-24,4.48,2,2,2,0.0,0.5,3,0,5,24
1428,2018-05-25,42.76,3,3,3,0.0,1.0,4,0,5,25
1428,2018-05-26,65.93,2,2,2,0.0,0.5,5,1,5,26
1428,2018-05-27,10.13,4,2,2,0.25,0.75,6,1,5,27
1428,2018-05-28,42.81,4,3,4,0.25,0.75,0,0,5,28
1428,2018-05-29,32.47,5,3,3,0.2,0.8,1,0,5,29
1428,2018-05-30,24.400000000000002,5,2,3,0.2,0.8,2,0,5,30
1428,2018-05-31,56.89,5,4,5,0.2,0.8,3,0,5,31
1428,2018-06-01,16.14,4,3,3,0.25,0.5,4,0,6,1
1428,2018-06-02,76.91,5,4,4,0.4,0.4,5,1,6,2
1428,2018-06-03,65.69,5,4,5,0.2,0.6,6,1,6,3
1428,2018-06-04,11.219999999999999,2,2,2,0.5,0.5,0,0,6,4
1428,2018-06-05,5.32,3,2,2,0.0,1.0,1,0,6,5
1428,2018-06-06,31.240000000000002,3,1,3,0.6666666666666666,0.3333333333333333,2,0,6,6
1428,2018-06-07,50.769999999999996,6,5,6,0.3333333333333333,0.5,3,0,6,7
1428,2018-06-08,76.1,6,4,4,0.0,1.0,4,0,6,8
1428,2018-06-09,28.45,5,2,2,0.6,0.4,5,1,6,9
1428,2018-06-10,20.41,3,2,2,0.6666666666666666,0.3333333333333333,6,1,6,10
1428,2018-06-11,16.9,4,2,2,0.0,1.0,0,0,6,11
1428,2018-06-12,8.31,2,2,2,0.5,0.5,1,0,6,12
1428,2018-06-13,30.34,5,2,4,0.4,0.6,2,0,6,13
1428,2018-06-14,25.259999999999998,4,3,4,0.25,0.75,3,0,6,14
1428,2018-06-15,65.41,8,4,5,0.25,0.75,4,0,6,15
1428,2018-06-16,44.970000000000006,8,4,7,0.25,0.75,5,1,6,16
1428,2018-06-17,16.7,3,3,3,0.3333333333333333,0.3333333333333333,6,1,6,17
1428,2018-06-18,16.66,2,1,2,0.5,0.5,0,0,6,18
1428,2018-06-20,85.49000000000001,7,5,7,0.2857142857142857,0.7142857142857143,2,0,6,20
1428,2018-06-21,30.130000000000003,7,3,4,0.2857142857142857,0.7142857142857143,3,0,6,21
1428,2018-06-22,17.63,4,3,3,0.0,1.0,4,0,6,22
1428,2018-06-23,41.15,6,4,5,0.3333333333333333,0.6666666666666666,5,1,6,23
1428,2018-06-24,18.99,4,3,3,0.25,0.75,6,1,6,24
1428,2018-06-25,21.37,3,2,3,0.6666666666666666,0.0,0,0,6,25
1428,2018-06-26,6.77,1,1,1,1.0,0.0,1,0,6,26
1428,2018-06-27,14.17,5,2,2,0.0,1.0,2,0,6,27
1428,2018-06-29,20.71,3,2,2,0.6666666666666666,0.3333333333333333,4,0,6,29
1428,2018-06-30,20.479999999999997,3,2,3,0.3333333333333333,0.6666666666666666,5,1,6,30
1428,2018-07-01,46.16,8,4,6,0.125,0.875,6,1,7,1
1428,2018-07-02,72.22,7,5,6,0.2857142857142857,0.7142857142857143,0,0,7,2
1428,2018-07-03,21.45,4,2,3,0.25,0.75,1,0,7,3
1428,2018-07-04,40.410000000000004,5,4,5,0.2,0.8,2,0,7,4
1428,2018-07-05,23.509999999999998,6,3,3,0.16666666666666666,0.8333333333333334,3,0,7,5
1428,2018-07-06,43.9,8,5,7,0.25,0.5,4,0,7,6
1428,2018-07-07,38.92,7,4,5,0.2857142857142857,0.42857142857142855,5,1,7,7
1428,2018-07-08,29.71,5,4,5,0.4,0.4,6,1,7,8
1428,2018-07-09,58.620000000000005,5,4,4,0.4,0.4,0,0,7,9
1428,2018-07-10,60.27,7,4,5,0.14285714285714285,0.7142857142857143,1,0,7,10
1428,2018-07-11,12.52,3,3,3,0.0,0.6666666666666666,2,0,7,11
1428,2018-07-12,21.11,4,3,4,0.25,0.75,3,0,7,12
1428,2018-07-13,94.48,11,5,6,0.2727272727272727,0.6363636363636364,4,0,7,13
1428,2018-07-14,8.67,1,1,1,0.0,1.0,5,1,7,14
1428,2018-07-15,20.77,6,3,3,0.16666666666666666,0.8333333333333334,6,1,7,15
1428,2018-07-16,32.660000000000004,5,3,5,0.4,0.6,0,0,7,16
1428,2018-07-17,7.16,3,2,2,0.0,0.6666666666666666,1,0,7,17
1428,2018-07-18,52.61,3,3,3,0.6666666666666666,0.3333333333333333,2,0,7,18
1428,2018-07-19,111.30000000000001,9,5,6,0.1111111111111111,0.8888888888888888,3,0,7,19
1428,2018-07-20,38.96,8,4,5,0.375,0.625,4,0,7,20
1428,2018-07-21,10.809999999999999,2,2,2,0.5,0.5,5,1,7,21
1428,2018-07-22,21.939999999999998,4,3,3,0.5,0.5,6,1,7,22
1428,2018-07-23,44.1,1,1,1,0.0,1.0,0,0,7,23
1428,2018-07-24,8.76,4,2,2,0.0,1.0,1,0,7,24
1428,2018-07-25,19.91,4,3,4,0.5,0.25,2,0,7,25
1428,2018-07-26,18.88,4,3,3,0.0,1.0,3,0,7,26
1428,2018-07-27,11.73,3,2,2,0.3333333333333333,0.6666666666666666,4,0,7,27
1428,2018-07-28,55.19,7,5,6,0.42857142857142855,0.5714285714285714,5,1,7,28
1428,2018-07-29,37.15,4,3,3,0.5,0.5,6,1,7,29
1428,2018-07-30,19.53,3,2,3,0.3333333333333333,0.6666666666666666,0,0,7,30
1428,2018-07-31,14.22,4,3,3,0.25,0.75,1,0,7,31
1428,2018-08-01,97.81,5,5,5,0.2,0.6,2,0,8,1
1428,2018-08-02,33.14,7,3,4,0.42857142857142855,0.5714285714285714,3,0,8,2
1428,2018-08-03,13.36,3,2,2,0.0,1.0,4,0,8,3
1428,2018-08-04,66.19,3,3,3,0.0,0.6666666666666666,5,1,8,4
1428,2018-08-05,68.32000000000001,9,4,6,0.2222222222222222,0.6666666666666666,6,1,8,5
1428,2018-08-06,23.86,2,2,2,0.5,0.5,0,0,8,6
1428,2018-08-07,43.0,7,2,6,0.2857142857142857,0.7142857142857143,1,0,8,7
1428,2018-08-08,71.06,7,4,6,0.5714285714285714,0.42857142857142855,2,0,8,8
1428,2018-08-09,54.22,7,3,4,0.7142857142857143,0.2857142857142857,3,0,8,9
1428,2018-08-10,25.060000000000002,5,3,4,0.2,0.8,4,0,8,10
1428,2018-08-11,18.07,4,3,3,0.0,1.0,5,1,8,11
1428,2018-08-12,14.69,4,3,3,0.0,1.0,6,1,8,12
1428,2018-08-13,63.019999999999996,6,3,5,0.16666666666666666,0.8333333333333334,0,0,8,13
1428,2018-08-14,28.4,4,2,4,0.5,0.5,1,0,8,14
1428,2018-08-15,17.27,4,3,3,0.0,1.0,2,0,8,15
1428,2018-08-16,38.129999999999995,6,4,4,0.0,1.0,3,0,8,16
1428,2018-08-17,43.129999999999995,9,4,4,0.3333333333333333,0.6666666666666666,4,0,8,17
1428,2018-08-18,22.97,4,3,3,0.25,0.75,5,1,8,18
1428,2018-08-19,6.96,1,1,1,1.0,0.0,6,1,8,19
1428,2018-08-20,50.05,3,2,3,0.3333333333333333,0.6666666666666666,0,0,8,20
1428,2018-08-21,60.13,4,3,4,0.5,0.5,1,0,8,21
1428,2018-08-22,61.29,5,4,4,0.4,0.6,2,0,8,22
1428,2018-08-23,31.93,6,4,5,0.16666666666666666,0.8333333333333334,3,0,8,23
1428,2018-08-24,19.77,4,2,3,0.25,0.75,4,0,8,24
1428,2018-08-25,17.05,4,2,2,0.25,0.75,5,1,8,25
1428,2018-08-26,1.72,1,1,1,0.0,1.0,6,1,8,26
1428,2018-08-28,5.9,3,1,2,0.0,1.0,1,0,8,28
1428,2018-08-29,19.24,5,3,4,0.2,0.8,2,0,8,29
1428,2018-08-30,14.1,3,3,3,0.0,1.0,3,0,8,30
1428,2018-08-31,58.38999999999999,7,5,5,0.0,1.0,4,0,8,31
1428,2018-09-01,15.839999999999998,3,3,3,0.3333333333333333,0.6666666666666666,5,1,9,1
1428,2018-09-02,16.71,3,3,3,0.0,1.0,6,1,9,2
1428,2018-09-03,39.79,5,3,3,0.4,0.6,0,0,9,3
1428,2018-09-04,54.19,5,3,3,0.4,0.6,1,0,9,4
1428,2018-09-05,44.68,7,5,7,0.2857142857142857,0.7142857142857143,2,0,9,5
1428,2018-09-06,16.27,4,2,3,0.25,0.75,3,0,9,6
1428,2018-09-07,31.89,6,4,5,0.3333333333333333,0.6666666666666666,4,0,9,7
1428,2018-09-08,15.629999999999999,4,3,3,0.0,1.0,5,1,9,8
1428,2018-09-09,53.28,4,4,4,0.25,0.75,6,1,9,9
1428,2018-09-10,11.48,3,2,2,0.3333333333333333,0.6666666666666666,0,0,9,10
1428,2018-09-11,11.11,2,1,1,0.0,1.0,1,0,9,11
1428,2018-09-12,23.549999999999997,3,3,3,0.0,1.0,2,0,9,12
1428,2018-09-13,11.35,2,2,2,0.5,0.5,3,0,9,13
1428,2018-09-14,25.689999999999998,6,3,4,0.16666666666666666,0.8333333333333334,4,0,9,14
1428,2018-09-15,34.15,7,4,5,0.42857142857142855,0.5714285714285714,5,1,9,15
1428,2018-09-16,22.96,4,3,4,0.25,0.75,6,1,9,16
1428,2018-09-17,28.310000000000002,4,3,3,0.0,1.0,0,0,9,17
1428,2018-09-18,16.57,2,1,1,0.0,1.0,1,0,9,18
1428,2018-09-19,19.939999999999998,4,4,4,0.25,0.75,2,0,9,19
1428,2018-09-20,20.63,4,3,4,0.25,0.75,3,0,9,20
1428,2018-09-21,45.35,5,4,4,0.2,0.8,4,0,9,21
1428,2018-09-22,27.22,3,1,2,1.0,0.0,5,1,9,22
1428,2018-09-23,54.48,5,4,4,0.2,0.8,6,1,9,23
1428,2018-09-24,46.61,5,3,3,0.2,0.8,0,0,9,24
1428,2018-09-25,84.8,7,6,7,0.2857142857142857,0.7142857142857143,1,0,9,25
1428,2018-09-26,14.77,5,2,2,0.2,0.8,2,0,9,26
1428,2018-09-27,68.52,6,4,5,0.16666666666666666,0.8333333333333334,3,0,9,27
1428,2018-09-29,38.24,3,3,3,0.3333333333333333,0.6666666666666666,5,1,9,29
1428,2018-09-30,21.08,4,3,4,0.25,0.75,6,1,9,30
1428,2018-10-01,34.540000000000006,5,4,4,0.0,1.0,0,0,10,1
1428,2018-10-02,38.089999999999996,4,4,4,0.25,0.75,1,0,10,2
1428,2018-10-03,46.79,4,3,3,0.25,0.75,2,0,10,3
1428,2018-10-04,24.41,6,4,4,0.0,1.0,3,0,10,4
1428,2018-10-05,19.09,4,2,3,0.25,0.75,4,0,10,5
1428,2018-10-06,34.1,7,4,5,0.14285714285714285,0.8571428571428571,5,1,10,6
1428,2018-10-07,42.06,6,2,3,0.3333333333333333,0.6666666666666666,6,1,10,7
1428,2018-10-08,40.79,8,3,4,0.125,0.875,0,0,10,8
1428,2018-10-09,19.7,3,2,3,0.6666666666666666,0.3333333333333333,1,0,10,9
1428,2018-10-10,31.82,5,3,4,0.4,0.6,2,0,10,10
1428,2018-10-11,51.37,5,4,5,0.2,0.8,3,0,10,11
1428,2018-10-12,3.21,2,1,1,0.0,1.0,4,0,10,12
1428,2018-10-13,30.0,6,3,4,0.3333333333333333,0.6666666666666666,5,1,10,13
1428,2018-10-14,33.19,5,3,4,0.6,0.4,6,1,10,14
1428,2018-10-15,5.99,1,1,1,1.0,0.0,0,0,10,15
1428,2018-10-16,45.56999999999999,3,2,3,0.0,1.0,1,0,10,16
1428,2018-10-17,53.03999999999999,7,5,6,0.14285714285714285,0.8571428571428571,2,0,10,17
1428,2018-10-18,16.98,5,2,2,0.4,0.6,3,0,10,18
1428,2018-10-19,25.33,2,2,2,0.0,1.0,4,0,10,19
1428,2018-10-20,23.27,4,3,4,0.25,0.75,5,1,10,20
1428,2018-10-21,29.130000000000003,7,4,5,0.2857142857142857,0.7142857142857143,6,1,10,21
1428,2018-10-22,22.91,4,3,4,0.25,0.75,0,0,10,22
1428,2018-10-23,9.11,1,1,1,0.0,1.0,1,0,10,23
1428,2018-10-24,27.94,5,3,4,0.2,0.8,2,0,10,24
1428,2018-10-25,51.28,6,3,4,0.16666666666666666,0.8333333333333334,3,0,10,25
1428,2018-10-26,16.39,5,4,4,0.0,1.0,4,0,10,26
1428,2018-10-27,17.05,3,2,3,0.3333333333333333,0.6666666666666666,5,1,10,27
1428,2018-10-28,62.0,5,4,4,0.2,0.8,6,1,10,28
1428,2018-10-29,31.910000000000004,4,2,3,0.25,0.75,0,0,10,29
1428,2018-10-30,40.52,5,4,4,0.2,0.8,1,0,10,30
1428,2018-10-31,7.9399999999999995,4,2,2,0.0,1.0,2,0,10,31
1428,2018-11-01,23.63,4,3,4,0.5,0.5,3,0,11,1
1428,2018-11-02,55.800000000000004,8,6,6,0.125,0.75,4,0,11,2
1428,2018-11-03,26.1,5,3,4,0.4,0.4,5,1,11,3
1428,2018-11-04,14.43,2,2,2,0.5,0.5,6,1,11,4
1428,2018-11-05,22.26,4,3,3,0.5,0.25,0,0,11,5
1428,2018-11-06,30.019999999999996,6,4,4,0.16666666666666666,0.8333333333333334,1,0,11,6
1428,2018-11-07,69.50999999999999,5,3,4,0.2,0.8,2,0,11,7
1428,2018-11-08,15.479999999999999,3,3,3,0.0,1.0,3,0,11,8
1428,2018-11-09,26.42,4,2,4,0.25,0.75,4,0,11,9
1428,2018-11-10,39.21,7,3,5,0.2857142857142857,0.7142857142857143,5,1,11,10
1428,2018-11-11,36.800000000000004,5,2,2,0.0,1.0,6,1,11,11
1428,2018-11-12,8.5,1,1,1,1.0,0.0,0,0,11,12
1428,2018-11-13,44.14,8,2,3,0.125,0.875,1,0,11,13
1428,2018-11-14,12.899999999999999,4,3,3,0.25,0.75,2,0,11,14
1428,2018-11-15,3.05,2,1,1,0.0,1.0,3,0,11,15
1428,2018-11-16,52.81,4,2,3,0.5,0.5,4,0,11,16
1428,2018-11-17,35.879999999999995,8,4,5,0.375,0.625,5,1,11,17
1428,2018-11-18,49.5,8,4,5,0.125,0.625,6,1,11,18
1428,2018-11-19,1.35,1,1,1,0.0,1.0,0,0,11,19
1428,2018-11-20,3.59,2,1,1,0.0,1.0,1,0,11,20
1428,2018-11-21,48.300000000000004,5,4,4,0.0,1.0,2,0,11,21
1428,2018-11-22,45.53,5,4,4,0.0,1.0,3,0,11,22
1428,2018-11-23,15.95,4,3,3,0.0,1.0,4,0,11,23
1428,2018-11-24,18.43,4,3,4,0.5,0.25,5,1,11,24
1428,2018-11-25,11.02,2,2,2,0.5,0.5,6,1,11,25
1428,2018-11-26,57.47,3,3,3,0.6666666666666666,0.3333333333333333,0,0,11,26
1428,2018-11-27,13.66,3,3,3,0.3333333333333333,0.6666666666666666,1,0,11,27
1428,2018-11-28,28.29,5,3,5,0.2,0.8,2,0,11,28
1428,2018-11-29,17.78,4,3,3,0.25,0.75,3,0,11,29
1428,2018-11-30,19.28,4,3,3,0.25,0.75,4,0,11,30
1428,2018-12-01,21.54,4,3,3,0.25,0.75,5,1,12,1
1428,2018-12-02,19.72,5,3,3,0.4,0.6,6,1,12,2
1428,2018-12-03,43.15,7,4,5,0.42857142857142855,0.5714285714285714,0,0,12,3
1428,2018-12-04,57.25,5,4,4,0.0,1.0,1,0,12,4
1428,2018-12-05,54.89,9,4,6,0.4444444444444444,0.5555555555555556,2,0,12,5
1428,2018-12-06,26.04,5,3,4,0.2,0.6,3,0,12,6
1428,2018-12-07,1.56,1,1,1,0.0,1.0,4,0,12,7
1428,2018-12-08,8.77,3,2,2,0.0,1.0,5,1,12,8
1428,2018-12-09,18.1,4,3,4,0.25,0.75,6,1,12,9
1428,2018-12-10,60.379999999999995,4,2,3,0.5,0.5,0,0,12,10
1428,2018-12-11,12.55,4,2,2,0.25,0.75,1,0,12,11
1428,2018-12-12,30.620000000000005,6,3,4,0.16666666666666666,0.6666666666666666,2,0,12,12
1428,2018-12-13,28.64,5,4,5,0.4,0.4,3,0,12,13
1428,2018-12-14,51.8,5,3,3,0.0,0.8,4,0,12,14
1428,2018-12-15,46.9,5,4,5,0.2,0.8,5,1,12,15
1428,2018-12-16,10.18,1,1,1,1.0,0.0,6,1,12,16
1428,2018-12-17,16.560000000000002,4,2,3,0.5,0.5,0,0,12,17
1428,2018-12-18,30.14,4,2,3,0.25,0.75,1,0,12,18
1428,2018-12-19,21.799999999999997,5,3,4,0.2,0.8,2,0,12,19
1428,2018-12-20,18.07,4,4,4,0.25,0.75,3,0,12,20
1428,2018-12-21,65.66,5,4,4,0.4,0.6,4,0,12,21
1428,2018-12-22,55.36,5,4,5,0.2,0.8,5,1,12,22
1428,2018-12-23,27.44,5,3,4,0.2,0.8,6,1,12,23
1428,2018-12-24,12.21,3,3,3,0.3333333333333333,0.6666666666666666,0,0,12,24
1428,2018-12-25,32.29,7,4,5,0.14285714285714285,0.7142857142857143,1,0,12,25
1428,2018-12-26,22.310000000000002,5,3,4,0.0,1.0,2,0,12,26
1428,2018-12-27,59.22,6,4,5,0.3333333333333333,0.6666666666666666,3,0,12,27
1428,2018-12-28,12.290000000000001,3,2,2,0.3333333333333333,0.6666666666666666,4,0,12,28
1428,2018-12-29,24.98,4,3,4,0.5,0.5,5,1,12,29
1428,2018-12-30,12.360000000000001,3,3,3,0.3333333333333333,0.6666666666666666,6,1,12,30
1428,2018-12-31,19.45,4,2,2,0.0,1.0,0,0,12,31
1428,2019-01-01,33.81,4,3,3,0.25,0.75,1,0,1,1
1428,2019-01-02,2.71,2,1,1,0.0,1.0,2,0,1,2
1428,2019-01-03,28.75,3,1,3,0.6666666666666666,0.3333333333333333,3,0,1,3
1428,2019-01-04,26.400000000000006,7,4,4,0.14285714285714285,0.8571428571428571,4,0,1,4
1428,2019-01-05,26.68,5,3,4,0.4,0.6,5,1,1,5
1428,2019-01-06,6.73,3,2,2,0.0,1.0,6,1,1,6
1428,2019-01-07,64.15,7,4,4,0.2857142857142857,0.7142857142857143,0,0,1,7
1428,2019-01-08,39.56,3,3,3,0.0,0.6666666666666666,1,0,1,8
1428,2019-01-09,12.0,2,2,2,0.5,0.5,2,0,1,9
1428,2019-01-10,25.79,5,3,4,0.4,0.6,3,0,1,10
1428,2019-01-11,18.85,5,4,4,0.2,0.8,4,0,1,11
1428,2019-01-12,28.879999999999995,6,4,4,0.0,1.0,5,1,1,12
1428,2019-01-13,48.64,4,3,3,0.0,1.0,6,1,1,13
1428,2019-01-14,41.66,8,3,5,0.125,0.875,0,0,1,14
1428,2019-01-15,30.490000000000002,4,3,4,0.25,0.75,1,0,1,15
1428,2019-01-16,48.839999999999996,3,2,3,0.6666666666666666,0.0,2,0,1,16
1428,2019-01-17,89.66,9,6,7,0.1111111111111111,0.7777777777777778,3,0,1,17
1428,2019-01-18,40.23,4,3,3,0.5,0.5,4,0,1,18
1428,2019-01-19,41.03,4,4,4,0.25,0.75,5,1,1,19
1428,2019-01-20,13.43,4,2,2,0.5,0.5,6,1,1,20
1428,2019-01-21,33.42,6,3,4,0.16666666666666666,0.8333333333333334,0,0,1,21
1428,2019-01-22,51.44,4,3,4,0.5,0.5,1,0,1,22
1428,2019-01-23,16.41,4,3,3,0.25,0.75,2,0,1,23
1428,2019-01-24,9.11,2,2,2,0.0,1.0,3,0,1,24
1428,2019-01-25,11.32,2,2,2,0.0,1.0,4,0,1,25
1428,2019-01-26,6.65,3,2,2,0.3333333333333333,0.6666666666666666,5,1,1,26
1428,2019-01-27,46.550000000000004,3,3,3,0.3333333333333333,0.6666666666666666,6,1,1,27
1428,2019-01-28,17.549999999999997,4,3,3,0.25,0.75,0,0,1,28
1428,2019-01-29,34.94,4,3,3,0.0,1.0,1,0,1,29
1428,2019-01-30,20.580000000000002,3,2,2,0.6666666666666666,0.3333333333333333,2,0,1,30
1428,2019-01-31,18.2,5,3,3,0.2,0.8,3,0,1,31
1428,2019-02-01,28.0,5,4,5,0.2,0.8,4,0,2,1
1428,2019-02-02,46.7,3,2,2,1.0,0.0,5,1,2,2
1428,2019-02-03,15.34,1,1,1,0.0,1.0,6,1,2,3
1428,2019-02-04,29.69,4,2,3,0.75,0.25,0,0,2,4
1428,2019-02-05,14.620000000000001,6,2,2,0.16666666666666666,0.8333333333333334,1,0,2,5
1428,2019-02-06,14.98,2,1,1,1.0,0.0,2,0,2,6
1428,2019-02-07,54.42,6,4,5,0.16666666666666666,0.8333333333333334,3,0,2,7
1428,2019-02-08,108.9,6,6,6,0.3333333333333333,0.5,4,0,2,8
1428,2019-02-09,55.27,6,4,5,0.5,0.5,5,1,2,9
1428,2019-02-10,38.54,8,4,5,0.25,0.75,6,1,2,10
1428,2019-02-11,52.1,4,2,4,0.5,0.5,0,0,2,11
1428,2019-02-12,30.89,5,4,4,0.4,0.4,1,0,2,12
1428,2019-02-13,12.219999999999999,2,2,2,0.5,0.5,2,0,2,13
1428,2019-02-14,16.56,4,3,3,0.25,0.75,3,0,2,14
1428,2019-02-15,28.03,6,3,3,0.3333333333333333,0.5,4,0,2,15
1428,2019-02-16,36.400000000000006,5,2,3,0.2,0.8,5,1,2,16
1428,2019-02-17,84.44,8,3,5,0.125,0.75,6,1,2,17
1428,2019-02-18,18.04,3,2,2,0.0,0.3333333333333333,0,0,2,18
1428,2019-02-19,22.88,6,4,4,0.0,0.8333333333333334,1,0,2,19
1428,2019-02-20,16.04,3,2,2,0.6666666666666666,0.3333333333333333,2,0,2,20
1428,2019-02-21,80.78,7,5,6,0.42857142857142855,0.5714285714285714,3,0,2,21
1428,2019-02-22,33.9,7,4,4,0.2857142857142857,0.7142857142857143,4,0,2,22
1428,2019-02-23,40.43,7,4,5,0.14285714285714285,0.5714285714285714,5,1,2,23
1428,2019-02-24,43.19,7,4,4,0.2857142857142857,0.7142857142857143,6,1,2,24
1428,2019-02-25,30.04,6,4,4,0.3333333333333333,0.6666666666666666,0,0,2,25
1428,2019-02-26,29.04,4,2,4,0.5,0.5,1,0,2,26
1428,2019-02-27,19.59,5,3,3,0.4,0.6,2,0,2,27
1428,2019-02-28,35.629999999999995,6,3,5,0.3333333333333333,0.5,3,0,2,28
1428,2019-03-01,52.730000000000004,5,4,4,0.0,1.0,4,0,3,1
1428,2019-03-02,63.19,8,4,5,0.5,0.5,5,1,3,2
1428,2019-03-03,34.18,8,3,5,0.25,0.75,6,1,3,3
1428,2019-03-04,37.69,5,3,4,0.2,0.8,0,0,3,4
1428,2019-03-05,48.36,3,3,3,0.0,1.0,1,0,3,5
1428,2019-03-06,10.89,1,1,1,1.0,0.0,2,0,3,6
1428,2019-03-07,58.24,5,3,4,0.4,0.6,3,0,3,7
1428,2019-03-08,33.58,6,3,4,0.5,0.5,4,0,3,8
1428,2019-03-09,56.71000000000001,5,4,4,0.2,0.8,5,1,3,9
1428,2019-03-10,1.19,1,1,1,0.0,1.0,6,1,3,10
1428,2019-03-11,15.79,3,3,3,0.0,1.0,0,0,3,11
1428,2019-03-12,43.89999999999999,4,4,4,0.0,1.0,1,0,3,12
1428,2019-03-13,1.6,1,1,1,0.0,1.0,2,0,3,13
1428,2019-03-14,30.150000000000002,5,4,5,0.4,0.6,3,0,3,14
1428,2019-03-15,92.91,5,5,5,0.4,0.6,4,0,3,15
1428,2019-03-16,36.08,6,3,4,0.16666666666666666,0.8333333333333334,5,1,3,16
1428,2019-03-17,9.95,1,1,1,1.0,0.0,6,1,3,17
1428,2019-03-18,69.87,8,3,4,0.125,0.875,0,0,3,18
1428,2019-03-19,27.43,4,3,4,0.5,0.5,1,0,3,19
1428,2019-03-20,27.07,3,1,3,0.6666666666666666,0.3333333333333333,2,0,3,20
1428,2019-03-21,6.46,3,2,2,0.0,1.0,3,0,3,21
1428,2019-03-22,37.32,5,3,3,0.0,1.0,4,0,3,22
1428,2019-03-23,14.950000000000001,3,2,2,0.3333333333333333,0.6666666666666666,5,1,3,23
1428,2019-03-24,11.879999999999999,3,3,3,0.3333333333333333,0.3333333333333333,6,1,3,24
1428,2019-03-25,23.72,5,2,3,0.2,0.8,0,0,3,25
1428,2019-03-26,13.01,3,2,2,0.3333333333333333,0.6666666666666666,1,0,3,26
1428,2019-03-27,19.52,3,2,3,0.6666666666666666,0.3333333333333333,2,0,3,27
1428,2019-03-28,26.78,5,2,4,0.4,0.6,3,0,3,28
1428,2019-03-29,18.82,5,3,3,0.2,0.6,4,0,3,29
1428,2019-03-30,88.69,8,4,6,0.125,0.875,5,1,3,30
1428,2019-03-31,14.8,4,3,3,0.25,0.75,6,1,3,31
1428,2019-04-01,18.6,3,2,3,0.3333333333333333,0.6666666666666666,0,0,4,1
1428,2019-04-02,54.379999999999995,6,4,4,0.16666666666666666,0.8333333333333334,1,0,4,2
1428,2019-04-03,14.98,4,3,3,0.25,0.75,2,0,4,3
1428,2019-04-04,34.1,4,2,3,0.75,0.25,3,0,4,4
1428,2019-04-05,36.64,4,1,2,0.0,1.0,4,0,4,5
1428,2019-04-06,19.31,4,4,4,0.0,0.75,5,1,4,6
1428,2019-04-07,54.38,5,4,4,0.0,0.8,6,1,4,7
1428,2019-04-08,14.99,5,2,3,0.0,1.0,0,0,4,8
1428,2019-04-09,68.53,7,5,5,0.0,0.8571428571428571,1,0,4,9
1428,2019-04-10,17.72,3,2,3,0.0,1.0,2,0,4,10
1428,2019-04-11,39.64999999999999,4,2,2,0.0,1.0,3,0,4,11
1428,2019-04-12,58.38,8,4,5,0.25,0.75,4,0,4,12
1428,2019-04-13,7.31,4,2,2,0.0,1.0,5,1,4,13
1428,2019-04-14,84.59,7,5,5,0.14285714285714285,0.7142857142857143,6,1,4,14
1428,2019-04-15,15.62,3,3,3,0.3333333333333333,0.6666666666666666,0,0,4,15
1428,2019-04-16,55.059999999999995,4,3,3,0.0,0.75,1,0,4,16
1428,2019-04-17,33.39,6,3,3,0.5,0.3333333333333333,2,0,4,17
1428,2019-04-18,16.24,5,4,4,0.2,0.8,3,0,4,18
1428,2019-04-19,58.08,6,5,6,0.3333333333333333,0.6666666666666666,4,0,4,19
1428,2019-04-20,29.949999999999996,5,3,3,0.4,0.6,5,1,4,20
1428,2019-04-21,54.19,7,5,5,0.14285714285714285,0.7142857142857143,6,1,4,21
1428,2019-04-22,72.14,4,4,4,0.0,0.75,0,0,4,22
1428,2019-04-23,24.88,4,3,4,0.25,0.75,1,0,4,23
1428,2019-04-24,50.09,5,4,5,0.2,0.8,2,0,4,24
1428,2019-04-25,50.31,9,4,4,0.2222222222222222,0.7777777777777778,3,0,4,25
1428,2019-04-26,23.17,4,2,3,0.25,0.75,4,0,4,26
1428,2019-04-27,38.45,6,3,4,0.3333333333333333,0.6666666666666666,5,1,4,27
1428,2019-04-28,23.71,4,3,3,0.5,0.5,6,1,4,28
1428,2019-04-29,18.560000000000002,5,2,3,0.0,1.0,0,0,4,29
1428,2019-04-30,39.04,5,4,4,0.2,0.6,1,0,4,30
1428,2019-05-01,5.3,1,1,1,0.0,1.0,2,0,5,1
1428,2019-05-02,27.71,5,4,4,0.0,0.8,3,0,5,2
1428,2019-05-03,14.73,4,3,3,0.0,0.75,4,0,5,3
1428,2019-05-04,40.39,7,3,4,0.14285714285714285,0.8571428571428571,5,1,5,4
1428,2019-05-05,17.09,4,2,3,0.25,0.75,6,1,5,5
1428,2019-05-06,9.209999999999999,3,2,3,0.0,1.0,0,0,5,6
1428,2019-05-07,31.380000000000003,2,2,2,0.5,0.5,1,0,5,7
1428,2019-05-08,10.09,1,1,1,1.0,0.0,2,0,5,8
1428,2019-05-09,31.22,5,3,5,0.4,0.6,3,0,5,9
1428,2019-05-10,15.19,4,3,4,0.25,0.75,4,0,5,10
1428,2019-05-11,69.8,8,4,4,0.125,0.875,5,1,5,11
1428,2019-05-12,6.550000000000001,2,2,2,0.0,1.0,6,1,5,12
1428,2019-05-13,36.15,5,2,4,0.6,0.4,0,0,5,13
1428,2019-05-14,15.110000000000001,3,3,3,0.0,1.0,1,0,5,14
1428,2019-05-15,10.34,2,2,2,0.5,0.5,2,0,5,15
1428,2019-05-16,18.439999999999998,4,3,4,0.25,0.75,3,0,5,16
1428,2019-05-17,28.159999999999997,3,3,3,0.3333333333333333,0.6666666666666666,4,0,5,17
1428,2019-05-18,41.55,5,5,5,0.2,0.8,5,1,5,18
1428,2019-05-19,34.95,8,4,4,0.0,1.0,6,1,5,19
1428,2019-05-20,21.18,3,2,2,0.6666666666666666,0.3333333333333333,0,0,5,20
1428,2019-05-21,18.18,3,2,3,0.3333333333333333,0.6666666666666666,1,0,5,21
1428,2019-05-22,26.09,3,2,3,0.6666666666666666,0.3333333333333333,2,0,5,22
1428,2019-05-23,13.14,3,2,2,0.0,1.0,3,0,5,23
1428,2019-05-24,15.31,4,3,3,0.25,0.75,4,0,5,24
1428,2019-05-25,32.33,4,2,3,0.5,0.5,5,1,5,25
1428,2019-05-26,2.13,2,1,1,0.0,1.0,6,1,5,26
1428,2019-05-27,2.6,2,1,1,0.0,0.0,0,0,5,27
1428,2019-05-28,58.82000000000001,7,3,5,0.2857142857142857,0.14285714285714285,1,0,5,28
1428,2019-05-29,22.03,5,3,4,0.2,0.4,2,0,5,29
1428,2019-05-30,12.229999999999999,3,2,3,0.3333333333333333,0.6666666666666666,3,0,5,30
1428,2019-05-31,31.970000000000002,9,4,4,0.2222222222222222,0.7777777777777778,4,0,5,31
1428,2019-06-01,13.34,2,2,2,0.5,0.5,5,1,6,1
1428,2019-06-02,30.64,5,3,4,0.4,0.6,6,1,6,2
1428,2019-06-03,26.520000000000003,6,3,3,0.3333333333333333,0.6666666666666666,0,0,6,3
1428,2019-06-04,12.02,3,2,2,0.3333333333333333,0.6666666666666666,1,0,6,4
1428,2019-06-05,13.010000000000002,4,3,3,0.25,0.75,2,0,6,5
1428,2019-06-06,45.26,2,2,2,0.5,0.5,3,0,6,6
1428,2019-06-07,35.89,3,3,3,0.0,1.0,4,0,6,7
1428,2019-06-08,40.42,7,3,4,0.14285714285714285,0.8571428571428571,5,1,6,8
1428,2019-06-09,30.41,6,3,4,0.16666666666666666,0.8333333333333334,6,1,6,9
1428,2019-06-10,77.17,9,4,5,0.1111111111111111,0.8888888888888888,0,0,6,10
1428,2019-06-11,67.66,6,3,4,0.3333333333333333,0.6666666666666666,1,0,6,11
1428,2019-06-12,22.54,3,2,3,0.3333333333333333,0.3333333333333333,2,0,6,12
1428,2019-06-13,47.12,4,4,4,0.0,1.0,3,0,6,13
1428,2019-06-14,10.61,2,2,2,0.0,1.0,4,0,6,14
1428,2019-06-15,26.349999999999998,4,3,4,0.25,0.5,5,1,6,15
1428,2019-06-16,30.310000000000002,2,2,2,0.0,1.0,6,1,6,16
1428,2019-06-17,19.73,5,3,3,0.0,1.0,0,0,6,17
1428,2019-06-18,1.35,1,1,1,0.0,1.0,1,0,6,18
1428,2019-06-19,61.58,5,3,5,0.4,0.4,2,0,6,19
1428,2019-06-20,3.7,1,1,1,0.0,1.0,3,0,6,20
1428,2019-06-21,66.69,7,4,6,0.2857142857142857,0.7142857142857143,4,0,6,21
1428,2019-06-22,13.6,3,3,3,0.0,1.0,5,1,6,22
1428,2019-06-23,30.48,4,2,3,0.25,0.75,6,1,6,23
1428,2019-06-24,14.9,5,3,4,0.2,0.8,0,0,6,24
1428,2019-06-25,22.35,4,2,3,0.25,0.75,1,0,6,25
1428,2019-06-26,10.270000000000001,2,2,2,0.0,1.0,2,0,6,26
1428,2019-06-27,44.47,5,4,5,0.4,0.6,3,0,6,27
1428,2019-06-28,36.349999999999994,4,4,4,0.25,0.75,4,0,6,28
1428,2019-06-29,88.68,6,5,6,0.16666666666666666,0.8333333333333334,5,1,6,29
1428,2019-06-30,22.529999999999998,6,3,4,0.3333333333333333,0.6666666666666666,6,1,6,30
1428,2019-07-01,4.18,2,2,2,0.0,1.0,0,0,7,1
1428,2019-07-02,7.43,2,2,2,0.0,1.0,1,0,7,2
1428,2019-07-03,48.14,2,2,2,0.0,1.0,2,0,7,3
1428,2019-07-04,66.45,5,3,5,0.2,0.8,3,0,7,4
1428,2019-07-05,25.43,4,3,3,0.0,1.0,4,0,7,5
1428,2019-07-06,16.43,4,3,3,0.0,1.0,5,1,7,6
1428,2019-07-07,23.47,5,2,3,0.2,0.8,6,1,7,7
1428,2019-07-08,26.619999999999997,6,3,3,0.3333333333333333,0.6666666666666666,0,0,7,8
1428,2019-07-09,33.11,4,2,4,0.5,0.5,1,0,7,9
1428,2019-07-10,39.269999999999996,3,3,3,0.3333333333333333,0.6666666666666666,2,0,7,10
1428,2019-07-11,88.0,7,3,4,0.0,0.8571428571428571,3,0,7,11
1428,2019-07-12,7.289999999999999,2,2,2,0.0,1.0,4,0,7,12
1428,2019-07-13,84.94000000000001,12,4,6,0.08333333333333333,0.9166666666666666,5,1,7,13
1428,2019-07-14,10.110000000000001,4,2,2,0.0,1.0,6,1,7,14
1428,2019-07-15,32.03,6,3,4,0.3333333333333333,0.6666666666666666,0,0,7,15
1428,2019-07-16,19.75,3,2,3,0.3333333333333333,0.6666666666666666,1,0,7,16
1428,2019-07-17,17.08,4,4,4,0.25,0.5,2,0,7,17
1428,2019-07-18,0.81,1,1,1,0.0,1.0,3,0,7,18
1428,2019-07-19,10.34,2,2,2,0.5,0.5,4,0,7,19
1428,2019-07-20,45.19,3,3,3,0.3333333333333333,0.3333333333333333,5,1,7,20
1428,2019-07-21,23.71,3,2,3,0.3333333333333333,0.6666666666666666,6,1,7,21
1428,2019-07-22,63.11,6,4,4,0.16666666666666666,0.8333333333333334,0,0,7,22
1428,2019-07-23,29.41,3,1,2,1.0,0.0,1,0,7,23
1428,2019-07-24,28.65,4,2,4,0.5,0.5,2,0,7,24
1428,2019-07-25,32.66,6,3,4,0.5,0.5,3,0,7,25
1428,2019-07-26,51.120000000000005,8,3,5,0.125,0.875,4,0,7,26
1428,2019-07-27,22.67,4,2,3,0.5,0.5,5,1,7,27
1428,2019-07-28,49.07,6,4,5,0.3333333333333333,0.6666666666666666,6,1,7,28
1428,2019-07-29,11.42,2,2,2,0.5,0.5,0,0,7,29
1428,2019-07-30,17.86,5,3,3,0.2,0.8,1,0,7,30
1428,2019-07-31,18.04,3,2,3,0.3333333333333333,0.6666666666666666,2,0,7,31
1428,2019-08-01,24.07,5,4,4,0.0,1.0,3,0,8,1
1428,2019-08-02,10.49,4,3,3,0.25,0.75,4,0,8,2
1428,2019-08-03,25.32,6,3,4,0.3333333333333333,0.6666666666666666,5,1,8,3
1428,2019-08-04,17.65,2,1,1,1.0,0.0,6,1,8,4
1428,2019-08-05,21.46,4,4,4,0.0,1.0,0,0,8,5
1428,2019-08-06,19.58,3,2,2,0.6666666666666666,0.3333333333333333,1,0,8,6
1428,2019-08-07,31.18,4,2,4,0.5,0.5,2,0,8,7
1428,2019-08-08,110.97,9,5,6,0.1111111111111111,0.7777777777777778,3,0,8,8
1428,2019-08-09,10.83,2,2,2,0.5,0.5,4,0,8,9
1428,2019-08-10,13.52,3,3,3,0.0,1.0,5,1,8,10
1428,2019-08-11,8.209999999999999,3,2,2,0.0,1.0,6,1,8,11
1428,2019-08-12,50.510000000000005,6,4,5,0.16666666666666666,0.8333333333333334,0,0,8,12
1428,2019-08-13,12.270000000000001,2,2,2,0.5,0.5,1,0,8,13
1428,2019-08-14,29.810000000000002,5,3,5,0.2,0.8,2,0,8,14
1428,2019-08-15,25.71,7,4,6,0.2857142857142857,0.7142857142857143,3,0,8,15
1428,2019-08-16,66.87,8,5,6,0.25,0.625,4,0,8,16
1428,2019-08-17,48.239999999999995,6,2,3,0.0,1.0,5,1,8,17
1428,2019-08-18,12.37,2,2,2,0.5,0.5,6,1,8,18
1428,2019-08-19,63.1,6,3,4,0.5,0.5,0,0,8,19
1428,2019-08-20,10.88,2,2,2,0.5,0.5,1,0,8,20
1428,2019-08-21,36.46,8,3,3,0.375,0.625,2,0,8,21
1428,2019-08-22,47.03,7,4,5,0.42857142857142855,0.42857142857142855,3,0,8,22
1428,2019-08-23,47.64,7,3,5,0.5714285714285714,0.42857142857142855,4,0,8,23
1428,2019-08-24,28.91,4,3,3,0.5,0.5,5,1,8,24
1428,2019-08-25,16.68,4,4,4,0.25,0.5,6,1,8,25
1428,2019-08-26,41.29,6,3,4,0.16666666666666666,0.8333333333333334,0,0,8,26
1428,2019-08-27,13.02,4,2,2,0.0,1.0,1,0,8,27
1428,2019-08-28,18.36,2,1,1,0.0,1.0,2,0,8,28
1428,2019-08-29,2.55,2,1,1,0.0,1.0,3,0,8,29
1428,2019-08-30,9.61,3,2,2,0.3333333333333333,0.6666666666666666,4,0,8,30
1428,2019-08-31,9.48,4,3,3,0.0,0.75,5,1,8,31
1428,2019-09-01,69.03,9,4,5,0.3333333333333333,0.6666666666666666,6,1,9,1
1428,2019-09-02,1.53,1,1,1,0.0,1.0,0,0,9,2
1428,2019-09-04,14.41,4,4,4,0.25,0.5,2,0,9,4
1428,2019-09-05,24.41,4,3,3,0.5,0.5,3,0,9,5
1428,2019-09-06,18.8,3,2,2,0.6666666666666666,0.3333333333333333,4,0,9,6
1428,2019-09-07,62.34,3,2,2,0.6666666666666666,0.3333333333333333,5,1,9,7
1428,2019-09-08,25.36,5,3,4,0.2,0.8,6,1,9,8
1428,2019-09-09,43.790000000000006,3,3,3,0.3333333333333333,0.6666666666666666,0,0,9,9
1428,2019-09-10,8.9,1,1,1,0.0,1.0,1,0,9,10
1428,2019-09-11,52.86,4,4,4,0.25,0.75,2,0,9,11
1428,2019-09-12,12.740000000000002,3,3,3,0.3333333333333333,0.6666666666666666,3,0,9,12
1428,2019-09-13,32.980000000000004,4,2,2,0.0,1.0,4,0,9,13
1428,2019-09-14,5.39,1,1,1,0.0,1.0,5,1,9,14
1428,2019-09-15,26.18,6,3,3,0.0,1.0,6,1,9,15
1428,2019-09-16,47.13,7,3,3,0.0,1.0,0,0,9,16
1428,2019-09-17,29.39,5,2,4,0.4,0.6,1,0,9,17
1428,2019-09-19,65.99000000000001,5,4,5,0.4,0.6,3,0,9,19
1428,2019-09-20,54.730000000000004,5,3,3,0.2,0.8,4,0,9,20
1428,2019-09-21,28.92,6,4,5,0.16666666666666666,0.8333333333333334,5,1,9,21
1428,2019-09-22,38.76,3,3,3,0.0,1.0,6,1,9,22
1428,2019-09-23,32.53,6,2,4,0.3333333333333333,0.6666666666666666,0,0,9,23
1428,2019-09-24,14.930000000000001,3,3,3,0.0,1.0,1,0,9,24
1428,2019-09-25,32.75,5,2,4,0.4,0.6,2,0,9,25
1428,2019-09-26,12.530000000000001,2,2,2,0.5,0.5,3,0,9,26
1428,2019-09-27,58.81,8,4,7,0.25,0.75,4,0,9,27
1428,2019-09-28,24.619999999999997,4,3,3,0.0,1.0,5,1,9,28
1428,2019-09-29,20.7,5,3,3,0.0,1.0,6,1,9,29
1428,2019-09-30,29.25,7,3,4,0.14285714285714285,0.8571428571428571,0,0,9,30
1428,2019-10-01,63.150000000000006,8,3,3,0.0,1.0,1,0,10,1
1428,2019-10-02,33.43,5,3,4,0.2,0.6,2,0,10,2
1428,2019-10-03,28.1,5,4,4,0.4,0.4,3,0,10,3
1428,2019-10-04,24.189999999999998,5,3,3,0.4,0.4,4,0,10,4
1428,2019-10-05,47.59,4,2,4,0.5,0.5,5,1,10,5
1428,2019-10-06,11.61,2,2,2,0.5,0.5,6,1,10,6
1428,2019-10-07,19.43,4,3,3,0.0,1.0,0,0,10,7
1428,2019-10-08,99.42999999999999,9,5,6,0.3333333333333333,0.6666666666666666,1,0,10,8
1428,2019-10-09,85.72,11,5,7,0.45454545454545453,0.5454545454545454,2,0,10,9
1428,2019-10-10,41.39,4,3,3,0.5,0.25,3,0,10,10
1428,2019-10-11,78.41,7,3,4,0.14285714285714285,0.8571428571428571,4,0,10,11
1428,2019-10-12,21.32,4,1,2,0.0,1.0,5,1,10,12
1428,2019-10-13,51.24,7,3,5,0.14285714285714285,0.8571428571428571,6,1,10,13
1428,2019-10-14,53.6,7,4,5,0.14285714285714285,0.8571428571428571,0,0,10,14
1428,2019-10-15,10.52,3,2,2,0.3333333333333333,0.6666666666666666,1,0,10,15
1428,2019-10-16,29.53,3,1,3,0.6666666666666666,0.3333333333333333,2,0,10,16
1428,2019-10-17,88.14,5,3,5,0.6,0.4,3,0,10,17
1428,2019-10-18,7.02,4,2,2,0.25,0.75,4,0,10,18
1428,2019-10-19,17.92,3,2,2,0.6666666666666666,0.3333333333333333,5,1,10,19
1428,2019-10-20,46.34,6,4,4,0.16666666666666666,0.8333333333333334,6,1,10,20
1428,2019-10-21,51.6,6,4,6,0.16666666666666666,0.6666666666666666,0,0,10,21
1428,2019-10-22,43.48,6,3,3,0.16666666666666666,0.8333333333333334,1,0,10,22
1428,2019-10-23,21.1,4,3,3,0.0,0.75,2,0,10,23
1428,2019-10-24,34.699999999999996,7,3,4,0.14285714285714285,0.7142857142857143,3,0,10,24
1428,2019-10-26,9.72,3,3,3,0.3333333333333333,0.6666666666666666,5,1,10,26
1428,2019-10-27,17.01,4,3,3,0.25,0.75,6,1,10,27
1428,2019-10-28,9.12,4,2,2,0.25,0.75,0,0,10,28
1428,2019-10-29,35.89,3,3,3,0.0,1.0,1,0,10,29
1428,2019-10-30,49.21,5,3,3,0.0,1.0,2,0,10,30
1428,2019-10-31,5.62,3,2,2,0.0,1.0,3,0,10,31
