client_id,date_day,daily_spend,tx_count,unique_mcc,unique_merchants,online_ratio,chip_ratio,day_of_week,is_weekend,month,day_of_month
180,2010-01-01,122.76,5,4,4,0.2,0.0,4,0,1,1
180,2010-01-02,76.33,4,4,4,0.25,0.0,5,1,1,2
180,2010-01-04,76.28,3,3,3,0.3333333333333333,0.0,0,0,1,4
180,2010-01-05,200.35999999999999,2,2,2,0.0,0.0,1,0,1,5
180,2010-01-06,27.39,2,2,2,0.0,0.0,2,0,1,6
180,2010-01-08,202.33,4,3,3,0.0,0.0,4,0,1,8
180,2010-01-09,25.28,2,2,2,0.0,0.0,5,1,1,9
180,2010-01-10,140.32999999999998,2,2,2,0.0,0.0,6,1,1,10
180,2010-01-11,14.41,1,1,1,0.0,0.0,0,0,1,11
180,2010-01-12,43.17,1,1,1,0.0,0.0,1,0,1,12
180,2010-01-14,17.84,2,2,2,0.0,0.0,3,0,1,14
180,2010-01-15,18.83,2,2,2,0.0,0.0,4,0,1,15
180,2010-01-16,50.55,4,3,4,0.25,0.0,5,1,1,16
180,2010-01-17,104.32,6,2,4,0.5,0.0,6,1,1,17
180,2010-01-19,45.019999999999996,2,2,2,0.0,0.0,1,0,1,19
180,2010-01-22,37.7,3,3,3,0.0,0.0,4,0,1,22
180,2010-01-23,156.88,2,2,2,0.0,0.0,5,1,1,23
180,2010-01-24,17.96,1,1,1,0.0,0.0,6,1,1,24
180,2010-01-25,121.75,2,2,2,0.0,0.0,0,0,1,25
180,2010-01-26,100.0,1,1,1,0.0,0.0,1,0,1,26
180,2010-01-27,21.57,1,1,1,0.0,0.0,2,0,1,27
180,2010-01-28,16.91,1,1,1,0.0,0.0,3,0,1,28
180,2010-01-29,49.19,3,2,3,0.0,0.0,4,0,1,29
180,2010-01-30,98.76,4,3,4,0.5,0.0,5,1,1,30
180,2010-01-31,84.05,3,3,3,0.0,0.0,6,1,1,31
180,2010-02-01,150.17000000000002,2,2,2,0.5,0.0,0,0,2,1
180,2010-02-05,19.71,1,1,1,0.0,0.0,4,0,2,5
180,2010-02-06,40.11,2,1,2,1.0,0.0,5,1,2,6
180,2010-02-07,157.57999999999998,2,2,2,0.0,0.0,6,1,2,7
180,2010-02-08,6.45,1,1,1,0.0,0.0,0,0,2,8
180,2010-02-09,91.24,1,1,1,0.0,0.0,1,0,2,9
180,2010-02-10,163.10999999999999,4,4,4,0.0,0.0,2,0,2,10
180,2010-02-12,152.16,2,2,2,0.0,0.0,4,0,2,12
180,2010-02-13,152.08,2,2,2,0.5,0.0,5,1,2,13
180,2010-02-14,60.02,1,1,1,0.0,0.0,6,1,2,14
180,2010-02-15,34.230000000000004,2,2,2,0.5,0.0,0,0,2,15
180,2010-02-16,21.45,1,1,1,1.0,0.0,1,0,2,16
180,2010-02-18,83.47,2,2,2,0.0,0.0,3,0,2,18
180,2010-02-19,161.14,3,2,2,0.0,0.0,4,0,2,19
180,2010-02-20,54.94,3,3,3,0.3333333333333333,0.0,5,1,2,20
180,2010-02-21,164.25,4,4,4,0.25,0.0,6,1,2,21
180,2010-02-22,208.38,3,3,3,0.3333333333333333,0.0,0,0,2,22
180,2010-02-23,7.36,1,1,1,0.0,0.0,1,0,2,23
180,2010-02-25,45.349999999999994,3,2,2,0.0,0.0,3,0,2,25
180,2010-02-26,35.17,2,1,2,0.0,0.0,4,0,2,26
180,2010-02-28,28.26,1,1,1,0.0,0.0,6,1,2,28
180,2010-03-04,9.99,1,1,1,0.0,0.0,3,0,3,4
180,2010-03-05,216.45,2,2,2,0.5,0.0,4,0,3,5
180,2010-03-06,44.14,2,2,2,0.0,0.0,5,1,3,6
180,2010-03-07,117.05,2,2,2,0.0,0.0,6,1,3,7
180,2010-03-08,208.49,3,3,3,0.6666666666666666,0.0,0,0,3,8
180,2010-03-11,194.26000000000002,3,3,3,0.3333333333333333,0.0,3,0,3,11
180,2010-03-12,894.23,5,4,4,0.4,0.0,4,0,3,12
180,2010-03-13,-34.00000000000001,4,3,3,0.25,0.0,5,1,3,13
180,2010-03-14,34.21,2,2,2,0.0,0.0,6,1,3,14
180,2010-03-16,84.38,3,3,3,0.0,0.0,1,0,3,16
180,2010-03-17,135.60999999999999,2,2,2,0.5,0.0,2,0,3,17
180,2010-03-18,63.66,2,2,2,0.0,0.0,3,0,3,18
180,2010-03-19,31.799999999999997,3,3,3,0.0,0.0,4,0,3,19
180,2010-03-20,52.59,3,2,2,0.6666666666666666,0.0,5,1,3,20
180,2010-03-21,43.03,2,2,2,0.0,0.0,6,1,3,21
180,2010-03-22,129.48999999999998,3,3,3,0.0,0.0,0,0,3,22
180,2010-03-23,201.78,3,3,3,0.0,0.0,1,0,3,23
180,2010-03-25,100.0,1,1,1,0.0,0.0,3,0,3,25
180,2010-03-26,36.14,2,1,1,0.0,0.0,4,0,3,26
180,2010-03-27,44.07,3,3,3,0.3333333333333333,0.0,5,1,3,27
180,2010-03-28,111.41,1,1,1,0.0,0.0,6,1,3,28
180,2010-03-29,183.81,3,3,3,0.0,0.0,0,0,3,29
180,2010-03-30,19.11,1,1,1,0.0,0.0,1,0,3,30
180,2010-03-31,292.0,2,2,2,0.0,0.0,2,0,3,31
180,2010-04-02,76.64000000000001,5,3,3,0.0,0.0,4,0,4,2
180,2010-04-03,102.15,2,2,2,0.0,0.0,5,1,4,3
180,2010-04-04,165.88,2,2,2,0.0,0.0,6,1,4,4
180,2010-04-05,15.65,1,1,1,1.0,0.0,0,0,4,5
180,2010-04-06,2.6,1,1,1,0.0,0.0,1,0,4,6
180,2010-04-07,13.84,1,1,1,1.0,0.0,2,0,4,7
180,2010-04-09,18.34,1,1,1,0.0,0.0,4,0,4,9
180,2010-04-10,57.66,4,3,3,0.25,0.0,5,1,4,10
180,2010-04-11,19.97,1,1,1,0.0,0.0,6,1,4,11
180,2010-04-12,58.38,2,2,2,0.0,0.0,0,0,4,12
180,2010-04-13,15.47,1,1,1,1.0,0.0,1,0,4,13
180,2010-04-14,821.82,1,1,1,0.0,0.0,2,0,4,14
180,2010-04-16,160.98999999999998,3,3,3,0.3333333333333333,0.0,4,0,4,16
180,2010-04-18,147.83,1,1,1,0.0,0.0,6,1,4,18
180,2010-04-19,17.65,1,1,1,0.0,0.0,0,0,4,19
180,2010-04-21,195.37,2,2,2,0.0,0.0,2,0,4,21
180,2010-04-22,29.86,2,2,2,0.0,0.0,3,0,4,22
180,2010-04-23,39.67,3,3,3,0.3333333333333333,0.0,4,0,4,23
180,2010-04-24,34.96,2,2,2,0.5,0.0,5,1,4,24
180,2010-04-25,35.269999999999996,2,2,2,0.0,0.0,6,1,4,25
180,2010-04-27,157.61,3,3,3,0.3333333333333333,0.0,1,0,4,27
180,2010-04-28,42.93,3,3,3,0.0,0.0,2,0,4,28
180,2010-04-29,72.28,1,1,1,0.0,0.0,3,0,4,29
180,2010-04-30,40.089999999999996,3,3,3,0.3333333333333333,0.0,4,0,4,30
180,2010-05-01,24.76,1,1,1,0.0,0.0,5,1,5,1
180,2010-05-05,10.38,1,1,1,1.0,0.0,2,0,5,5
180,2010-05-06,152.97,2,2,2,0.5,0.0,3,0,5,6
180,2010-05-07,36.61,2,2,2,0.5,0.0,4,0,5,7
180,2010-05-08,748.63,5,5,5,0.0,0.0,5,1,5,8
180,2010-05-10,-323.97,5,3,3,0.2,0.0,0,0,5,10
180,2010-05-12,30.17,2,2,2,0.0,0.0,2,0,5,12
180,2010-05-13,130.84,1,1,1,0.0,0.0,3,0,5,13
180,2010-05-14,257.93,3,3,3,0.3333333333333333,0.0,4,0,5,14
180,2010-05-15,25.02,2,2,2,0.0,0.0,5,1,5,15
180,2010-05-16,88.3,2,2,2,0.0,0.0,6,1,5,16
180,2010-05-17,15.77,1,1,1,1.0,0.0,0,0,5,17
180,2010-05-18,34.769999999999996,3,3,3,0.0,0.0,1,0,5,18
180,2010-05-21,18.9,2,2,2,0.0,0.0,4,0,5,21
180,2010-05-22,19.15,1,1,1,1.0,0.0,5,1,5,22
180,2010-05-23,187.02,2,2,2,0.0,0.0,6,1,5,23
180,2010-05-24,192.55,2,2,2,0.0,0.0,0,0,5,24
180,2010-05-25,13.22,1,1,1,0.0,0.0,1,0,5,25
180,2010-05-28,97.1,3,3,3,0.0,0.0,4,0,5,28
180,2010-05-29,28.83,2,1,1,0.0,0.0,5,1,5,29
180,2010-05-30,154.46,4,2,4,0.75,0.0,6,1,5,30
180,2010-05-31,49.88,1,1,1,0.0,0.0,0,0,5,31
180,2010-06-02,121.45,2,2,2,0.0,0.0,2,0,6,2
180,2010-06-04,16.41,1,1,1,0.0,0.0,4,0,6,4
180,2010-06-05,30.78,2,2,2,0.0,0.0,5,1,6,5
180,2010-06-06,20.26,1,1,1,0.0,0.0,6,1,6,6
180,2010-06-08,100.0,1,1,1,0.0,0.0,1,0,6,8
180,2010-06-10,33.6,2,2,2,0.5,0.0,3,0,6,10
180,2010-06-11,32.25,2,2,2,0.5,0.0,4,0,6,11
180,2010-06-12,35.12,2,2,2,0.0,0.0,5,1,6,12
180,2010-06-13,10.54,1,1,1,1.0,0.0,6,1,6,13
180,2010-06-14,46.36,1,1,1,0.0,0.0,0,0,6,14
180,2010-06-16,13.02,1,1,1,0.0,0.0,2,0,6,16
180,2010-06-17,35.39,3,3,3,0.0,0.0,3,0,6,17
180,2010-06-18,28.07,2,2,2,0.0,0.0,4,0,6,18
180,2010-06-19,48.5,3,3,3,0.3333333333333333,0.0,5,1,6,19
180,2010-06-20,15.09,1,1,1,0.0,0.0,6,1,6,20
180,2010-06-21,86.23,2,2,2,0.5,0.0,0,0,6,21
180,2010-06-23,18.07,1,1,1,0.0,0.0,2,0,6,23
180,2010-06-25,159.76,4,3,4,0.5,0.0,4,0,6,25
180,2010-06-26,103.86000000000001,3,3,3,0.3333333333333333,0.0,5,1,6,26
180,2010-06-28,606.0600000000001,3,3,3,0.0,0.0,0,0,6,28
180,2010-07-01,17.83,1,1,1,0.0,0.0,3,0,7,1
180,2010-07-02,35.93,3,3,3,0.3333333333333333,0.0,4,0,7,2
180,2010-07-03,88.83,3,3,3,0.3333333333333333,0.0,5,1,7,3
180,2010-07-04,34.24,2,1,2,0.0,0.0,6,1,7,4
180,2010-07-05,2.27,1,1,1,1.0,0.0,0,0,7,5
180,2010-07-06,14.1,1,1,1,0.0,0.0,1,0,7,6
180,2010-07-07,93.1,2,2,2,0.0,0.0,2,0,7,7
180,2010-07-08,347.3,3,3,3,0.0,0.0,3,0,7,8
180,2010-07-09,188.04000000000002,4,4,4,0.25,0.0,4,0,7,9
180,2010-07-10,251.96,5,5,5,0.0,0.0,5,1,7,10
180,2010-07-11,27.79,2,2,2,0.0,0.0,6,1,7,11
180,2010-07-12,63.7,1,1,1,0.0,0.0,0,0,7,12
180,2010-07-13,72.12,2,2,2,0.0,0.0,1,0,7,13
180,2010-07-16,142.62,3,2,3,0.0,0.0,4,0,7,16
180,2010-07-17,96.13,5,4,5,0.0,0.0,5,1,7,17
180,2010-07-18,108.57,3,3,3,0.0,0.0,6,1,7,18
180,2010-07-22,17.1,1,1,1,0.0,0.0,3,0,7,22
180,2010-07-23,45.46,3,3,3,0.6666666666666666,0.0,4,0,7,23
180,2010-07-24,16.05,1,1,1,0.0,0.0,5,1,7,24
180,2010-07-27,17.31,1,1,1,0.0,0.0,1,0,7,27
180,2010-07-28,112.07000000000001,2,2,2,0.0,0.0,2,0,7,28
180,2010-07-29,120.0,1,1,1,0.0,0.0,3,0,7,29
180,2010-07-30,41.04,2,1,1,0.0,0.0,4,0,7,30
180,2010-08-02,232.09,2,2,2,0.0,0.0,0,0,8,2
180,2010-08-03,18.22,1,1,1,1.0,0.0,1,0,8,3
180,2010-08-04,59.62,2,2,2,0.0,0.0,2,0,8,4
180,2010-08-05,18.8,2,2,2,0.5,0.0,3,0,8,5
180,2010-08-06,38.65,2,2,2,0.0,0.0,4,0,8,6
180,2010-08-09,56.44,3,3,3,0.3333333333333333,0.0,0,0,8,9
180,2010-08-10,127.61999999999999,2,2,2,0.5,0.0,1,0,8,10
180,2010-08-11,67.41,2,2,2,0.5,0.0,2,0,8,11
180,2010-08-13,116.7,2,2,2,0.0,0.0,4,0,8,13
180,2010-08-14,282.44,4,4,4,0.25,0.0,5,1,8,14
180,2010-08-15,158.6,2,2,2,0.0,0.0,6,1,8,15
180,2010-08-16,25.369999999999997,2,2,2,0.0,0.0,0,0,8,16
180,2010-08-17,30.97,1,1,1,1.0,0.0,1,0,8,17
180,2010-08-18,33.83,2,2,2,0.0,0.0,2,0,8,18
180,2010-08-20,272.84,3,3,3,0.0,0.0,4,0,8,20
180,2010-08-21,32.91,2,2,2,0.0,0.0,5,1,8,21
180,2010-08-22,50.53,2,2,2,0.0,0.0,6,1,8,22
180,2010-08-23,26.77,1,1,1,0.0,0.0,0,0,8,23
180,2010-08-25,24.7,1,1,1,0.0,0.0,2,0,8,25
180,2010-08-27,17.64,1,1,1,0.0,0.0,4,0,8,27
180,2010-08-28,95.41,2,2,2,0.5,0.0,5,1,8,28
180,2010-08-29,25.79,1,1,1,0.0,0.0,6,1,8,29
180,2010-08-30,116.45,3,3,3,0.0,0.0,0,0,8,30
180,2010-09-01,19.25,1,1,1,0.0,0.0,2,0,9,1
180,2010-09-02,98.88,1,1,1,0.0,0.0,3,0,9,2
180,2010-09-04,333.17,6,5,6,0.16666666666666666,0.0,5,1,9,4
180,2010-09-05,35.25,2,2,2,0.0,0.0,6,1,9,5
180,2010-09-06,287.88,2,2,2,0.0,0.0,0,0,9,6
180,2010-09-08,21.15,2,2,2,0.0,0.0,2,0,9,8
180,2010-09-09,100.0,1,1,1,0.0,0.0,3,0,9,9
180,2010-09-10,35.17,2,2,2,0.0,0.0,4,0,9,10
180,2010-09-11,57.22,3,3,3,0.3333333333333333,0.0,5,1,9,11
180,2010-09-12,113.32,1,1,1,0.0,0.0,6,1,9,12
180,2010-09-15,140.27,3,2,2,0.6666666666666666,0.0,2,0,9,15
180,2010-09-16,457.84000000000003,4,3,4,0.5,0.0,3,0,9,16
180,2010-09-17,158.71,3,2,3,0.3333333333333333,0.0,4,0,9,17
180,2010-09-18,242.36,4,3,3,0.0,0.0,5,1,9,18
180,2010-09-19,28.61,2,2,2,0.5,0.0,6,1,9,19
180,2010-09-20,35.3,2,2,2,0.5,0.0,0,0,9,20
180,2010-09-21,93.55,5,3,4,0.6,0.0,1,0,9,21
180,2010-09-22,78.45,4,3,3,0.25,0.0,2,0,9,22
180,2010-09-23,150.68,4,2,4,0.75,0.0,3,0,9,23
180,2010-09-24,15.26,1,1,1,1.0,0.0,4,0,9,24
180,2010-09-25,-146.78,6,2,4,0.6666666666666666,0.0,5,1,9,25
180,2010-09-26,937.04,13,10,13,0.46153846153846156,0.0,6,1,9,26
180,2010-09-27,497.40999999999997,6,5,5,0.5,0.0,0,0,9,27
180,2010-09-28,63.96,1,1,1,0.0,0.0,1,0,9,28
180,2010-09-29,99.24,2,2,2,0.0,0.0,2,0,9,29
180,2010-09-30,22.22,2,2,2,0.0,0.0,3,0,9,30
180,2010-10-01,15.290000000000003,5,3,4,0.4,0.0,4,0,10,1
180,2010-10-02,48.07,3,3,3,0.0,0.0,5,1,10,2
180,2010-10-03,40.65,2,2,2,0.5,0.0,6,1,10,3
180,2010-10-04,102.71000000000001,4,4,4,0.25,0.0,0,0,10,4
180,2010-10-06,40.44,1,1,1,0.0,0.0,2,0,10,6
180,2010-10-07,25.53,1,1,1,0.0,0.0,3,0,10,7
180,2010-10-08,19.92,1,1,1,0.0,0.0,4,0,10,8
180,2010-10-09,69.88,4,3,3,0.25,0.0,5,1,10,9
180,2010-10-10,32.629999999999995,2,2,2,0.0,0.0,6,1,10,10
180,2010-10-11,17.67,1,1,1,0.0,0.0,0,0,10,11
180,2010-10-12,32.93,2,1,2,0.0,0.0,1,0,10,12
180,2010-10-13,27.029999999999998,2,2,2,0.5,0.0,2,0,10,13
180,2010-10-14,34.11,2,2,2,0.0,0.0,3,0,10,14
180,2010-10-15,18.55,1,1,1,0.0,0.0,4,0,10,15
180,2010-10-16,76.78,5,4,4,0.2,0.0,5,1,10,16
180,2010-10-19,35.35,1,1,1,0.0,0.0,1,0,10,19
180,2010-10-21,25.67,2,1,1,0.0,0.0,3,0,10,21
180,2010-10-22,33.239999999999995,2,2,2,0.5,0.0,4,0,10,22
180,2010-10-23,19.56,1,1,1,0.0,0.0,5,1,10,23
180,2010-10-25,92.93,2,2,2,0.0,0.0,0,0,10,25
180,2010-10-27,22.86,2,2,2,0.0,0.0,2,0,10,27
180,2010-10-28,32.41,2,2,2,0.5,0.0,3,0,10,28
180,2010-10-29,15.37,1,1,1,0.0,0.0,4,0,10,29
180,2010-10-30,40.11,3,2,2,0.3333333333333333,0.0,5,1,10,30
180,2010-11-01,161.76,2,2,2,0.0,0.0,0,0,11,1
180,2010-11-02,182.17999999999998,2,2,2,0.0,0.0,1,0,11,2
180,2010-11-03,22.23,1,1,1,0.0,0.0,2,0,11,3
180,2010-11-04,22.47,1,1,1,0.0,0.0,3,0,11,4
180,2010-11-05,59.92,5,4,5,0.4,0.0,4,0,11,5
180,2010-11-06,38.4,2,2,2,0.5,0.0,5,1,11,6
180,2010-11-07,17.96,1,1,1,1.0,0.0,6,1,11,7
180,2010-11-09,6.81,1,1,1,0.0,0.0,1,0,11,9
180,2010-11-10,11.97,1,1,1,0.0,0.0,2,0,11,10
180,2010-11-12,181.88000000000002,4,4,4,0.25,0.0,4,0,11,12
180,2010-11-13,52.480000000000004,4,4,4,0.0,0.0,5,1,11,13
180,2010-11-14,16.14,1,1,1,0.0,0.0,6,1,11,14
180,2010-11-15,16.26,1,1,1,1.0,0.0,0,0,11,15
180,2010-11-16,26.0,1,1,1,0.0,0.0,1,0,11,16
180,2010-11-19,18.86,1,1,1,1.0,0.0,4,0,11,19
180,2010-11-20,209.57,2,2,2,1.0,0.0,5,1,11,20
180,2010-11-21,50.51,2,2,2,0.0,0.0,6,1,11,21
180,2010-11-23,10.38,1,1,1,0.0,0.0,1,0,11,23
180,2010-11-24,79.35,5,2,3,0.0,0.0,2,0,11,24
180,2010-11-25,108.92,1,1,1,1.0,0.0,3,0,11,25
180,2010-11-26,19.19,1,1,1,1.0,0.0,4,0,11,26
180,2010-11-27,42.86,3,3,3,0.0,0.0,5,1,11,27
180,2010-11-28,26.81,2,2,2,0.5,0.0,6,1,11,28
180,2010-11-30,100.0,1,1,1,0.0,0.0,1,0,11,30
180,2010-12-01,107.63,1,1,1,0.0,0.0,2,0,12,1
180,2010-12-03,28.99,2,2,2,0.5,0.0,4,0,12,3
180,2010-12-04,30.94,2,2,2,0.0,0.0,5,1,12,4
180,2010-12-08,24.61,2,2,2,0.0,0.0,2,0,12,8
180,2010-12-09,26.78,2,2,2,0.0,0.0,3,0,12,9
180,2010-12-10,238.67999999999998,7,5,6,0.5714285714285714,0.0,4,0,12,10
180,2010-12-11,37.61,3,3,3,0.3333333333333333,0.0,5,1,12,11
180,2010-12-13,275.46,4,4,4,0.25,0.0,0,0,12,13
180,2010-12-14,15.75,1,1,1,0.0,0.0,1,0,12,14
180,2010-12-16,24.64,1,1,1,0.0,0.0,3,0,12,16
180,2010-12-17,32.49,2,2,2,0.5,0.0,4,0,12,17
180,2010-12-18,156.12,3,3,3,0.0,0.0,5,1,12,18
180,2010-12-19,74.88,1,1,1,0.0,0.0,6,1,12,19
180,2010-12-22,215.98000000000002,3,3,3,0.0,0.0,2,0,12,22
180,2010-12-23,18.42,1,1,1,0.0,0.0,3,0,12,23
180,2010-12-24,39.22,3,3,3,0.0,0.0,4,0,12,24
180,2010-12-25,37.42,2,2,2,0.5,0.0,5,1,12,25
180,2010-12-27,6.92,1,1,1,1.0,0.0,0,0,12,27
180,2010-12-28,133.65,2,2,2,0.0,0.0,1,0,12,28
180,2010-12-29,17.4,1,1,1,0.0,0.0,2,0,12,29
180,2010-12-31,91.74,3,2,3,0.6666666666666666,0.0,4,0,12,31
180,2011-01-01,86.08,6,3,4,0.0,0.0,5,1,1,1
180,2011-01-02,192.77,4,3,4,0.5,0.0,6,1,1,2
180,2011-01-03,11.91,1,1,1,0.0,0.0,0,0,1,3
180,2011-01-04,246.11,2,2,2,0.0,0.0,1,0,1,4
180,2011-01-05,144.48,2,2,2,0.5,0.0,2,0,1,5
180,2011-01-08,148.81,1,1,1,0.0,0.0,5,1,1,8
180,2011-01-09,60.22,5,3,3,0.2,0.0,6,1,1,9
180,2011-01-10,6.69,1,1,1,0.0,0.0,0,0,1,10
180,2011-01-11,140.20999999999998,2,2,2,0.0,0.0,1,0,1,11
180,2011-01-13,169.7,1,1,1,0.0,0.0,3,0,1,13
180,2011-01-15,97.47,3,2,3,0.6666666666666666,0.0,5,1,1,15
180,2011-01-17,65.85,4,2,3,0.25,0.0,0,0,1,17
180,2011-01-18,100.3,2,2,2,0.0,0.0,1,0,1,18
180,2011-01-19,222.98999999999998,3,3,3,0.3333333333333333,0.0,2,0,1,19
180,2011-01-20,100.0,1,1,1,0.0,0.0,3,0,1,20
180,2011-01-21,20.35,1,1,1,0.0,0.0,4,0,1,21
180,2011-01-22,116.1,4,3,4,0.25,0.0,5,1,1,22
180,2011-01-23,33.019999999999996,2,2,2,0.0,0.0,6,1,1,23
180,2011-01-24,5.54,1,1,1,0.0,0.0,0,0,1,24
180,2011-01-25,144.69,2,2,2,0.0,0.0,1,0,1,25
180,2011-01-26,38.9,2,2,2,0.0,0.0,2,0,1,26
180,2011-01-27,16.26,1,1,1,0.0,0.0,3,0,1,27
180,2011-01-28,27.27,1,1,1,0.0,0.0,4,0,1,28
180,2011-01-29,164.31,4,4,4,0.25,0.0,5,1,1,29
180,2011-01-30,38.09,3,3,3,0.3333333333333333,0.0,6,1,1,30
180,2011-01-31,20.71,1,1,1,1.0,0.0,0,0,1,31
180,2011-02-01,100.0,1,1,1,0.0,0.0,1,0,2,1
180,2011-02-02,137.24,1,1,1,0.0,0.0,2,0,2,2
180,2011-02-03,28.92,2,2,2,1.0,0.0,3,0,2,3
180,2011-02-04,134.16,3,3,3,0.0,0.0,4,0,2,4
180,2011-02-05,94.1,3,2,2,0.0,0.0,5,1,2,5
180,2011-02-06,59.16,3,3,3,0.0,0.0,6,1,2,6
180,2011-02-07,240.34,3,3,3,0.3333333333333333,0.0,0,0,2,7
180,2011-02-08,17.77,1,1,1,1.0,0.0,1,0,2,8
180,2011-02-09,32.43,2,2,2,0.0,0.0,2,0,2,9
180,2011-02-10,6.54,1,1,1,0.0,0.0,3,0,2,10
180,2011-02-12,94.03,6,5,5,0.0,0.0,5,1,2,12
180,2011-02-13,73.34,4,4,4,0.25,0.0,6,1,2,13
180,2011-02-14,22.47,1,1,1,0.0,0.0,0,0,2,14
180,2011-02-15,38.72,1,1,1,0.0,0.0,1,0,2,15
180,2011-02-17,20.37,1,1,1,0.0,0.0,3,0,2,17
180,2011-02-18,19.24,1,1,1,1.0,0.0,4,0,2,18
180,2011-02-19,34.93,2,2,2,0.0,0.0,5,1,2,19
180,2011-02-20,96.46000000000001,6,4,6,0.8333333333333334,0.0,6,1,2,20
180,2011-02-21,183.68,4,4,4,0.25,0.0,0,0,2,21
180,2011-02-22,38.81999999999999,2,2,2,0.0,0.0,1,0,2,22
180,2011-02-23,106.77,2,2,2,0.5,0.0,2,0,2,23
180,2011-02-24,63.08,3,3,3,0.3333333333333333,0.0,3,0,2,24
180,2011-02-25,100.0,1,1,1,0.0,0.0,4,0,2,25
180,2011-02-26,55.150000000000006,4,3,3,0.25,0.0,5,1,2,26
180,2011-02-27,190.96,5,4,4,0.0,0.0,6,1,2,27
180,2011-02-28,20.25,1,1,1,0.0,0.0,0,0,2,28
180,2011-03-01,15.43,1,1,1,0.0,0.0,1,0,3,1
180,2011-03-02,155.57,4,4,4,0.25,0.0,2,0,3,2
180,2011-03-04,10.97,1,1,1,0.0,0.0,4,0,3,4
180,2011-03-05,160.41,2,2,2,0.0,0.0,5,1,3,5
180,2011-03-06,27.729999999999997,2,1,1,0.0,0.0,6,1,3,6
180,2011-03-07,21.380000000000003,2,2,2,0.5,0.0,0,0,3,7
180,2011-03-08,23.36,2,2,2,0.0,0.0,1,0,3,8
180,2011-03-09,155.05,2,2,2,0.0,0.0,2,0,3,9
180,2011-03-10,17.02,1,1,1,0.0,0.0,3,0,3,10
180,2011-03-12,34.81999999999999,2,2,2,0.0,0.0,5,1,3,12
180,2011-03-13,52.14,3,2,2,0.3333333333333333,0.0,6,1,3,13
180,2011-03-14,285.35,4,3,3,0.0,0.0,0,0,3,14
180,2011-03-15,38.540000000000006,2,2,2,0.0,0.0,1,0,3,15
180,2011-03-17,13.39,1,1,1,0.0,0.0,3,0,3,17
180,2011-03-19,75.6,4,3,3,0.5,0.0,5,1,3,19
180,2011-03-20,59.660000000000004,4,4,4,0.25,0.0,6,1,3,20
180,2011-03-22,132.82,1,1,1,0.0,0.0,1,0,3,22
180,2011-03-26,172.43,4,2,4,0.75,0.0,5,1,3,26
180,2011-03-27,13.67,1,1,1,1.0,0.0,6,1,3,27
180,2011-03-28,12.1,1,1,1,0.0,0.0,0,0,3,28
180,2011-03-29,51.87,3,3,3,0.0,0.0,1,0,3,29
180,2011-04-01,14.98,1,1,1,0.0,0.0,4,0,4,1
180,2011-04-02,83.25,4,4,4,0.0,0.0,5,1,4,2
180,2011-04-04,16.53,1,1,1,1.0,0.0,0,0,4,4
180,2011-04-06,48.27,1,1,1,0.0,0.0,2,0,4,6
180,2011-04-07,154.05,3,3,3,0.3333333333333333,0.0,3,0,4,7
180,2011-04-10,47.76,3,2,3,0.0,0.0,6,1,4,10
180,2011-04-12,77.12,2,2,2,0.0,0.0,1,0,4,12
180,2011-04-14,174.26,2,2,2,0.5,0.0,3,0,4,14
180,2011-04-15,12.2,1,1,1,0.0,0.0,4,0,4,15
180,2011-04-16,32.0,2,2,2,0.0,0.0,5,1,4,16
180,2011-04-17,15.84,1,1,1,0.0,0.0,6,1,4,17
180,2011-04-18,16.56,1,1,1,1.0,0.0,0,0,4,18
180,2011-04-19,30.93,2,2,2,0.0,0.0,1,0,4,19
180,2011-04-20,64.88,1,1,1,0.0,0.0,2,0,4,20
180,2011-04-21,11.73,1,1,1,0.0,0.0,3,0,4,21
180,2011-04-22,15.72,1,1,1,0.0,0.0,4,0,4,22
180,2011-04-23,41.650000000000006,3,2,2,0.0,0.0,5,1,4,23
180,2011-04-24,15.48,1,1,1,1.0,0.0,6,1,4,24
180,2011-04-25,14.55,1,1,1,0.0,0.0,0,0,4,25
180,2011-04-26,85.84,3,3,3,0.0,0.0,1,0,4,26
180,2011-04-27,125.48,3,3,3,0.0,0.0,2,0,4,27
180,2011-04-28,33.68,1,1,1,0.0,0.0,3,0,4,28
180,2011-04-30,183.48,4,4,4,0.25,0.0,5,1,4,30
180,2011-05-01,173.19,3,3,3,0.3333333333333333,0.0,6,1,5,1
180,2011-05-02,27.759999999999998,2,2,2,0.0,0.0,0,0,5,2
180,2011-05-03,16.23,1,1,1,0.0,0.0,1,0,5,3
180,2011-05-08,44.33,3,3,3,0.3333333333333333,0.0,6,1,5,8
180,2011-05-10,39.07,2,1,1,0.0,0.0,1,0,5,10
180,2011-05-11,31.13,1,1,1,0.0,0.0,2,0,5,11
180,2011-05-12,15.68,1,1,1,0.0,0.0,3,0,5,12
180,2011-05-13,12.94,1,1,1,0.0,0.0,4,0,5,13
180,2011-05-14,59.1,4,4,4,0.0,0.0,5,1,5,14
180,2011-05-15,25.36,2,2,2,0.5,0.0,6,1,5,15
180,2011-05-16,114.67,1,1,1,1.0,0.0,0,0,5,16
180,2011-05-17,111.76,1,1,1,0.0,0.0,1,0,5,17
180,2011-05-19,171.77,3,3,3,0.0,0.0,3,0,5,19
180,2011-05-20,10.69,1,1,1,0.0,0.0,4,0,5,20
180,2011-05-21,73.23,3,3,3,0.0,0.0,5,1,5,21
180,2011-05-22,163.18,3,2,2,0.3333333333333333,0.0,6,1,5,22
180,2011-05-23,181.55,4,4,4,0.0,0.0,0,0,5,23
180,2011-05-26,39.2,3,2,3,0.0,0.0,3,0,5,26
180,2011-05-27,453.72,4,4,4,0.25,0.0,4,0,5,27
180,2011-05-28,27.35,2,2,2,0.5,0.0,5,1,5,28
180,2011-05-29,-68.51999999999998,5,3,3,0.0,0.0,6,1,5,29
180,2011-05-30,16.44,1,1,1,1.0,0.0,0,0,5,30
180,2011-05-31,318.27,4,4,4,0.0,0.0,1,0,5,31
180,2011-06-01,11.97,1,1,1,0.0,0.0,2,0,6,1
180,2011-06-02,115.32000000000001,2,2,2,0.0,0.0,3,0,6,2
180,2011-06-03,19.53,1,1,1,1.0,0.0,4,0,6,3
180,2011-06-04,35.4,2,2,2,0.0,0.0,5,1,6,4
180,2011-06-05,53.69,4,4,4,0.0,0.0,6,1,6,5
180,2011-06-07,24.01,1,1,1,1.0,0.0,1,0,6,7
180,2011-06-08,166.40000000000003,3,3,3,0.0,0.0,2,0,6,8
180,2011-06-09,123.95,1,1,1,0.0,0.0,3,0,6,9
180,2011-06-10,56.86,3,2,3,0.6666666666666666,0.0,4,0,6,10
180,2011-06-11,190.32999999999998,3,2,2,0.0,0.0,5,1,6,11
180,2011-06-12,292.47,4,4,4,0.25,0.0,6,1,6,12
180,2011-06-13,132.7,2,2,2,0.5,0.0,0,0,6,13
180,2011-06-14,141.78,1,1,1,0.0,0.0,1,0,6,14
180,2011-06-17,28.48,1,1,1,0.0,0.0,4,0,6,17
180,2011-06-18,292.25,5,5,5,0.2,0.0,5,1,6,18
180,2011-06-19,108.24000000000001,4,4,4,0.5,0.0,6,1,6,19
180,2011-06-21,102.32,2,2,2,0.0,0.0,1,0,6,21
180,2011-06-23,240.42,2,2,2,0.0,0.0,3,0,6,23
180,2011-06-24,93.55,2,2,2,0.0,0.0,4,0,6,24
180,2011-06-25,172.4,2,2,2,0.0,0.0,5,1,6,25
180,2011-06-26,83.63000000000001,3,3,3,0.0,0.0,6,1,6,26
180,2011-06-27,21.23,1,1,1,1.0,0.0,0,0,6,27
180,2011-06-29,81.69999999999999,4,3,3,0.25,0.0,2,0,6,29
180,2011-06-30,193.6,3,3,3,0.3333333333333333,0.0,3,0,6,30
180,2011-07-01,16.81,1,1,1,1.0,0.0,4,0,7,1
180,2011-07-02,62.1,4,4,4,0.25,0.0,5,1,7,2
180,2011-07-03,19.45,1,1,1,0.0,0.0,6,1,7,3
180,2011-07-04,59.7,2,2,2,0.0,0.0,0,0,7,4
180,2011-07-05,30.23,1,1,1,0.0,0.0,1,0,7,5
180,2011-07-06,623.04,6,5,5,0.0,0.0,2,0,7,6
180,2011-07-07,83.36,6,3,3,0.0,0.0,3,0,7,7
180,2011-07-08,30.66,2,2,2,0.0,0.0,4,0,7,8
180,2011-07-09,186.48000000000002,4,3,3,0.0,0.0,5,1,7,9
180,2011-07-10,60.44,4,2,2,0.5,0.0,6,1,7,10
180,2011-07-11,294.33,5,4,4,0.2,0.0,0,0,7,11
180,2011-07-12,38.129999999999995,2,2,2,0.0,0.0,1,0,7,12
180,2011-07-13,-50.97,7,5,5,0.2857142857142857,0.0,2,0,7,13
180,2011-07-14,147.16,3,3,3,0.3333333333333333,0.0,3,0,7,14
180,2011-07-15,122.71,1,1,1,0.0,0.0,4,0,7,15
180,2011-07-16,7.35,1,1,1,0.0,0.0,5,1,7,16
180,2011-07-17,148.76,3,3,3,0.3333333333333333,0.0,6,1,7,17
180,2011-07-18,19.82,1,1,1,1.0,0.0,0,0,7,18
180,2011-07-19,114.94,1,1,1,0.0,0.0,1,0,7,19
180,2011-07-20,15.68,1,1,1,0.0,0.0,2,0,7,20
180,2011-07-22,122.45,1,1,1,0.0,0.0,4,0,7,22
180,2011-07-23,48.98,2,2,2,0.0,0.0,5,1,7,23
180,2011-07-24,49.31,3,3,3,0.3333333333333333,0.0,6,1,7,24
180,2011-07-25,115.51,2,2,2,0.0,0.0,0,0,7,25
180,2011-07-26,25.560000000000002,2,2,2,0.0,0.0,1,0,7,26
180,2011-07-27,47.87,2,2,2,0.0,0.0,2,0,7,27
180,2011-07-28,12.76,1,1,1,0.0,0.0,3,0,7,28
180,2011-07-29,7.25,1,1,1,0.0,0.0,4,0,7,29
180,2011-07-30,17.9,1,1,1,1.0,0.0,5,1,7,30
180,2011-07-31,72.46000000000001,4,3,3,0.0,0.0,6,1,7,31
180,2011-08-01,33.42,2,2,2,0.0,0.0,0,0,8,1
180,2011-08-02,141.89000000000001,2,1,1,0.0,0.0,1,0,8,2
180,2011-08-03,21.01,1,1,1,0.0,0.0,2,0,8,3
180,2011-08-06,158.67,2,2,2,0.0,0.0,5,1,8,6
180,2011-08-07,36.3,2,1,1,0.0,0.0,6,1,8,7
180,2011-08-08,96.69999999999999,2,2,2,0.0,0.0,0,0,8,8
180,2011-08-09,99.07,1,1,1,0.0,0.0,1,0,8,9
180,2011-08-10,20.99,1,1,1,0.0,0.0,2,0,8,10
180,2011-08-13,55.22,3,2,2,0.3333333333333333,0.0,5,1,8,13
180,2011-08-14,78.16,2,2,2,0.5,0.0,6,1,8,14
180,2011-08-15,109.87,2,2,2,0.0,0.0,0,0,8,15
180,2011-08-16,141.14,3,3,3,0.0,0.0,1,0,8,16
180,2011-08-17,67.13,1,1,1,0.0,0.0,2,0,8,17
180,2011-08-18,20.69,1,1,1,0.0,0.0,3,0,8,18
180,2011-08-20,77.02,3,2,3,0.6666666666666666,0.0,5,1,8,20
180,2011-08-21,30.72,2,2,2,0.5,0.0,6,1,8,21
180,2011-08-22,24.53,2,1,1,0.0,0.0,0,0,8,22
180,2011-08-23,33.519999999999996,3,3,3,0.3333333333333333,0.0,1,0,8,23
180,2011-08-24,23.84,1,1,1,1.0,0.0,2,0,8,24
180,2011-08-25,54.18,3,2,2,0.0,0.0,3,0,8,25
180,2011-08-26,53.4,3,3,3,0.3333333333333333,0.0,4,0,8,26
180,2011-08-27,12.89,1,1,1,0.0,0.0,5,1,8,27
180,2011-08-28,84.65,5,3,4,0.4,0.0,6,1,8,28
180,2011-08-29,29.049999999999997,2,2,2,0.5,0.0,0,0,8,29
180,2011-08-30,50.349999999999994,3,2,3,0.3333333333333333,0.0,1,0,8,30
180,2011-08-31,148.9,2,2,2,0.0,0.0,2,0,8,31
180,2011-09-01,80.35,1,1,1,0.0,0.0,3,0,9,1
180,2011-09-02,39.52,1,1,1,1.0,0.0,4,0,9,2
180,2011-09-03,125.85,4,3,3,0.0,0.0,5,1,9,3
180,2011-09-04,66.55,4,3,3,0.0,0.0,6,1,9,4
180,2011-09-05,35.44,2,1,2,1.0,0.0,0,0,9,5
180,2011-09-06,17.88,1,1,1,1.0,0.0,1,0,9,6
180,2011-09-09,10.41,1,1,1,0.0,0.0,4,0,9,9
180,2011-09-10,9.7,1,1,1,1.0,0.0,5,1,9,10
180,2011-09-11,55.129999999999995,3,2,3,0.3333333333333333,0.0,6,1,9,11
180,2011-09-13,48.01,1,1,1,0.0,0.0,1,0,9,13
180,2011-09-14,124.13,1,1,1,1.0,0.0,2,0,9,14
180,2011-09-16,44.63,2,2,2,0.0,0.0,4,0,9,16
180,2011-09-17,128.87,4,3,4,0.5,0.0,5,1,9,17
180,2011-09-19,196.54999999999998,2,2,2,1.0,0.0,0,0,9,19
180,2011-09-20,4.27,1,1,1,0.0,0.0,1,0,9,20
180,2011-09-22,142.86,1,1,1,0.0,0.0,3,0,9,22
180,2011-09-23,20.9,1,1,1,0.0,0.0,4,0,9,23
180,2011-09-24,15.22,1,1,1,1.0,0.0,5,1,9,24
180,2011-09-25,52.43,3,2,3,0.6666666666666666,0.0,6,1,9,25
180,2011-09-27,108.06,1,1,1,0.0,0.0,1,0,9,27
180,2011-09-28,165.76999999999998,2,2,2,0.0,0.0,2,0,9,28
180,2011-09-29,17.1,1,1,1,0.0,0.0,3,0,9,29
180,2011-10-01,33.91,2,2,2,0.0,0.0,5,1,10,1
180,2011-10-02,183.56,3,3,3,0.3333333333333333,0.0,6,1,10,2
180,2011-10-03,119.08,2,2,2,0.5,0.0,0,0,10,3
180,2011-10-04,129.61,3,3,3,0.0,0.0,1,0,10,4
180,2011-10-05,134.73000000000002,3,3,3,0.0,0.0,2,0,10,5
180,2011-10-06,330.6,3,3,3,0.0,0.0,3,0,10,6
180,2011-10-07,17.24,1,1,1,0.0,0.0,4,0,10,7
180,2011-10-08,154.85,4,4,4,0.0,0.0,5,1,10,8
180,2011-10-09,58.24,2,2,2,0.0,0.0,6,1,10,9
180,2011-10-11,179.46,4,4,4,0.25,0.0,1,0,10,11
180,2011-10-13,226.23999999999998,3,3,3,0.0,0.0,3,0,10,13
180,2011-10-14,58.12,1,1,1,1.0,0.0,4,0,10,14
180,2011-10-15,31.369999999999997,2,1,1,0.0,0.0,5,1,10,15
180,2011-10-16,244.57,3,3,3,0.0,0.0,6,1,10,16
180,2011-10-17,36.04,1,1,1,0.0,0.0,0,0,10,17
180,2011-10-18,15.77,2,2,2,0.0,0.0,1,0,10,18
180,2011-10-19,21.1,2,2,2,0.5,0.0,2,0,10,19
180,2011-10-20,114.62,2,2,2,0.0,0.0,3,0,10,20
180,2011-10-21,20.6,1,1,1,0.0,0.0,4,0,10,21
180,2011-10-22,47.56,4,3,4,0.25,0.0,5,1,10,22
180,2011-10-23,35.41,2,2,2,0.5,0.0,6,1,10,23
180,2011-10-25,100.0,1,1,1,0.0,0.0,1,0,10,25
180,2011-10-26,135.07999999999998,2,2,2,0.0,0.0,2,0,10,26
180,2011-10-29,54.480000000000004,3,2,2,0.6666666666666666,0.0,5,1,10,29
180,2011-10-30,46.59,3,3,3,0.3333333333333333,0.0,6,1,10,30
180,2011-10-31,39.12,1,1,1,0.0,0.0,0,0,10,31
180,2011-11-01,29.6,2,2,2,0.0,0.0,1,0,11,1
180,2011-11-02,183.55,2,2,2,0.0,0.0,2,0,11,2
180,2011-11-05,52.04,3,3,3,0.3333333333333333,0.0,5,1,11,5
180,2011-11-06,225.25,5,3,3,0.2,0.0,6,1,11,6
180,2011-11-07,12.71,1,1,1,0.0,0.0,0,0,11,7
180,2011-11-08,18.36,2,2,2,0.0,0.0,1,0,11,8
180,2011-11-09,52.75,2,2,2,0.5,0.0,2,0,11,9
180,2011-11-10,31.57,2,1,1,0.0,0.0,3,0,11,10
180,2011-11-11,128.51,1,1,1,0.0,0.0,4,0,11,11
180,2011-11-12,99.01,3,3,3,0.3333333333333333,0.0,5,1,11,12
180,2011-11-13,42.16,2,1,1,0.0,0.0,6,1,11,13
180,2011-11-14,120.0,1,1,1,0.0,0.0,0,0,11,14
180,2011-11-15,31.540000000000003,3,3,3,0.0,0.0,1,0,11,15
180,2011-11-16,24.13,1,1,1,1.0,0.0,2,0,11,16
180,2011-11-18,83.03,2,2,2,0.0,0.0,4,0,11,18
180,2011-11-19,53.04,3,3,3,0.0,0.0,5,1,11,19
180,2011-11-20,47.17,3,3,3,0.3333333333333333,0.0,6,1,11,20
180,2011-11-22,40.51,1,1,1,0.0,0.0,1,0,11,22
180,2011-11-24,173.11,4,3,4,0.0,0.0,3,0,11,24
180,2011-11-25,5.06,1,1,1,0.0,0.0,4,0,11,25
180,2011-11-26,34.15,2,1,1,1.0,0.0,5,1,11,26
180,2011-11-27,143.65,2,2,2,0.0,0.0,6,1,11,27
180,2011-11-28,14.76,1,1,1,0.0,0.0,0,0,11,28
180,2011-11-30,54.32,4,2,3,0.5,0.0,2,0,11,30
180,2011-12-03,20.75,1,1,1,0.0,0.0,5,1,12,3
180,2011-12-04,181.47,4,4,4,0.25,0.0,6,1,12,4
180,2011-12-05,19.18,1,1,1,1.0,0.0,0,0,12,5
180,2011-12-06,13.18,1,1,1,0.0,0.0,1,0,12,6
180,2011-12-07,21.41,2,2,2,0.0,0.0,2,0,12,7
180,2011-12-10,19.54,1,1,1,0.0,0.0,5,1,12,10
180,2011-12-11,182.87,5,4,5,0.4,0.0,6,1,12,11
180,2011-12-12,300.76,5,4,4,0.2,0.0,0,0,12,12
180,2011-12-14,295.8,5,5,5,0.2,0.0,2,0,12,14
180,2011-12-15,189.33,2,1,2,0.0,0.0,3,0,12,15
180,2011-12-16,100.0,1,1,1,0.0,0.0,4,0,12,16
180,2011-12-17,25.66,2,2,2,0.0,0.0,5,1,12,17
180,2011-12-18,410.46999999999997,5,5,5,0.2,0.0,6,1,12,18
180,2011-12-19,47.68,2,2,2,0.5,0.0,0,0,12,19
180,2011-12-20,59.959999999999994,3,1,3,1.0,0.0,1,0,12,20
180,2011-12-21,-232.72,2,1,1,0.0,0.0,2,0,12,21
180,2011-12-24,50.64,2,2,2,0.0,0.0,5,1,12,24
180,2011-12-25,80.28,5,2,4,0.4,0.0,6,1,12,25
180,2011-12-26,48.43,1,1,1,0.0,0.0,0,0,12,26
180,2011-12-29,13.45,1,1,1,0.0,0.0,3,0,12,29
180,2011-12-31,145.36,4,4,4,0.25,0.0,5,1,12,31
180,2012-01-01,160.09,3,2,3,0.3333333333333333,0.0,6,1,1,1
180,2012-01-02,340.08,5,4,4,0.4,0.0,0,0,1,2
180,2012-01-06,11.26,1,1,1,0.0,0.0,4,0,1,6
180,2012-01-07,148.95,2,2,2,0.0,0.0,5,1,1,7
180,2012-01-08,20.17,1,1,1,0.0,0.0,6,1,1,8
180,2012-01-09,197.86,3,3,3,0.0,0.0,0,0,1,9
180,2012-01-11,17.96,1,1,1,0.0,0.0,2,0,1,11
180,2012-01-12,147.01,2,2,2,0.5,0.0,3,0,1,12
180,2012-01-13,20.97,1,1,1,1.0,0.0,4,0,1,13
180,2012-01-14,13.75,1,1,1,0.0,0.0,5,1,1,14
180,2012-01-15,26.659999999999997,2,2,2,0.5,0.0,6,1,1,15
180,2012-01-16,65.28,4,4,4,0.25,0.0,0,0,1,16
180,2012-01-17,85.96000000000001,5,3,3,0.2,0.0,1,0,1,17
180,2012-01-18,8.87,1,1,1,0.0,0.0,2,0,1,18
180,2012-01-19,47.57,2,2,2,0.0,0.0,3,0,1,19
180,2012-01-20,136.07,4,3,3,0.0,0.0,4,0,1,20
180,2012-01-21,141.64,1,1,1,0.0,0.0,5,1,1,21
180,2012-01-22,100.0,1,1,1,0.0,0.0,6,1,1,22
180,2012-01-23,43.57,2,2,2,0.5,0.0,0,0,1,23
180,2012-01-28,180.98,3,3,3,0.3333333333333333,0.0,5,1,1,28
180,2012-01-29,47.74,3,3,3,0.0,0.0,6,1,1,29
180,2012-01-30,73.32,5,4,5,0.4,0.0,0,0,1,30
180,2012-01-31,8.8,1,1,1,0.0,0.0,1,0,1,31
180,2012-02-01,121.16000000000001,2,2,2,0.0,0.0,2,0,2,1
180,2012-02-02,22.98,1,1,1,1.0,0.0,3,0,2,2
180,2012-02-03,18.2,1,1,1,0.0,0.0,4,0,2,3
180,2012-02-04,164.91,4,4,4,0.0,0.0,5,1,2,4
180,2012-02-05,347.92,6,4,5,0.3333333333333333,0.0,6,1,2,5
180,2012-02-06,216.04000000000002,6,4,5,0.16666666666666666,0.0,0,0,2,6
180,2012-02-09,73.46,3,3,3,0.3333333333333333,0.0,3,0,2,9
180,2012-02-10,87.97999999999999,2,2,2,0.5,0.0,4,0,2,10
180,2012-02-11,16.25,1,1,1,0.0,0.0,5,1,2,11
180,2012-02-12,32.02,2,2,2,0.5,0.0,6,1,2,12
180,2012-02-13,21.71,1,1,1,1.0,0.0,0,0,2,13
180,2012-02-15,24.6,1,1,1,1.0,0.0,2,0,2,15
180,2012-02-16,275.69,2,2,2,0.5,0.0,3,0,2,16
180,2012-02-17,12.94,1,1,1,0.0,0.0,4,0,2,17
180,2012-02-19,46.92,3,2,2,0.6666666666666666,0.0,6,1,2,19
180,2012-02-20,18.31,1,1,1,0.0,0.0,0,0,2,20
180,2012-02-21,171.92000000000002,4,4,4,0.25,0.0,1,0,2,21
180,2012-02-22,13.79,1,1,1,1.0,0.0,2,0,2,22
180,2012-02-24,34.2,2,2,2,0.0,0.0,4,0,2,24
180,2012-02-25,15.14,1,1,1,0.0,0.0,5,1,2,25
180,2012-02-26,31.55,2,2,2,0.0,0.0,6,1,2,26
180,2012-02-27,26.18,2,2,2,0.0,0.0,0,0,2,27
180,2012-03-01,80.78,3,3,3,0.0,0.0,3,0,3,1
180,2012-03-02,161.81,2,2,2,0.0,0.0,4,0,3,2
180,2012-03-03,16.11,1,1,1,1.0,0.0,5,1,3,3
180,2012-03-04,161.87,4,2,3,0.0,0.0,6,1,3,4
180,2012-03-05,54.25,2,2,2,0.5,0.0,0,0,3,5
180,2012-03-07,33.86,2,2,2,0.0,0.0,2,0,3,7
180,2012-03-08,198.41,3,3,3,0.0,0.0,3,0,3,8
180,2012-03-09,23.29,1,1,1,0.0,0.0,4,0,3,9
180,2012-03-11,240.06,5,5,5,0.2,0.0,6,1,3,11
180,2012-03-12,92.31,5,5,5,0.0,0.0,0,0,3,12
180,2012-03-13,16.77,1,1,1,1.0,0.0,1,0,3,13
180,2012-03-15,123.06,1,1,1,1.0,0.0,3,0,3,15
180,2012-03-17,16.14,1,1,1,0.0,0.0,5,1,3,17
180,2012-03-18,37.79,3,3,3,0.0,0.0,6,1,3,18
180,2012-03-19,135.56,3,3,3,0.3333333333333333,0.0,0,0,3,19
180,2012-03-20,14.65,1,1,1,0.0,0.0,1,0,3,20
180,2012-03-21,33.019999999999996,2,2,2,0.0,0.0,2,0,3,21
180,2012-03-23,184.59,2,2,2,0.0,0.0,4,0,3,23
180,2012-03-24,19.18,1,1,1,0.0,0.0,5,1,3,24
180,2012-03-25,121.94,3,2,2,0.3333333333333333,0.0,6,1,3,25
180,2012-03-26,207.53,5,4,4,0.2,0.0,0,0,3,26
180,2012-03-27,233.87,4,4,4,0.0,0.0,1,0,3,27
180,2012-03-28,18.36,2,2,2,0.0,0.0,2,0,3,28
180,2012-03-30,160.36,2,2,2,0.5,0.0,4,0,3,30
180,2012-03-31,3.74,1,1,1,0.0,0.0,5,1,3,31
180,2012-04-01,128.68,4,4,4,0.25,0.0,6,1,4,1
180,2012-04-02,33.410000000000004,2,2,2,0.5,0.0,0,0,4,2
180,2012-04-03,25.64,2,2,2,0.0,0.0,1,0,4,3
180,2012-04-05,18.38,1,1,1,0.0,0.0,3,0,4,5
180,2012-04-06,18.72,2,2,2,0.0,0.0,4,0,4,6
180,2012-04-07,16.64,1,1,1,1.0,0.0,5,1,4,7
180,2012-04-08,34.42,2,1,1,1.0,0.0,6,1,4,8
180,2012-04-09,155.15,3,3,3,0.3333333333333333,0.0,0,0,4,9
180,2012-04-10,12.24,1,1,1,0.0,0.0,1,0,4,10
180,2012-04-11,25.04,1,1,1,0.0,0.0,2,0,4,11
180,2012-04-12,100.0,1,1,1,0.0,0.0,3,0,4,12
180,2012-04-14,159.35999999999999,2,2,2,0.0,0.0,5,1,4,14
180,2012-04-15,107.49,3,3,3,0.0,0.0,6,1,4,15
180,2012-04-16,6.9,1,1,1,0.0,0.0,0,0,4,16
180,2012-04-17,43.92,2,2,2,0.0,0.0,1,0,4,17
180,2012-04-18,147.61,4,3,3,0.25,0.0,2,0,4,18
180,2012-04-19,114.97999999999999,2,2,2,0.0,0.0,3,0,4,19
180,2012-04-20,169.39,3,3,3,0.3333333333333333,0.0,4,0,4,20
180,2012-04-21,170.79,4,4,4,0.25,0.0,5,1,4,21
180,2012-04-22,25.83,2,2,2,0.0,0.0,6,1,4,22
180,2012-04-23,17.19,1,1,1,0.0,0.0,0,0,4,23
180,2012-04-24,17.02,1,1,1,1.0,0.0,1,0,4,24
180,2012-04-26,46.29,3,3,3,0.3333333333333333,0.0,3,0,4,26
180,2012-04-27,20.47,1,1,1,1.0,0.0,4,0,4,27
180,2012-04-28,89.19,3,2,2,0.3333333333333333,0.0,5,1,4,28
180,2012-04-29,16.71,2,2,2,0.0,0.0,6,1,4,29
180,2012-04-30,149.64,4,3,4,0.0,0.0,0,0,4,30
180,2012-05-01,23.76,1,1,1,0.0,0.0,1,0,5,1
180,2012-05-03,100.0,1,1,1,0.0,0.0,3,0,5,3
180,2012-05-05,91.84,2,2,2,0.5,0.0,5,1,5,5
180,2012-05-06,50.2,3,2,3,0.3333333333333333,0.0,6,1,5,6
180,2012-05-07,75.46000000000001,4,4,4,0.0,0.0,0,0,5,7
180,2012-05-08,123.96000000000001,2,2,2,0.5,0.0,1,0,5,8
180,2012-05-10,71.03999999999999,3,3,3,0.0,0.0,3,0,5,10
180,2012-05-11,100.0,1,1,1,0.0,0.0,4,0,5,11
180,2012-05-12,18.33,1,1,1,0.0,0.0,5,1,5,12
180,2012-05-13,35.05,2,2,2,0.5,0.0,6,1,5,13
180,2012-05-14,30.32,2,2,2,0.0,0.0,0,0,5,14
180,2012-05-15,16.17,1,1,1,0.0,0.0,1,0,5,15
180,2012-05-16,202.65,4,4,4,0.0,0.0,2,0,5,16
180,2012-05-18,24.330000000000002,2,2,2,0.5,0.0,4,0,5,18
180,2012-05-20,21.27,1,1,1,0.0,0.0,6,1,5,20
180,2012-05-21,21.25,1,1,1,0.0,0.0,0,0,5,21
180,2012-05-22,9.66,1,1,1,0.0,0.0,1,0,5,22
180,2012-05-24,51.72,3,3,3,0.0,0.0,3,0,5,24
180,2012-05-25,13.4,1,1,1,0.0,0.0,4,0,5,25
180,2012-05-26,35.61,1,1,1,0.0,0.0,5,1,5,26
180,2012-05-27,158.65,4,4,4,0.0,0.0,6,1,5,27
180,2012-05-28,51.150000000000006,3,3,3,0.3333333333333333,0.0,0,0,5,28
180,2012-05-29,47.03,3,2,3,0.6666666666666666,0.0,1,0,5,29
180,2012-05-30,151.47,1,1,1,1.0,0.0,2,0,5,30
180,2012-06-01,150.72,3,3,3,0.3333333333333333,0.0,4,0,6,1
180,2012-06-02,9.85,1,1,1,0.0,0.0,5,1,6,2
180,2012-06-03,106.08,3,3,3,0.0,0.0,6,1,6,3
180,2012-06-04,210.93,5,4,4,0.0,0.0,0,0,6,4
180,2012-06-05,204.73999999999998,3,3,3,0.0,0.0,1,0,6,5
180,2012-06-06,205.3,2,2,2,0.5,0.0,2,0,6,6
180,2012-06-07,6.32,1,1,1,1.0,0.0,3,0,6,7
180,2012-06-08,141.81,1,1,1,0.0,0.0,4,0,6,8
180,2012-06-10,39.04,3,3,3,0.3333333333333333,0.0,6,1,6,10
180,2012-06-11,194.94000000000003,3,2,3,1.0,0.0,0,0,6,11
180,2012-06-12,218.41,3,3,3,0.0,0.0,1,0,6,12
180,2012-06-13,139.92000000000002,2,2,2,0.0,0.0,2,0,6,13
180,2012-06-15,11.16,1,1,1,0.0,0.0,4,0,6,15
180,2012-06-16,129.51,1,1,1,0.0,0.0,5,1,6,16
180,2012-06-17,28.65,2,1,2,1.0,0.0,6,1,6,17
180,2012-06-18,42.23,2,2,2,0.0,0.0,0,0,6,18
180,2012-06-20,11.89,1,1,1,0.0,0.0,2,0,6,20
180,2012-06-21,22.28,2,1,2,0.0,0.0,3,0,6,21
180,2012-06-22,20.72,1,1,1,0.0,0.0,4,0,6,22
180,2012-06-23,60.0,1,1,1,0.0,0.0,5,1,6,23
180,2012-06-24,150.82,4,4,4,0.25,0.0,6,1,6,24
180,2012-06-25,118.68,2,2,2,0.0,0.0,0,0,6,25
180,2012-06-26,61.89,4,3,3,0.0,0.0,1,0,6,26
180,2012-06-27,14.74,1,1,1,0.0,0.0,2,0,6,27
180,2012-06-28,120.0,1,1,1,0.0,0.0,3,0,6,28
180,2012-06-29,29.48,1,1,1,0.0,0.0,4,0,6,29
180,2012-06-30,28.6,1,1,1,0.0,0.0,5,1,6,30
180,2012-07-01,53.65,2,2,2,0.0,0.0,6,1,7,1
180,2012-07-02,55.04,5,4,4,0.0,0.0,0,0,7,2
180,2012-07-04,88.22,5,4,4,0.4,0.0,2,0,7,4
180,2012-07-05,178.08,2,2,2,0.5,0.0,3,0,7,5
180,2012-07-06,33.93,2,1,1,0.0,0.0,4,0,7,6
180,2012-07-07,140.03,1,1,1,0.0,0.0,5,1,7,7
180,2012-07-08,214.5,6,5,5,0.16666666666666666,0.0,6,1,7,8
180,2012-07-09,32.14,3,3,3,0.0,0.0,0,0,7,9
180,2012-07-10,70.73,2,1,1,1.0,0.0,1,0,7,10
180,2012-07-11,19.46,1,1,1,0.0,0.0,2,0,7,11
180,2012-07-12,19.15,1,1,1,0.0,0.0,3,0,7,12
180,2012-07-13,31.14,2,2,2,0.0,0.0,4,0,7,13
180,2012-07-15,449.8,5,4,5,0.0,0.0,6,1,7,15
180,2012-07-17,50.169999999999995,2,2,2,0.0,0.0,1,0,7,17
180,2012-07-18,204.79000000000002,4,4,4,0.25,0.0,2,0,7,18
180,2012-07-19,26.68,1,1,1,0.0,0.0,3,0,7,19
180,2012-07-20,159.92,2,2,2,0.5,0.0,4,0,7,20
180,2012-07-21,24.1,2,2,2,0.0,0.0,5,1,7,21
180,2012-07-22,40.21,1,1,1,0.0,0.0,6,1,7,22
180,2012-07-23,38.76,2,2,2,0.0,0.0,0,0,7,23
180,2012-07-24,14.13,1,1,1,0.0,0.0,1,0,7,24
180,2012-07-25,62.43000000000001,4,4,4,0.25,0.0,2,0,7,25
180,2012-07-26,150.23,3,3,3,0.6666666666666666,0.0,3,0,7,26
180,2012-07-29,124.93,6,4,5,0.16666666666666666,0.0,6,1,7,29
180,2012-07-30,62.42,4,2,3,0.0,0.0,0,0,7,30
180,2012-07-31,21.44,2,2,2,0.0,0.0,1,0,7,31
180,2012-08-01,53.769999999999996,2,2,2,0.5,0.0,2,0,8,1
180,2012-08-05,141.37,4,3,4,0.5,0.0,6,1,8,5
180,2012-08-06,82.9,3,3,3,0.0,0.0,0,0,8,6
180,2012-08-07,11.08,1,1,1,0.0,0.0,1,0,8,7
180,2012-08-09,213.44,1,1,1,0.0,0.0,3,0,8,9
180,2012-08-10,112.46000000000001,3,3,3,0.0,0.0,4,0,8,10
180,2012-08-11,15.5,1,1,1,0.0,0.0,5,1,8,11
180,2012-08-12,31.66,2,2,2,0.0,0.0,6,1,8,12
180,2012-08-13,21.96,1,1,1,0.0,0.0,0,0,8,13
180,2012-08-14,116.47,1,1,1,0.0,0.0,1,0,8,14
180,2012-08-17,116.92,1,1,1,0.0,0.0,4,0,8,17
180,2012-08-18,11.31,1,1,1,0.0,0.0,5,1,8,18
180,2012-08-19,165.17,2,2,2,0.5,0.0,6,1,8,19
180,2012-08-20,302.12,5,3,5,0.2,0.0,0,0,8,20
180,2012-08-22,173.53,2,2,2,0.0,0.0,2,0,8,22
180,2012-08-23,19.3,1,1,1,0.0,0.0,3,0,8,23
180,2012-08-24,25.43,1,1,1,0.0,0.0,4,0,8,24
180,2012-08-25,22.82,2,2,2,0.5,0.0,5,1,8,25
180,2012-08-26,2.9,1,1,1,0.0,0.0,6,1,8,26
180,2012-08-27,18.45,1,1,1,1.0,0.0,0,0,8,27
180,2012-08-29,103.46000000000001,3,3,3,0.0,0.0,2,0,8,29
180,2012-08-30,16.3,1,1,1,0.0,0.0,3,0,8,30
180,2012-08-31,10.21,1,1,1,1.0,0.0,4,0,8,31
180,2012-09-01,32.65,2,1,2,1.0,0.0,5,1,9,1
180,2012-09-02,9.68,1,1,1,0.0,0.0,6,1,9,2
180,2012-09-03,19.34,1,1,1,0.0,0.0,0,0,9,3
180,2012-09-04,35.78,2,2,2,0.5,0.0,1,0,9,4
180,2012-09-06,89.75,2,2,2,0.0,0.0,3,0,9,6
180,2012-09-07,40.24,1,1,1,0.0,0.0,4,0,9,7
180,2012-09-08,142.36,4,4,4,0.25,0.0,5,1,9,8
180,2012-09-09,31.92,2,2,2,0.0,0.0,6,1,9,9
180,2012-09-10,28.29,2,2,2,0.0,0.0,0,0,9,10
180,2012-09-11,155.09,2,2,2,0.0,0.0,1,0,9,11
180,2012-09-12,38.91,2,2,2,0.0,0.0,2,0,9,12
180,2012-09-13,143.24,3,3,3,0.3333333333333333,0.0,3,0,9,13
180,2012-09-15,305.0,1,1,1,0.0,0.0,5,1,9,15
180,2012-09-16,53.14,3,2,2,0.3333333333333333,0.0,6,1,9,16
180,2012-09-17,31.899999999999977,6,4,5,0.16666666666666666,0.0,0,0,9,17
180,2012-09-18,9.72,1,1,1,0.0,0.0,1,0,9,18
180,2012-09-20,37.769999999999996,2,2,2,0.5,0.0,3,0,9,20
180,2012-09-21,69.32,3,3,3,0.3333333333333333,0.0,4,0,9,21
180,2012-09-23,58.05,3,3,3,0.3333333333333333,0.0,6,1,9,23
180,2012-09-24,212.3,4,3,4,0.75,0.0,0,0,9,24
180,2012-09-25,19.18,1,1,1,0.0,0.0,1,0,9,25
180,2012-09-26,57.629999999999995,2,2,2,0.0,0.0,2,0,9,26
180,2012-09-27,14.79,1,1,1,0.0,0.0,3,0,9,27
180,2012-09-28,37.870000000000005,2,2,2,0.0,0.0,4,0,9,28
180,2012-09-30,195.20999999999998,4,4,4,0.25,0.0,6,1,9,30
180,2012-10-01,24.880000000000003,2,2,2,0.5,0.0,0,0,10,1
180,2012-10-02,21.67,1,1,1,0.0,0.0,1,0,10,2
180,2012-10-03,238.76999999999998,2,2,2,0.0,0.0,2,0,10,3
180,2012-10-04,124.01,1,1,1,0.0,0.0,3,0,10,4
180,2012-10-06,102.78,2,2,2,0.5,0.0,5,1,10,6
180,2012-10-07,46.63,3,1,2,0.0,0.0,6,1,10,7
180,2012-10-08,44.480000000000004,4,4,4,0.0,0.0,0,0,10,8
180,2012-10-12,117.75,1,1,1,1.0,0.0,4,0,10,12
180,2012-10-14,35.709999999999994,2,2,2,0.5,0.0,6,1,10,14
180,2012-10-15,124.45,4,3,4,0.25,0.0,0,0,10,15
180,2012-10-16,96.55,2,1,1,0.0,0.0,1,0,10,16
180,2012-10-17,277.0,1,1,1,0.0,0.0,2,0,10,17
180,2012-10-18,31.96,1,1,1,1.0,0.0,3,0,10,18
180,2012-10-19,31.069999999999972,4,2,2,0.0,0.0,4,0,10,19
180,2012-10-20,13.95,1,1,1,0.0,0.0,5,1,10,20
180,2012-10-21,47.24,2,2,2,0.0,0.0,6,1,10,21
180,2012-10-22,12.38,1,1,1,0.0,0.0,0,0,10,22
180,2012-10-24,73.55,2,2,2,0.5,0.0,2,0,10,24
180,2012-10-25,101.97,2,2,2,0.0,0.0,3,0,10,25
180,2012-10-26,454.0,1,1,1,1.0,0.0,4,0,10,26
180,2012-10-27,26.69,1,1,1,0.0,0.0,5,1,10,27
180,2012-10-28,-256.15,2,1,1,1.0,0.0,6,1,10,28
180,2012-10-29,55.31,4,3,4,0.5,0.0,0,0,10,29
180,2012-10-30,124.78,2,2,2,0.0,0.0,1,0,10,30
180,2012-10-31,152.08,2,1,1,0.0,0.0,2,0,10,31
180,2012-11-01,12.33,1,1,1,1.0,0.0,3,0,11,1
180,2012-11-03,11.32,1,1,1,0.0,0.0,5,1,11,3
180,2012-11-04,20.52,1,1,1,0.0,0.0,6,1,11,4
180,2012-11-05,79.5,3,2,3,0.3333333333333333,0.0,0,0,11,5
180,2012-11-07,144.03,4,4,4,0.0,0.0,2,0,11,7
180,2012-11-08,13.93,1,1,1,1.0,0.0,3,0,11,8
180,2012-11-11,167.57,3,3,3,0.3333333333333333,0.0,6,1,11,11
180,2012-11-12,26.73,2,1,1,0.0,0.0,0,0,11,12
180,2012-11-15,10.99,1,1,1,0.0,0.0,3,0,11,15
180,2012-11-17,13.08,1,1,1,1.0,0.0,5,1,11,17
180,2012-11-18,15.92,1,1,1,0.0,0.0,6,1,11,18
180,2012-11-19,16.89,1,1,1,0.0,0.0,0,0,11,19
180,2012-11-21,17.11,1,1,1,0.0,0.0,2,0,11,21
180,2012-11-22,38.95,2,2,2,0.5,0.0,3,0,11,22
180,2012-11-23,33.7,2,2,2,0.5,0.0,4,0,11,23
180,2012-11-25,11.98,1,1,1,0.0,0.0,6,1,11,25
180,2012-11-26,148.73999999999998,2,2,2,0.0,0.0,0,0,11,26
180,2012-11-27,19.51,1,1,1,0.0,0.0,1,0,11,27
180,2012-11-29,60.78,3,3,3,0.0,0.0,3,0,11,29
180,2012-11-30,185.16,2,2,2,0.0,0.0,4,0,11,30
180,2012-12-02,232.26999999999998,3,3,3,0.3333333333333333,0.0,6,1,12,2
180,2012-12-03,45.74,3,3,3,0.3333333333333333,0.0,0,0,12,3
180,2012-12-04,127.27,2,2,2,0.0,0.0,1,0,12,4
180,2012-12-05,32.510000000000005,2,2,2,0.0,0.0,2,0,12,5
180,2012-12-06,15.61,1,1,1,0.0,0.0,3,0,12,6
180,2012-12-08,25.46,1,1,1,0.0,0.0,5,1,12,8
180,2012-12-10,72.78,3,3,3,0.6666666666666666,0.0,0,0,12,10
180,2012-12-11,141.88,2,2,2,0.0,0.0,1,0,12,11
180,2012-12-12,50.019999999999996,3,2,3,0.6666666666666666,0.0,2,0,12,12
180,2012-12-16,21.22,1,1,1,1.0,0.0,6,1,12,16
180,2012-12-17,84.32,3,2,3,0.0,0.0,0,0,12,17
180,2012-12-18,7.33,1,1,1,0.0,0.0,1,0,12,18
180,2012-12-19,41.4,1,1,1,0.0,0.0,2,0,12,19
180,2012-12-20,179.09,2,2,2,0.0,0.0,3,0,12,20
180,2012-12-21,150.07999999999998,2,2,2,0.0,0.0,4,0,12,21
180,2012-12-22,4.02,1,1,1,0.0,0.0,5,1,12,22
180,2012-12-23,185.38,3,2,2,0.3333333333333333,0.0,6,1,12,23
180,2012-12-24,8.84,1,1,1,1.0,0.0,0,0,12,24
180,2012-12-25,59.81,4,2,3,0.0,0.0,1,0,12,25
180,2012-12-26,102.03,2,2,2,0.0,0.0,2,0,12,26
180,2012-12-27,143.08,1,1,1,0.0,0.0,3,0,12,27
180,2012-12-28,11.68,1,1,1,0.0,0.0,4,0,12,28
180,2012-12-29,31.36,2,2,2,0.0,0.0,5,1,12,29
180,2012-12-30,24.0,1,1,1,0.0,0.0,6,1,12,30
180,2012-12-31,49.12,3,3,3,0.6666666666666666,0.0,0,0,12,31
180,2013-01-01,150.96,2,2,2,0.0,0.0,1,0,1,1
180,2013-01-02,119.36,2,2,2,0.0,0.0,2,0,1,2
180,2013-01-04,102.65,3,3,3,0.0,0.0,4,0,1,4
180,2013-01-05,28.73,2,2,2,0.0,0.0,5,1,1,5
180,2013-01-08,164.53,5,4,4,0.4,0.0,1,0,1,8
180,2013-01-09,141.01,3,3,3,0.3333333333333333,0.0,2,0,1,9
180,2013-01-10,32.68,2,2,2,0.0,0.0,3,0,1,10
180,2013-01-11,140.44,3,3,3,0.3333333333333333,0.0,4,0,1,11
180,2013-01-12,17.95,1,1,1,0.0,0.0,5,1,1,12
180,2013-01-14,46.879999999999995,2,2,2,0.0,0.0,0,0,1,14
180,2013-01-16,56.44,3,2,3,0.0,0.0,2,0,1,16
180,2013-01-17,16.15,1,1,1,0.0,0.0,3,0,1,17
180,2013-01-18,108.95,1,1,1,0.0,0.0,4,0,1,18
180,2013-01-19,119.64,1,1,1,1.0,0.0,5,1,1,19
180,2013-01-20,40.86,2,2,2,0.0,0.0,6,1,1,20
180,2013-01-21,22.36,1,1,1,0.0,0.0,0,0,1,21
180,2013-01-22,193.73000000000002,4,3,3,0.0,0.0,1,0,1,22
180,2013-01-23,42.82,3,3,3,0.6666666666666666,0.0,2,0,1,23
180,2013-01-25,8.44,1,1,1,0.0,0.0,4,0,1,25
180,2013-01-26,51.39,3,3,3,0.0,0.0,5,1,1,26
180,2013-01-27,211.45,3,3,3,0.3333333333333333,0.0,6,1,1,27
180,2013-01-28,54.980000000000004,2,2,2,0.0,0.0,0,0,1,28
180,2013-01-29,155.70999999999998,3,3,3,0.0,0.0,1,0,1,29
180,2013-01-30,497.88,3,3,3,0.3333333333333333,0.0,2,0,1,30
180,2013-01-31,30.35,1,1,1,0.0,0.0,3,0,1,31
180,2013-02-01,37.69,3,3,3,0.6666666666666666,0.0,4,0,2,1
180,2013-02-02,35.39,2,2,2,0.0,0.0,5,1,2,2
180,2013-02-03,164.52,2,2,2,0.5,0.0,6,1,2,3
180,2013-02-04,13.55,1,1,1,1.0,0.0,0,0,2,4
180,2013-02-05,705.2900000000001,4,4,4,0.25,0.0,1,0,2,5
180,2013-02-06,361.34,7,4,6,0.5714285714285714,0.0,2,0,2,6
180,2013-02-07,188.20999999999998,3,3,3,0.3333333333333333,0.0,3,0,2,7
180,2013-02-09,96.16,1,1,1,0.0,0.0,5,1,2,9
180,2013-02-11,138.39,3,3,3,0.6666666666666666,0.0,0,0,2,11
180,2013-02-12,51.25,4,4,4,0.25,0.0,1,0,2,12
180,2013-02-13,83.97,3,3,3,0.3333333333333333,0.0,2,0,2,13
180,2013-02-14,29.43,1,1,1,1.0,0.0,3,0,2,14
180,2013-02-15,151.81,1,1,1,0.0,0.0,4,0,2,15
180,2013-02-17,170.35,4,3,4,0.25,0.0,6,1,2,17
180,2013-02-18,11.96,1,1,1,0.0,0.0,0,0,2,18
180,2013-02-19,42.87,3,3,3,0.0,0.0,1,0,2,19
180,2013-02-20,175.14,4,4,4,0.25,0.0,2,0,2,20
180,2013-02-21,174.58,5,2,3,0.2,0.0,3,0,2,21
180,2013-02-22,15.73,1,1,1,1.0,0.0,4,0,2,22
180,2013-02-23,111.3,1,1,1,0.0,0.0,5,1,2,23
180,2013-02-26,58.949999999999996,4,3,4,0.75,0.0,1,0,2,26
180,2013-02-27,12.79,1,1,1,0.0,0.0,2,0,2,27
180,2013-03-01,191.0,2,2,2,0.0,0.0,4,0,3,1
180,2013-03-02,47.86,2,2,2,0.0,0.0,5,1,3,2
180,2013-03-03,42.82,2,2,2,0.0,0.0,6,1,3,3
180,2013-03-04,96.52,2,2,2,0.5,0.0,0,0,3,4
180,2013-03-05,12.78,1,1,1,1.0,0.0,1,0,3,5
180,2013-03-06,43.019999999999996,2,1,2,0.0,0.0,2,0,3,6
180,2013-03-07,175.87,1,1,1,1.0,0.0,3,0,3,7
180,2013-03-08,119.25,1,1,1,0.0,0.0,4,0,3,8
180,2013-03-09,137.57,3,3,3,0.3333333333333333,0.0,5,1,3,9
180,2013-03-10,34.33,2,1,1,0.0,0.0,6,1,3,10
180,2013-03-12,130.98000000000002,2,2,2,0.0,0.0,1,0,3,12
180,2013-03-13,222.0,3,3,3,0.3333333333333333,0.0,2,0,3,13
180,2013-03-14,17.35,1,1,1,0.0,0.0,3,0,3,14
180,2013-03-16,92.82,1,1,1,0.0,0.0,5,1,3,16
180,2013-03-18,238.82,2,1,1,0.0,0.0,0,0,3,18
180,2013-03-19,20.39,1,1,1,0.0,0.0,1,0,3,19
180,2013-03-20,49.48,3,2,3,0.0,0.0,2,0,3,20
180,2013-03-21,113.87,1,1,1,0.0,0.0,3,0,3,21
180,2013-03-22,61.25,1,1,1,0.0,0.0,4,0,3,22
180,2013-03-23,85.24,1,1,1,0.0,0.0,5,1,3,23
180,2013-03-24,116.39,1,1,1,0.0,0.0,6,1,3,24
180,2013-03-26,45.0,3,2,3,0.6666666666666666,0.0,1,0,3,26
180,2013-03-27,38.6,2,2,2,0.5,0.0,2,0,3,27
180,2013-03-28,154.1,3,3,3,0.0,0.0,3,0,3,28
180,2013-03-29,8.28,1,1,1,0.0,0.0,4,0,3,29
180,2013-03-31,32.59,2,2,2,0.0,0.0,6,1,3,31
180,2013-04-01,20.2,1,1,1,1.0,0.0,0,0,4,1
180,2013-04-02,274.66999999999996,8,6,6,0.25,0.0,1,0,4,2
180,2013-04-03,135.11,2,2,2,0.0,0.0,2,0,4,3
180,2013-04-04,264.8,4,4,4,0.25,0.0,3,0,4,4
180,2013-04-06,15.58,1,1,1,0.0,0.0,5,1,4,6
180,2013-04-07,632.03,1,1,1,0.0,0.0,6,1,4,7
180,2013-04-09,39.61,3,3,3,0.0,0.0,1,0,4,9
180,2013-04-10,305.34,4,4,4,0.5,0.0,2,0,4,10
180,2013-04-11,60.44,3,3,3,0.0,0.0,3,0,4,11
180,2013-04-13,34.67,2,2,2,0.0,0.0,5,1,4,13
180,2013-04-14,238.15,3,2,2,0.3333333333333333,0.0,6,1,4,14
180,2013-04-15,81.59,1,1,1,0.0,0.0,0,0,4,15
180,2013-04-16,47.949999999999996,3,2,2,0.3333333333333333,0.0,1,0,4,16
180,2013-04-18,11.16,1,1,1,0.0,0.0,3,0,4,18
180,2013-04-19,399.81,3,3,3,0.0,0.0,4,0,4,19
180,2013-04-20,49.459999999999994,2,1,1,0.0,0.0,5,1,4,20
180,2013-04-22,38.36,2,2,2,0.0,0.0,0,0,4,22
180,2013-04-24,28.57,2,2,2,0.5,0.0,2,0,4,24
180,2013-04-26,6.3,1,1,1,0.0,0.0,4,0,4,26
180,2013-04-27,13.75,1,1,1,0.0,0.0,5,1,4,27
180,2013-04-29,422.1,3,3,3,0.0,0.0,0,0,4,29
180,2013-05-01,45.00999999999999,7,4,5,0.0,0.0,2,0,5,1
180,2013-05-07,145.95999999999998,2,2,2,0.0,0.0,1,0,5,7
180,2013-05-08,115.71000000000001,2,2,2,0.0,0.0,2,0,5,8
180,2013-05-11,49.489999999999995,3,3,3,0.3333333333333333,0.0,5,1,5,11
180,2013-05-12,9.5,1,1,1,0.0,0.0,6,1,5,12
180,2013-05-13,255.49,4,4,4,0.25,0.0,0,0,5,13
180,2013-05-14,18.36,1,1,1,1.0,0.0,1,0,5,14
180,2013-05-15,35.36,3,3,3,0.3333333333333333,0.0,2,0,5,15
180,2013-05-16,268.99,3,3,3,0.0,0.0,3,0,5,16
180,2013-05-18,13.18,1,1,1,0.0,0.0,5,1,5,18
180,2013-05-19,19.4,1,1,1,0.0,0.0,6,1,5,19
180,2013-05-20,27.28,1,1,1,0.0,0.0,0,0,5,20
180,2013-05-21,184.92000000000002,5,4,4,0.2,0.0,1,0,5,21
180,2013-05-22,14.77,2,2,2,0.5,0.0,2,0,5,22
180,2013-05-23,116.9,1,1,1,0.0,0.0,3,0,5,23
180,2013-05-24,22.6,1,1,1,0.0,0.0,4,0,5,24
180,2013-05-26,15.54,1,1,1,1.0,0.0,6,1,5,26
180,2013-05-27,60.0,1,1,1,0.0,0.0,0,0,5,27
180,2013-05-28,66.56,5,4,4,0.0,0.0,1,0,5,28
180,2013-05-29,118.42,2,2,2,0.0,0.0,2,0,5,29
180,2013-05-30,37.89,3,2,2,0.0,0.0,3,0,5,30
180,2013-05-31,83.84,2,2,2,0.0,0.0,4,0,5,31
180,2013-06-03,35.44,2,1,2,1.0,0.0,0,0,6,3
180,2013-06-04,170.76,4,4,4,0.25,0.0,1,0,6,4
180,2013-06-05,24.46,2,2,2,0.0,0.0,2,0,6,5
180,2013-06-06,25.369999999999997,2,2,2,0.0,0.0,3,0,6,6
180,2013-06-07,70.67999999999999,3,3,3,0.0,0.0,4,0,6,7
180,2013-06-08,2.4,1,1,1,0.0,0.0,5,1,6,8
180,2013-06-09,13.5,1,1,1,1.0,0.0,6,1,6,9
180,2013-06-10,120.07,3,3,3,0.0,0.0,0,0,6,10
180,2013-06-11,49.82,3,3,3,0.3333333333333333,0.0,1,0,6,11
180,2013-06-12,37.96,2,2,2,0.5,0.0,2,0,6,12
180,2013-06-15,29.2,1,1,1,0.0,0.0,5,1,6,15
180,2013-06-16,8.79,1,1,1,0.0,0.0,6,1,6,16
180,2013-06-18,12.09,1,1,1,0.0,0.0,1,0,6,18
180,2013-06-19,77.51,3,3,3,0.3333333333333333,0.0,2,0,6,19
180,2013-06-20,120.75999999999999,3,3,3,0.0,0.0,3,0,6,20
180,2013-06-21,16.4,2,2,2,0.0,0.0,4,0,6,21
180,2013-06-23,18.72,1,1,1,0.0,0.0,6,1,6,23
180,2013-06-24,12.52,1,1,1,1.0,0.0,0,0,6,24
180,2013-06-25,174.48,5,3,5,0.6,0.0,1,0,6,25
180,2013-06-26,31.189999999999998,2,1,2,1.0,0.0,2,0,6,26
180,2013-06-27,125.31,2,2,2,0.0,0.0,3,0,6,27
180,2013-06-28,25.25,2,2,2,0.0,0.0,4,0,6,28
180,2013-06-29,118.63000000000001,2,2,2,0.5,0.0,5,1,6,29
180,2013-06-30,148.52,3,3,3,0.3333333333333333,0.0,6,1,6,30
180,2013-07-03,49.75,2,2,2,0.5,0.0,2,0,7,3
180,2013-07-04,39.96,2,2,2,0.5,0.0,3,0,7,4
180,2013-07-06,12.51,1,1,1,0.0,0.0,5,1,7,6
180,2013-07-07,179.42000000000002,2,2,2,0.0,0.0,6,1,7,7
180,2013-07-08,101.3,1,1,1,0.0,0.0,0,0,7,8
180,2013-07-09,27.87,2,2,2,0.5,0.0,1,0,7,9
180,2013-07-10,21.45,2,2,2,0.0,0.0,2,0,7,10
180,2013-07-11,150.54,2,2,2,0.0,0.0,3,0,7,11
180,2013-07-12,17.02,1,1,1,0.0,0.0,4,0,7,12
180,2013-07-13,7.46,1,1,1,0.0,0.0,5,1,7,13
180,2013-07-14,20.72,2,2,2,0.5,0.0,6,1,7,14
180,2013-07-15,32.52,1,1,1,0.0,0.0,0,0,7,15
180,2013-07-16,12.89,1,1,1,0.0,0.0,1,0,7,16
180,2013-07-17,186.31,5,5,5,0.2,0.0,2,0,7,17
180,2013-07-18,46.61,3,3,3,0.3333333333333333,0.0,3,0,7,18
180,2013-07-19,656.6,4,4,4,0.25,0.0,4,0,7,19
180,2013-07-20,21.8,2,2,2,0.0,0.0,5,1,7,20
180,2013-07-22,13.11,1,1,1,0.0,0.0,0,0,7,22
180,2013-07-23,268.0,4,4,4,0.5,0.0,1,0,7,23
180,2013-07-24,16.63,1,1,1,0.0,0.0,2,0,7,24
180,2013-07-26,17.9,2,2,2,0.0,0.0,4,0,7,26
180,2013-07-27,146.16,2,2,2,0.0,0.0,5,1,7,27
180,2013-07-29,13.64,1,1,1,0.0,0.0,0,0,7,29
180,2013-07-30,129.31,3,3,3,0.0,0.0,1,0,7,30
180,2013-07-31,46.8,3,3,3,0.3333333333333333,0.0,2,0,7,31
180,2013-08-01,27.56,1,1,1,0.0,0.0,3,0,8,1
180,2013-08-02,105.85,2,2,2,0.0,0.0,4,0,8,2
180,2013-08-03,141.27,2,2,2,0.0,0.0,5,1,8,3
180,2013-08-04,10.79,1,1,1,0.0,0.0,6,1,8,4
180,2013-08-05,584.29,3,2,2,0.0,0.0,0,0,8,5
180,2013-08-07,80.0,1,1,1,0.0,0.0,2,0,8,7
180,2013-08-08,-240.72,4,3,3,0.0,0.0,3,0,8,8
180,2013-08-10,20.51,1,1,1,0.0,0.0,5,1,8,10
180,2013-08-12,22.94,1,1,1,0.0,0.0,0,0,8,12
180,2013-08-13,603.93,5,4,5,0.4,0.0,1,0,8,13
180,2013-08-14,-181.96,6,4,4,0.0,0.0,2,0,8,14
180,2013-08-15,82.88,2,2,2,0.0,0.0,3,0,8,15
180,2013-08-17,23.72,1,1,1,0.0,0.0,5,1,8,17
180,2013-08-19,30.64,2,2,2,0.0,0.0,0,0,8,19
180,2013-08-20,44.519999999999996,3,3,3,0.3333333333333333,0.0,1,0,8,20
180,2013-08-21,138.39,2,2,2,0.5,0.0,2,0,8,21
180,2013-08-22,109.56,3,3,3,0.6666666666666666,0.0,3,0,8,22
180,2013-08-23,130.88,1,1,1,1.0,0.0,4,0,8,23
180,2013-08-24,281.11,4,4,4,0.0,0.0,5,1,8,24
180,2013-08-26,35.2,3,3,3,0.3333333333333333,0.0,0,0,8,26
180,2013-08-27,109.75,3,2,2,1.0,0.0,1,0,8,27
180,2013-08-28,55.58,3,1,2,0.0,0.0,2,0,8,28
180,2013-08-29,320.78,4,4,4,0.25,0.0,3,0,8,29
180,2013-08-30,12.47,1,1,1,0.0,0.0,4,0,8,30
180,2013-09-01,18.64,1,1,1,1.0,0.0,6,1,9,1
180,2013-09-02,17.0,2,2,2,0.5,0.0,0,0,9,2
180,2013-09-03,33.94,2,2,2,0.5,0.0,1,0,9,3
180,2013-09-04,83.47,4,2,2,0.0,0.0,2,0,9,4
180,2013-09-05,98.5,3,3,3,0.3333333333333333,0.0,3,0,9,5
180,2013-09-06,16.89,1,1,1,1.0,0.0,4,0,9,6
180,2013-09-07,11.72,1,1,1,0.0,0.0,5,1,9,7
180,2013-09-08,11.04,2,2,2,0.0,0.0,6,1,9,8
180,2013-09-10,19.77,1,1,1,0.0,0.0,1,0,9,10
180,2013-09-11,19.07,1,1,1,1.0,0.0,2,0,9,11
180,2013-09-14,21.08,1,1,1,1.0,0.0,5,1,9,14
180,2013-09-15,10.34,1,1,1,0.0,0.0,6,1,9,15
180,2013-09-16,13.24,1,1,1,0.0,0.0,0,0,9,16
180,2013-09-17,29.23,2,2,2,0.5,0.0,1,0,9,17
180,2013-09-18,40.16,3,3,3,0.3333333333333333,0.0,2,0,9,18
180,2013-09-21,255.07000000000002,4,3,3,0.5,0.0,5,1,9,21
180,2013-09-22,19.7,1,1,1,1.0,0.0,6,1,9,22
180,2013-09-23,564.72,2,2,2,0.0,0.0,0,0,9,23
180,2013-09-25,20.56,1,1,1,0.0,0.0,2,0,9,25
180,2013-09-26,-187.63,4,3,3,0.0,0.0,3,0,9,26
180,2013-09-27,14.940000000000001,2,2,2,0.0,0.0,4,0,9,27
180,2013-09-28,94.0,2,2,2,0.0,0.0,5,1,9,28
180,2013-09-30,28.77,1,1,1,0.0,0.0,0,0,9,30
180,2013-10-01,42.54,3,3,3,0.0,0.0,1,0,10,1
180,2013-10-02,35.230000000000004,2,1,1,0.0,0.0,2,0,10,2
180,2013-10-03,25.82,2,2,2,0.0,0.0,3,0,10,3
180,2013-10-04,65.49000000000001,4,4,4,0.0,0.0,4,0,10,4
180,2013-10-05,130.17,3,3,3,0.0,0.0,5,1,10,5
180,2013-10-06,213.54000000000002,3,3,3,0.0,0.0,6,1,10,6
180,2013-10-07,32.29,2,2,2,0.5,0.0,0,0,10,7
180,2013-10-08,158.74,1,1,1,1.0,0.0,1,0,10,8
180,2013-10-09,45.849999999999994,3,2,2,0.0,0.0,2,0,10,9
180,2013-10-10,142.83,2,2,2,0.0,0.0,3,0,10,10
180,2013-10-11,286.84000000000003,2,2,2,0.0,0.0,4,0,10,11
180,2013-10-13,32.21,2,2,2,0.0,0.0,6,1,10,13
180,2013-10-14,137.88,1,1,1,0.0,0.0,0,0,10,14
180,2013-10-15,9.19,1,1,1,0.0,0.0,1,0,10,15
180,2013-10-16,117.7,3,3,3,0.0,0.0,2,0,10,16
180,2013-10-17,45.01,1,1,1,0.0,0.0,3,0,10,17
180,2013-10-18,12.34,1,1,1,0.0,0.0,4,0,10,18
180,2013-10-21,161.23000000000002,3,2,2,0.0,0.0,0,0,10,21
180,2013-10-22,50.13,1,1,1,0.0,0.0,1,0,10,22
180,2013-10-23,11.92,1,1,1,0.0,0.0,2,0,10,23
180,2013-10-24,40.37,1,1,1,0.0,0.0,3,0,10,24
180,2013-10-25,172.23999999999998,4,4,4,0.0,0.0,4,0,10,25
180,2013-10-26,14.95,1,1,1,0.0,0.0,5,1,10,26
180,2013-10-27,25.27,1,1,1,0.0,0.0,6,1,10,27
180,2013-10-28,14.77,1,1,1,0.0,0.0,0,0,10,28
180,2013-10-29,152.89,2,2,2,0.0,0.0,1,0,10,29
180,2013-10-30,17.97,1,1,1,0.0,0.0,2,0,10,30
180,2013-10-31,73.68,3,3,3,0.0,0.0,3,0,10,31
180,2013-11-01,26.3,2,2,2,0.0,0.0,4,0,11,1
180,2013-11-02,16.63,1,1,1,1.0,0.0,5,1,11,2
180,2013-11-03,48.19,2,2,2,0.0,0.0,6,1,11,3
180,2013-11-04,16.56,1,1,1,0.0,0.0,0,0,11,4
180,2013-11-05,21.48,1,1,1,0.0,0.0,1,0,11,5
180,2013-11-06,51.71,3,3,3,0.0,0.0,2,0,11,6
180,2013-11-07,21.39,1,1,1,1.0,0.0,3,0,11,7
180,2013-11-08,115.09,2,2,2,0.5,0.0,4,0,11,8
180,2013-11-10,17.03,1,1,1,0.0,0.0,6,1,11,10
180,2013-11-11,52.65,1,1,1,0.0,0.0,0,0,11,11
180,2013-11-12,112.53,4,3,3,0.25,0.0,1,0,11,12
180,2013-11-13,15.43,1,1,1,1.0,0.0,2,0,11,13
180,2013-11-14,60.0,1,1,1,0.0,0.0,3,0,11,14
180,2013-11-17,27.439999999999998,2,2,2,0.0,0.0,6,1,11,17
180,2013-11-19,34.010000000000005,2,1,1,0.0,0.0,1,0,11,19
180,2013-11-20,172.0,5,3,3,0.4,0.0,2,0,11,20
180,2013-11-21,16.63,1,1,1,0.0,0.0,3,0,11,21
180,2013-11-22,74.23,1,1,1,0.0,0.0,4,0,11,22
180,2013-11-23,29.45,1,1,1,0.0,0.0,5,1,11,23
180,2013-11-24,112.97,3,2,3,0.0,0.0,6,1,11,24
180,2013-11-26,168.3,4,3,4,0.0,0.0,1,0,11,26
180,2013-11-27,232.61,3,3,3,0.0,0.0,2,0,11,27
180,2013-11-29,41.24,2,2,2,0.0,0.0,4,0,11,29
180,2013-12-01,36.44,1,1,1,1.0,0.0,6,1,12,1
180,2013-12-02,125.31,2,2,2,0.0,0.0,0,0,12,2
180,2013-12-03,16.65,1,1,1,1.0,0.0,1,0,12,3
180,2013-12-04,160.36,1,1,1,0.0,0.0,2,0,12,4
180,2013-12-06,254.15,2,2,2,0.0,0.0,4,0,12,6
180,2013-12-10,15.18,1,1,1,1.0,0.0,1,0,12,10
180,2013-12-11,39.239999999999995,2,2,2,0.0,0.0,2,0,12,11
180,2013-12-12,57.72,1,1,1,0.0,0.0,3,0,12,12
180,2013-12-13,13.91,1,1,1,0.0,0.0,4,0,12,13
180,2013-12-16,134.23,1,1,1,0.0,0.0,0,0,12,16
180,2013-12-17,212.41,5,4,5,0.0,0.0,1,0,12,17
180,2013-12-18,136.68,4,3,4,0.0,0.0,2,0,12,18
180,2013-12-19,75.22,3,3,3,0.0,0.0,3,0,12,19
180,2013-12-20,15.77,1,1,1,0.0,0.0,4,0,12,20
180,2013-12-22,46.760000000000005,2,2,2,0.0,0.0,6,1,12,22
180,2013-12-24,97.49000000000001,2,2,2,0.5,0.0,1,0,12,24
180,2013-12-25,100.38,6,3,4,0.16666666666666666,0.0,2,0,12,25
180,2013-12-26,9.09,1,1,1,0.0,0.0,3,0,12,26
180,2013-12-28,13.07,1,1,1,0.0,0.0,5,1,12,28
180,2013-12-29,177.74,2,2,2,0.5,0.0,6,1,12,29
180,2013-12-31,10.08,1,1,1,0.0,0.0,1,0,12,31
180,2014-01-01,40.13,3,1,2,0.0,0.0,2,0,1,1
180,2014-01-02,104.72,4,4,4,0.25,0.0,3,0,1,2
180,2014-01-03,56.54,1,1,1,0.0,0.0,4,0,1,3
180,2014-01-04,81.03,3,3,3,0.6666666666666666,0.0,5,1,1,4
180,2014-01-05,62.66,2,2,2,0.0,0.0,6,1,1,5
180,2014-01-06,10.89,1,1,1,0.0,0.0,0,0,1,6
180,2014-01-08,25.08,2,1,1,0.0,0.0,2,0,1,8
180,2014-01-09,52.33,3,2,2,0.0,0.0,3,0,1,9
180,2014-01-10,13.81,1,1,1,0.0,0.0,4,0,1,10
180,2014-01-12,37.01,1,1,1,0.0,0.0,6,1,1,12
180,2014-01-14,153.4,1,1,1,0.0,0.0,1,0,1,14
180,2014-01-15,195.93,3,3,3,0.3333333333333333,0.0,2,0,1,15
180,2014-01-16,71.43,4,4,4,0.0,0.0,3,0,1,16
180,2014-01-17,32.55,2,2,2,0.5,0.0,4,0,1,17
180,2014-01-18,114.47999999999999,2,2,2,0.5,0.0,5,1,1,18
180,2014-01-19,36.43,2,2,2,0.5,0.0,6,1,1,19
180,2014-01-20,37.83,2,2,2,0.0,0.0,0,0,1,20
180,2014-01-22,33.52,2,2,2,0.5,0.0,2,0,1,22
180,2014-01-23,80.0,1,1,1,0.0,0.0,3,0,1,23
180,2014-01-24,15.51,1,1,1,0.0,0.0,4,0,1,24
180,2014-01-25,36.39,2,2,2,0.0,0.0,5,1,1,25
180,2014-01-26,228.89,3,3,3,0.0,0.0,6,1,1,26
180,2014-01-27,16.41,1,1,1,0.0,0.0,0,0,1,27
180,2014-01-28,191.15,3,3,3,0.0,0.0,1,0,1,28
180,2014-01-29,12.94,1,1,1,0.0,0.0,2,0,1,29
180,2014-01-30,97.47,6,3,5,0.3333333333333333,0.0,3,0,1,30
180,2014-01-31,102.07000000000001,3,2,2,0.0,0.0,4,0,1,31
180,2014-02-01,219.79000000000002,6,3,5,0.3333333333333333,0.0,5,1,2,1
180,2014-02-02,243.34,7,3,6,0.42857142857142855,0.0,6,1,2,2
180,2014-02-03,176.1,4,3,3,0.25,0.0,0,0,2,3
180,2014-02-04,147.17000000000002,2,2,2,0.0,0.0,1,0,2,4
180,2014-02-05,70.31,4,2,4,0.75,0.0,2,0,2,5
180,2014-02-06,70.76,5,3,4,0.2,0.0,3,0,2,6
180,2014-02-07,86.25,5,4,4,0.2,0.0,4,0,2,7
180,2014-02-08,68.57999999999998,3,2,2,0.3333333333333333,0.0,5,1,2,8
180,2014-02-10,143.57,2,2,2,0.5,0.0,0,0,2,10
180,2014-02-11,14.97,1,1,1,0.0,0.0,1,0,2,11
180,2014-02-12,20.51,1,1,1,0.0,0.0,2,0,2,12
180,2014-02-13,133.6,2,2,2,0.0,0.0,3,0,2,13
180,2014-02-16,78.81,2,2,2,0.5,0.0,6,1,2,16
180,2014-02-17,16.59,1,1,1,0.0,0.0,0,0,2,17
180,2014-02-18,55.81,1,1,1,0.0,0.0,1,0,2,18
180,2014-02-19,4.52,1,1,1,0.0,0.0,2,0,2,19
180,2014-02-20,110.95,3,3,3,0.3333333333333333,0.0,3,0,2,20
180,2014-02-21,34.32,2,2,2,0.0,0.0,4,0,2,21
180,2014-02-22,76.47,3,2,2,0.0,0.0,5,1,2,22
180,2014-02-23,24.18,1,1,1,0.0,0.0,6,1,2,23
180,2014-02-25,35.34,2,2,2,0.5,0.0,1,0,2,25
180,2014-02-26,28.29,2,1,2,0.0,0.0,2,0,2,26
180,2014-02-27,168.19,5,4,4,0.2,0.0,3,0,2,27
180,2014-02-28,44.45,2,2,2,0.0,0.0,4,0,2,28
180,2014-03-01,64.59,2,2,2,0.0,0.0,5,1,3,1
180,2014-03-02,18.66,1,1,1,0.0,0.0,6,1,3,2
180,2014-03-03,100.0,1,1,1,0.0,0.0,0,0,3,3
180,2014-03-04,31.54,2,2,2,0.5,0.0,1,0,3,4
180,2014-03-05,31.47,3,3,3,0.0,0.0,2,0,3,5
180,2014-03-06,34.97,2,2,2,0.5,0.0,3,0,3,6
180,2014-03-07,9.68,1,1,1,0.0,0.0,4,0,3,7
180,2014-03-09,34.97,2,2,2,0.5,0.0,6,1,3,9
180,2014-03-10,270.21000000000004,4,4,4,0.0,0.0,0,0,3,10
180,2014-03-11,220.86,3,3,3,0.0,0.0,1,0,3,11
180,2014-03-12,57.56,4,4,4,0.25,0.0,2,0,3,12
180,2014-03-13,52.16,3,3,3,0.3333333333333333,0.0,3,0,3,13
180,2014-03-15,146.32,3,3,3,0.0,0.0,5,1,3,15
180,2014-03-16,90.56,1,1,1,0.0,0.0,6,1,3,16
180,2014-03-18,7.33,1,1,1,0.0,0.0,1,0,3,18
180,2014-03-19,56.33,4,3,3,0.0,0.0,2,0,3,19
180,2014-03-20,34.75,2,1,1,0.0,0.0,3,0,3,20
180,2014-03-21,25.200000000000003,2,2,2,0.0,0.0,4,0,3,21
180,2014-03-22,157.94,3,3,3,0.3333333333333333,0.0,5,1,3,22
180,2014-03-23,118.19,1,1,1,0.0,0.0,6,1,3,23
180,2014-03-25,39.35,1,1,1,1.0,0.0,1,0,3,25
180,2014-03-26,29.849999999999998,2,2,2,0.0,0.0,2,0,3,26
180,2014-03-27,26.18,2,2,2,0.0,0.0,3,0,3,27
180,2014-03-28,17.19,1,1,1,1.0,0.0,4,0,3,28
180,2014-03-29,445.0,1,1,1,0.0,0.0,5,1,3,29
180,2014-04-01,-133.84000000000003,4,3,3,0.25,0.0,1,0,4,1
180,2014-04-02,31.33,2,1,1,0.0,0.0,2,0,4,2
180,2014-04-03,125.17,4,4,4,0.5,0.0,3,0,4,3
180,2014-04-05,129.5,1,1,1,1.0,0.0,5,1,4,5
180,2014-04-06,146.66,2,2,2,0.0,0.0,6,1,4,6
180,2014-04-08,31.78,2,2,2,0.0,0.0,1,0,4,8
180,2014-04-09,131.64,2,2,2,0.5,0.0,2,0,4,9
180,2014-04-10,35.43,2,2,2,0.5,0.0,3,0,4,10
180,2014-04-12,282.83,5,3,3,0.4,0.0,5,1,4,12
180,2014-04-13,61.47,4,2,3,0.75,0.0,6,1,4,13
180,2014-04-14,83.52,6,4,6,0.3333333333333333,0.0,0,0,4,14
180,2014-04-15,36.05,2,2,2,0.5,0.0,1,0,4,15
180,2014-04-16,58.63,4,2,3,0.0,0.0,2,0,4,16
180,2014-04-17,23.84,1,1,1,1.0,0.0,3,0,4,17
180,2014-04-18,54.85,3,2,2,0.6666666666666666,0.0,4,0,4,18
180,2014-04-19,88.88,6,5,5,0.16666666666666666,0.0,5,1,4,19
180,2014-04-20,79.05,3,3,3,0.0,0.0,6,1,4,20
180,2014-04-21,50.02,2,2,2,0.0,0.0,0,0,4,21
180,2014-04-22,40.23,2,2,2,0.5,0.0,1,0,4,22
180,2014-04-23,32.29,2,2,2,0.0,0.0,2,0,4,23
180,2014-04-24,115.3,3,3,3,0.3333333333333333,0.0,3,0,4,24
180,2014-04-25,80.0,1,1,1,0.0,0.0,4,0,4,25
180,2014-04-26,125.46000000000001,2,2,2,0.0,0.0,5,1,4,26
180,2014-04-27,20.07,2,2,2,0.5,0.0,6,1,4,27
180,2014-04-28,58.54,3,2,2,0.6666666666666666,0.0,0,0,4,28
180,2014-04-30,16.49,1,1,1,0.0,0.0,2,0,4,30
180,2014-05-01,41.32,3,3,3,0.3333333333333333,0.0,3,0,5,1
180,2014-05-02,4.09,1,1,1,0.0,0.0,4,0,5,2
180,2014-05-03,10.48,1,1,1,0.0,0.0,5,1,5,3
180,2014-05-05,11.25,1,1,1,0.0,0.0,0,0,5,5
180,2014-05-06,32.01,2,2,2,0.5,0.0,1,0,5,6
180,2014-05-07,176.53,3,3,3,0.0,0.0,2,0,5,7
180,2014-05-08,46.63,3,3,3,0.3333333333333333,0.0,3,0,5,8
180,2014-05-11,471.52,4,4,4,0.25,0.0,6,1,5,11
180,2014-05-13,79.01,4,4,4,0.0,0.0,1,0,5,13
180,2014-05-14,48.99,3,2,3,0.6666666666666666,0.0,2,0,5,14
180,2014-05-15,105.74,4,2,4,0.75,0.0,3,0,5,15
180,2014-05-17,11.52,1,1,1,1.0,0.0,5,1,5,17
180,2014-05-18,127.28,2,2,2,0.0,0.0,6,1,5,18
180,2014-05-19,9.94,1,1,1,0.0,0.0,0,0,5,19
180,2014-05-20,39.25,3,3,3,0.0,0.0,1,0,5,20
180,2014-05-21,4.54,1,1,1,0.0,0.0,2,0,5,21
180,2014-05-22,175.92000000000002,4,3,3,0.25,0.0,3,0,5,22
180,2014-05-23,201.89,1,1,1,1.0,0.0,4,0,5,23
180,2014-05-24,16.3,1,1,1,0.0,0.0,5,1,5,24
180,2014-05-25,8.38,1,1,1,0.0,0.0,6,1,5,25
180,2014-05-27,32.93,2,2,2,0.0,0.0,1,0,5,27
180,2014-05-28,15.21,1,1,1,0.0,0.0,2,0,5,28
180,2014-05-29,146.41,4,4,4,0.0,0.0,3,0,5,29
180,2014-05-30,49.28,4,3,4,0.25,0.0,4,0,5,30
180,2014-05-31,188.76,2,2,2,0.0,0.0,5,1,5,31
180,2014-06-01,8.67,1,1,1,1.0,0.0,6,1,6,1
180,2014-06-02,63.22,1,1,1,0.0,0.0,0,0,6,2
180,2014-06-03,24.53,2,1,1,0.0,0.0,1,0,6,3
180,2014-06-04,8.77,1,1,1,0.0,0.0,2,0,6,4
180,2014-06-05,27.76,2,2,2,0.5,0.0,3,0,6,5
180,2014-06-07,102.95,2,2,2,0.0,0.0,5,1,6,7
180,2014-06-08,59.39,1,1,1,0.0,0.0,6,1,6,8
180,2014-06-10,173.23000000000002,4,4,4,0.25,0.0,1,0,6,10
180,2014-06-11,98.23,6,4,6,0.0,0.0,2,0,6,11
180,2014-06-12,195.12,4,4,4,0.25,0.0,3,0,6,12
180,2014-06-13,60.25,3,3,3,0.3333333333333333,0.0,4,0,6,13
180,2014-06-14,26.78,2,2,2,0.5,0.0,5,1,6,14
180,2014-06-15,43.65,2,2,2,0.0,0.0,6,1,6,15
180,2014-06-18,43.269999999999996,3,3,3,0.3333333333333333,0.0,2,0,6,18
180,2014-06-19,104.36,4,4,4,0.25,0.0,3,0,6,19
180,2014-06-23,154.72,1,1,1,0.0,0.0,0,0,6,23
180,2014-06-24,185.2,2,2,2,0.5,0.0,1,0,6,24
180,2014-06-25,132.56,4,4,4,0.25,0.0,2,0,6,25
180,2014-06-26,14.61,1,1,1,0.0,0.0,3,0,6,26
180,2014-06-28,21.15,1,1,1,1.0,0.0,5,1,6,28
180,2014-07-01,205.44,3,3,3,0.3333333333333333,0.0,1,0,7,1
180,2014-07-02,30.82,2,1,2,1.0,0.0,2,0,7,2
180,2014-07-03,65.12,4,2,3,0.0,0.0,3,0,7,3
180,2014-07-04,36.489999999999995,2,2,2,0.5,0.0,4,0,7,4
180,2014-07-05,56.06,1,1,1,0.0,0.0,5,1,7,5
180,2014-07-06,13.81,1,1,1,0.0,0.0,6,1,7,6
180,2014-07-07,161.38,4,3,4,0.25,0.0,0,0,7,7
180,2014-07-08,65.29,1,1,1,0.0,0.0,1,0,7,8
180,2014-07-09,28.07,2,2,2,0.0,0.0,2,0,7,9
180,2014-07-10,16.48,1,1,1,1.0,0.0,3,0,7,10
180,2014-07-11,19.740000000000002,2,2,2,0.5,0.0,4,0,7,11
180,2014-07-12,19.85,1,1,1,1.0,0.0,5,1,7,12
180,2014-07-13,27.87,2,2,2,0.0,0.0,6,1,7,13
180,2014-07-14,12.57,2,2,2,0.0,0.0,0,0,7,14
180,2014-07-15,17.71,1,1,1,0.0,0.0,1,0,7,15
180,2014-07-16,48.78,3,3,3,0.3333333333333333,0.0,2,0,7,16
180,2014-07-17,20.64,1,1,1,0.0,0.0,3,0,7,17
180,2014-07-19,22.19,1,1,1,0.0,0.0,5,1,7,19
180,2014-07-22,180.85999999999999,4,4,4,0.0,0.0,1,0,7,22
180,2014-07-23,389.96999999999997,6,5,6,0.16666666666666666,0.0,2,0,7,23
180,2014-07-24,34.57,2,2,2,0.0,0.0,3,0,7,24
180,2014-07-25,79.09,4,4,4,0.0,0.0,4,0,7,25
180,2014-07-26,135.6,2,2,2,0.0,0.0,5,1,7,26
180,2014-07-27,21.18,1,1,1,1.0,0.0,6,1,7,27
180,2014-07-28,58.56,3,3,3,0.3333333333333333,0.0,0,0,7,28
180,2014-07-30,262.78,5,4,5,0.4,0.0,2,0,7,30
180,2014-07-31,59.72999999999999,2,1,1,0.0,0.0,3,0,7,31
180,2014-08-01,88.91,1,1,1,0.0,0.0,4,0,8,1
180,2014-08-04,96.7,2,2,2,0.5,0.0,0,0,8,4
180,2014-08-05,11.28,1,1,1,0.0,0.0,1,0,8,5
180,2014-08-06,19.46,1,1,1,1.0,0.0,2,0,8,6
180,2014-08-07,157.27,3,3,3,0.6666666666666666,0.0,3,0,8,7
180,2014-08-09,4.58,1,1,1,0.0,0.0,5,1,8,9
180,2014-08-11,77.06,2,2,2,0.0,0.0,0,0,8,11
180,2014-08-13,60.56,3,3,3,0.0,0.0,2,0,8,13
180,2014-08-14,164.58999999999997,3,3,3,0.3333333333333333,0.0,3,0,8,14
180,2014-08-15,18.11,1,1,1,0.0,0.0,4,0,8,15
180,2014-08-16,110.1,2,2,2,0.0,0.0,5,1,8,16
180,2014-08-17,132.29,1,1,1,0.0,0.0,6,1,8,17
180,2014-08-19,29.98,2,2,2,0.0,0.0,1,0,8,19
180,2014-08-20,171.48000000000002,2,2,2,0.5,0.0,2,0,8,20
180,2014-08-21,84.16,4,4,4,0.25,0.0,3,0,8,21
180,2014-08-23,63.34,3,3,3,0.6666666666666666,0.0,5,1,8,23
180,2014-08-24,100.0,1,1,1,0.0,0.0,6,1,8,24
180,2014-08-26,29.11,1,1,1,0.0,0.0,1,0,8,26
180,2014-08-27,60.589999999999996,3,2,2,0.3333333333333333,0.0,2,0,8,27
180,2014-08-28,52.06,3,3,3,0.3333333333333333,0.0,3,0,8,28
180,2014-09-01,153.52,2,2,2,0.0,0.0,0,0,9,1
180,2014-09-02,21.86,1,1,1,0.0,0.0,1,0,9,2
180,2014-09-04,42.93,3,3,3,0.0,0.0,3,0,9,4
180,2014-09-05,35.55,2,1,2,0.0,0.0,4,0,9,5
180,2014-09-06,20.26,1,1,1,0.0,0.0,5,1,9,6
180,2014-09-07,28.5,1,1,1,0.0,0.0,6,1,9,7
180,2014-09-10,13.54,1,1,1,1.0,0.0,2,0,9,10
180,2014-09-11,10.24,1,1,1,0.0,0.0,3,0,9,11
180,2014-09-12,114.07000000000001,3,3,3,0.3333333333333333,0.0,4,0,9,12
180,2014-09-13,150.44,1,1,1,0.0,0.0,5,1,9,13
180,2014-09-14,125.58,1,1,1,0.0,0.0,6,1,9,14
180,2014-09-15,277.96000000000004,4,4,4,0.0,0.0,0,0,9,15
180,2014-09-16,116.45,1,1,1,1.0,0.0,1,0,9,16
180,2014-09-17,278.14,3,3,3,0.3333333333333333,0.0,2,0,9,17
180,2014-09-18,18.21,1,1,1,0.0,0.0,3,0,9,18
180,2014-09-19,59.01,1,1,1,1.0,0.0,4,0,9,19
180,2014-09-20,4.78,1,1,1,0.0,0.0,5,1,9,20
180,2014-09-22,29.36,1,1,1,0.0,0.0,0,0,9,22
180,2014-09-23,10.02,1,1,1,0.0,0.0,1,0,9,23
180,2014-09-24,332.06,4,3,3,0.0,0.0,2,0,9,24
180,2014-09-26,20.66,1,1,1,1.0,0.0,4,0,9,26
180,2014-09-28,268.51,2,2,2,0.5,0.0,6,1,9,28
180,2014-09-29,138.41,2,2,2,0.0,0.0,0,0,9,29
180,2014-09-30,16.77,1,1,1,0.0,0.0,1,0,9,30
180,2014-10-01,196.70000000000002,5,4,4,0.2,0.0,2,0,10,1
180,2014-10-02,30.63,2,2,2,0.5,0.0,3,0,10,2
180,2014-10-06,135.34,2,2,2,0.0,0.0,0,0,10,6
180,2014-10-07,18.44,1,1,1,1.0,0.0,1,0,10,7
180,2014-10-08,341.24,8,6,7,0.25,0.0,2,0,10,8
180,2014-10-09,118.39,3,2,3,0.6666666666666666,0.0,3,0,10,9
180,2014-10-10,18.53,1,1,1,0.0,0.0,4,0,10,10
180,2014-10-11,8.14,1,1,1,1.0,0.0,5,1,10,11
180,2014-10-14,148.16,1,1,1,0.0,0.0,1,0,10,14
180,2014-10-15,27.77,2,2,2,0.5,0.0,2,0,10,15
180,2014-10-16,125.38000000000001,6,6,6,0.16666666666666666,0.0,3,0,10,16
180,2014-10-19,15.700000000000001,3,3,3,0.0,0.0,6,1,10,19
180,2014-10-20,16.52,1,1,1,0.0,0.0,0,0,10,20
180,2014-10-21,29.28,2,2,2,0.0,0.0,1,0,10,21
180,2014-10-22,31.26,2,2,2,0.5,0.0,2,0,10,22
180,2014-10-23,250.34,4,3,3,0.0,0.0,3,0,10,23
180,2014-10-24,107.65,3,3,3,0.0,0.0,4,0,10,24
180,2014-10-25,159.72,4,4,4,0.0,0.0,5,1,10,25
180,2014-10-26,120.59,1,1,1,0.0,0.0,6,1,10,26
180,2014-10-28,182.84,3,3,3,0.0,0.0,1,0,10,28
180,2014-10-29,218.20000000000002,6,6,6,0.0,0.0,2,0,10,29
180,2014-10-30,224.47000000000003,2,2,2,0.5,0.0,3,0,10,30
180,2014-11-02,19.73,1,1,1,1.0,0.0,6,1,11,2
180,2014-11-03,15.78,1,1,1,1.0,0.0,0,0,11,3
180,2014-11-04,30.22,2,2,2,0.0,0.0,1,0,11,4
180,2014-11-06,18.79,1,1,1,1.0,0.0,3,0,11,6
180,2014-11-08,80.39,4,3,3,0.0,0.0,5,1,11,8
180,2014-11-09,108.0,2,2,2,0.5,0.0,6,1,11,9
180,2014-11-10,35.65,1,1,1,0.0,0.0,0,0,11,10
180,2014-11-12,181.66,2,2,2,0.5,0.0,2,0,11,12
180,2014-11-13,151.26000000000002,4,3,4,0.0,0.0,3,0,11,13
180,2014-11-14,120.0,1,1,1,0.0,0.0,4,0,11,14
180,2014-11-15,17.2,1,1,1,1.0,0.0,5,1,11,15
180,2014-11-16,19.58,1,1,1,0.0,0.0,6,1,11,16
180,2014-11-17,95.16,2,2,2,0.0,0.0,0,0,11,17
180,2014-11-18,119.67,1,1,1,1.0,0.0,1,0,11,18
180,2014-11-19,274.46999999999997,5,5,5,0.2,0.0,2,0,11,19
180,2014-11-20,164.01,4,3,3,0.5,0.0,3,0,11,20
180,2014-11-21,160.05,1,1,1,1.0,0.0,4,0,11,21
180,2014-11-22,224.75,4,4,4,0.25,0.0,5,1,11,22
180,2014-11-23,17.68,1,1,1,1.0,0.0,6,1,11,23
180,2014-11-24,94.35,3,3,3,0.3333333333333333,0.0,0,0,11,24
180,2014-11-25,156.87,1,1,1,0.0,0.0,1,0,11,25
180,2014-11-26,217.11999999999998,4,4,4,0.25,0.0,2,0,11,26
180,2014-11-27,34.58,2,2,2,0.5,0.0,3,0,11,27
180,2014-11-28,22.73,2,2,2,0.5,0.0,4,0,11,28
180,2014-11-29,38.599999999999994,3,3,3,0.3333333333333333,0.0,5,1,11,29
180,2014-11-30,11.49,1,1,1,1.0,0.0,6,1,11,30
180,2014-12-01,2.33,1,1,1,0.0,0.0,0,0,12,1
180,2014-12-02,43.63,2,2,2,0.0,0.0,1,0,12,2
180,2014-12-03,193.53,4,4,4,0.25,0.0,2,0,12,3
180,2014-12-04,16.77,1,1,1,1.0,0.0,3,0,12,4
180,2014-12-05,19.28,1,1,1,0.0,0.0,4,0,12,5
180,2014-12-07,34.78,3,2,3,0.0,0.0,6,1,12,7
180,2014-12-08,151.4,3,3,3,0.3333333333333333,0.0,0,0,12,8
180,2014-12-09,90.85,3,3,3,0.3333333333333333,0.0,1,0,12,9
180,2014-12-10,34.91,2,1,1,0.0,0.0,2,0,12,10
180,2014-12-12,17.7,1,1,1,0.0,0.0,4,0,12,12
180,2014-12-13,100.0,1,1,1,0.0,0.0,5,1,12,13
180,2014-12-14,80.93,1,1,1,0.0,0.0,6,1,12,14
180,2014-12-15,12.84,1,1,1,0.0,0.0,0,0,12,15
180,2014-12-17,73.78,2,2,2,0.0,0.0,2,0,12,17
180,2014-12-18,198.43,5,4,4,0.0,0.0,3,0,12,18
180,2014-12-21,10.25,1,1,1,0.0,0.0,6,1,12,21
180,2014-12-22,18.59,1,1,1,0.0,0.0,0,0,12,22
180,2014-12-23,14.0,1,1,1,1.0,0.0,1,0,12,23
180,2014-12-24,153.69,2,2,2,0.0,0.0,2,0,12,24
180,2014-12-25,248.18,5,4,5,0.4,0.0,3,0,12,25
180,2014-12-26,57.209999999999994,3,2,2,0.0,0.0,4,0,12,26
180,2014-12-27,29.29,2,2,2,0.0,0.0,5,1,12,27
180,2014-12-28,142.19,2,2,2,0.0,0.0,6,1,12,28
180,2014-12-29,76.02000000000001,4,4,4,0.0,0.0,0,0,12,29
180,2014-12-31,17.14,1,1,1,0.0,0.0,2,0,12,31
180,2015-01-01,178.16,4,4,4,0.25,0.0,3,0,1,1
180,2015-01-02,175.07,4,3,4,0.25,0.25,4,0,1,2
180,2015-01-04,41.75,1,1,1,0.0,1.0,6,1,1,4
180,2015-01-06,199.35,4,4,4,0.25,0.25,1,0,1,6
180,2015-01-07,6.96,1,1,1,0.0,1.0,2,0,1,7
180,2015-01-08,19.29,1,1,1,0.0,0.0,3,0,1,8
180,2015-01-09,26.57,2,2,2,0.5,0.5,4,0,1,9
180,2015-01-12,115.43,1,1,1,0.0,1.0,0,0,1,12
180,2015-01-13,11.41,1,1,1,0.0,0.0,1,0,1,13
180,2015-01-14,46.61,2,2,2,0.5,0.5,2,0,1,14
180,2015-01-15,34.89,2,2,2,0.0,0.0,3,0,1,15
180,2015-01-16,10.64,1,1,1,1.0,0.0,4,0,1,16
180,2015-01-17,38.34,2,2,2,0.5,0.5,5,1,1,17
180,2015-01-18,39.8,2,2,2,0.5,0.5,6,1,1,18
180,2015-01-19,46.489999999999995,2,2,2,0.0,0.0,0,0,1,19
180,2015-01-22,58.16,3,3,3,0.3333333333333333,0.6666666666666666,3,0,1,22
180,2015-01-23,90.69,5,3,4,0.4,0.2,4,0,1,23
180,2015-01-24,152.54000000000002,2,2,2,0.0,0.0,5,1,1,24
180,2015-01-27,5.17,1,1,1,0.0,1.0,1,0,1,27
180,2015-01-28,31.979999999999997,2,2,2,0.0,0.5,2,0,1,28
180,2015-01-29,274.02000000000004,3,3,3,0.0,0.6666666666666666,3,0,1,29
180,2015-01-30,53.16,4,3,3,0.25,0.25,4,0,1,30
180,2015-02-01,52.72,1,1,1,0.0,0.0,6,1,2,1
180,2015-02-02,28.51,1,1,1,0.0,1.0,0,0,2,2
180,2015-02-04,100.95,1,1,1,0.0,0.0,2,0,2,4
180,2015-02-05,76.01,4,4,4,0.0,0.25,3,0,2,5
180,2015-02-06,62.379999999999995,3,3,3,0.3333333333333333,0.3333333333333333,4,0,2,6
180,2015-02-07,31.87,1,1,1,0.0,0.0,5,1,2,7
180,2015-02-08,120.0,1,1,1,0.0,1.0,6,1,2,8
180,2015-02-09,138.8,1,1,1,1.0,0.0,0,0,2,9
180,2015-02-10,100.0,1,1,1,0.0,1.0,1,0,2,10
180,2015-02-11,116.66,2,2,2,0.0,0.5,2,0,2,11
180,2015-02-12,162.39,3,3,3,0.3333333333333333,0.0,3,0,2,12
180,2015-02-13,88.75,4,3,3,0.0,0.5,4,0,2,13
180,2015-02-17,19.22,1,1,1,0.0,0.0,1,0,2,17
180,2015-02-18,106.55,1,1,1,0.0,0.0,2,0,2,18
180,2015-02-19,37.83,3,3,3,0.6666666666666666,0.0,3,0,2,19
180,2015-02-20,31.28,2,2,2,0.0,0.5,4,0,2,20
180,2015-02-21,69.17,4,3,4,0.0,0.5,5,1,2,21
180,2015-02-22,141.97,2,2,2,0.5,0.5,6,1,2,22
180,2015-02-23,44.769999999999996,2,2,2,0.0,0.5,0,0,2,23
180,2015-02-24,46.34,3,2,3,0.6666666666666666,0.0,1,0,2,24
180,2015-02-26,18.75,1,1,1,0.0,0.0,3,0,2,26
180,2015-02-27,120.86,1,1,1,0.0,0.0,4,0,2,27
180,2015-03-01,127.82,1,1,1,0.0,0.0,6,1,3,1
180,2015-03-02,9.14,1,1,1,0.0,0.0,0,0,3,2
180,2015-03-03,77.04,2,2,2,0.0,0.5,1,0,3,3
180,2015-03-04,20.24,1,1,1,0.0,1.0,2,0,3,4
180,2015-03-05,110.6,3,3,3,0.3333333333333333,0.6666666666666666,3,0,3,5
180,2015-03-06,207.43,3,3,3,0.6666666666666666,0.0,4,0,3,6
180,2015-03-08,15.87,1,1,1,0.0,1.0,6,1,3,8
180,2015-03-09,131.72,2,2,2,0.0,0.5,0,0,3,9
180,2015-03-10,178.87,2,2,2,0.0,0.5,1,0,3,10
180,2015-03-11,90.63,1,1,1,0.0,1.0,2,0,3,11
180,2015-03-12,255.19,5,5,5,0.2,0.4,3,0,3,12
180,2015-03-13,54.49,4,3,3,0.0,0.75,4,0,3,13
180,2015-03-14,19.94,1,1,1,0.0,1.0,5,1,3,14
180,2015-03-16,15.98,1,1,1,0.0,0.0,0,0,3,16
180,2015-03-17,198.58,2,2,2,0.5,0.5,1,0,3,17
180,2015-03-19,35.870000000000005,2,2,2,0.0,0.5,3,0,3,19
180,2015-03-20,16.71,1,1,1,0.0,1.0,4,0,3,20
180,2015-03-23,18.8,1,1,1,1.0,0.0,0,0,3,23
180,2015-03-24,15.39,1,1,1,0.0,0.0,1,0,3,24
180,2015-03-26,75.57,3,3,3,0.3333333333333333,0.0,3,0,3,26
180,2015-03-27,48.9,3,3,3,0.0,0.3333333333333333,4,0,3,27
180,2015-03-29,9.96,1,1,1,0.0,1.0,6,1,3,29
180,2015-03-31,130.68,2,2,2,0.5,0.0,1,0,3,31
180,2015-04-01,21.16,2,2,2,0.5,0.5,2,0,4,1
180,2015-04-02,43.06,2,1,1,0.0,0.0,3,0,4,2
180,2015-04-03,50.83,3,2,3,0.0,0.6666666666666666,4,0,4,3
180,2015-04-04,14.6,1,1,1,0.0,1.0,5,1,4,4
180,2015-04-06,110.08000000000001,3,3,3,0.0,0.3333333333333333,0,0,4,6
180,2015-04-07,15.56,1,1,1,1.0,0.0,1,0,4,7
180,2015-04-08,11.05,1,1,1,1.0,0.0,2,0,4,8
180,2015-04-09,29.4,2,1,1,1.0,0.0,3,0,4,9
180,2015-04-10,11.86,1,1,1,0.0,0.0,4,0,4,10
180,2015-04-13,17.95,1,1,1,0.0,1.0,0,0,4,13
180,2015-04-14,78.1,2,2,2,0.5,0.5,1,0,4,14
180,2015-04-15,40.52,1,1,1,0.0,0.0,2,0,4,15
180,2015-04-16,33.66,2,2,2,0.0,0.5,3,0,4,16
180,2015-04-17,8.93,1,1,1,1.0,0.0,4,0,4,17
180,2015-04-20,104.38,1,1,1,1.0,0.0,0,0,4,20
180,2015-04-22,15.61,1,1,1,0.0,0.0,2,0,4,22
180,2015-04-23,74.17999999999999,5,4,5,0.4,0.2,3,0,4,23
180,2015-04-24,16.85,1,1,1,0.0,1.0,4,0,4,24
180,2015-04-25,142.16,2,1,2,0.5,0.0,5,1,4,25
180,2015-04-29,12.07,1,1,1,0.0,0.0,2,0,4,29
180,2015-04-30,29.9,2,2,2,0.5,0.5,3,0,4,30
180,2015-05-01,93.11999999999999,2,2,2,0.5,0.5,4,0,5,1
180,2015-05-02,201.93,3,3,3,0.0,0.6666666666666666,5,1,5,2
180,2015-05-03,28.400000000000002,2,2,2,0.5,0.5,6,1,5,3
180,2015-05-04,136.71,2,2,2,0.0,0.0,0,0,5,4
180,2015-05-07,36.11,3,2,3,0.0,0.6666666666666666,3,0,5,7
180,2015-05-08,74.41,4,2,3,0.75,0.0,4,0,5,8
180,2015-05-09,19.96,1,1,1,1.0,0.0,5,1,5,9
180,2015-05-10,122.0,2,2,2,0.0,0.5,6,1,5,10
180,2015-05-11,17.84,1,1,1,0.0,0.0,0,0,5,11
180,2015-05-14,250.96,4,4,4,0.25,0.0,3,0,5,14
180,2015-05-15,41.26,3,3,3,0.0,0.3333333333333333,4,0,5,15
180,2015-05-19,30.83,2,1,2,0.0,0.5,1,0,5,19
180,2015-05-21,160.88,2,2,2,0.0,0.5,3,0,5,21
180,2015-05-22,36.96,2,2,2,0.5,0.0,4,0,5,22
180,2015-05-23,32.4,1,1,1,0.0,0.0,5,1,5,23
180,2015-05-24,146.89,1,1,1,0.0,0.0,6,1,5,24
180,2015-05-25,3.27,1,1,1,0.0,1.0,0,0,5,25
180,2015-05-26,11.93,1,1,1,0.0,1.0,1,0,5,26
180,2015-05-27,148.24,1,1,1,1.0,0.0,2,0,5,27
180,2015-05-28,41.13,3,2,3,0.6666666666666666,0.3333333333333333,3,0,5,28
180,2015-05-29,77.18,5,4,4,0.2,0.2,4,0,5,29
180,2015-05-30,40.93,2,1,2,0.0,0.0,5,1,5,30
180,2015-05-31,31.88,2,2,2,0.0,0.0,6,1,5,31
180,2015-06-01,287.67,3,3,3,0.6666666666666666,0.0,0,0,6,1
180,2015-06-02,10.43,1,1,1,0.0,0.0,1,0,6,2
180,2015-06-03,65.06,2,2,2,0.0,0.5,2,0,6,3
180,2015-06-04,31.490000000000002,2,2,2,0.0,1.0,3,0,6,4
180,2015-06-05,155.48,4,4,4,0.25,0.0,4,0,6,5
180,2015-06-06,82.87,2,2,2,0.5,0.0,5,1,6,6
180,2015-06-07,150.78,2,2,2,0.0,0.0,6,1,6,7
180,2015-06-08,149.76,2,2,2,0.0,1.0,0,0,6,8
180,2015-06-09,158.63,1,1,1,1.0,0.0,1,0,6,9
180,2015-06-10,52.72,2,2,2,0.5,0.5,2,0,6,10
180,2015-06-11,48.22,3,3,3,0.0,0.6666666666666666,3,0,6,11
180,2015-06-12,34.3,3,2,2,0.0,0.3333333333333333,4,0,6,12
180,2015-06-13,15.78,1,1,1,1.0,0.0,5,1,6,13
180,2015-06-14,65.48,4,3,3,0.5,0.25,6,1,6,14
180,2015-06-15,94.21,1,1,1,0.0,0.0,0,0,6,15
180,2015-06-16,16.99,1,1,1,0.0,0.0,1,0,6,16
180,2015-06-17,35.22,2,2,2,0.0,0.5,2,0,6,17
180,2015-06-18,16.02,1,1,1,0.0,0.0,3,0,6,18
180,2015-06-19,44.03,3,3,3,0.3333333333333333,0.3333333333333333,4,0,6,19
180,2015-06-21,19.63,1,1,1,1.0,0.0,6,1,6,21
180,2015-06-23,21.59,1,1,1,0.0,0.0,1,0,6,23
180,2015-06-25,48.47,2,2,2,0.5,0.0,3,0,6,25
180,2015-06-26,38.06,3,3,3,0.3333333333333333,0.3333333333333333,4,0,6,26
180,2015-06-27,138.75,1,1,1,0.0,1.0,5,1,6,27
180,2015-06-28,113.78,2,2,2,0.5,0.5,6,1,6,28
180,2015-06-30,37.09,2,2,2,0.0,0.0,1,0,6,30
180,2015-07-01,114.52,2,2,2,0.0,1.0,2,0,7,1
180,2015-07-02,22.67,1,1,1,1.0,0.0,3,0,7,2
180,2015-07-03,11.76,1,1,1,1.0,0.0,4,0,7,3
180,2015-07-04,42.33,2,1,2,0.0,1.0,5,1,7,4
180,2015-07-05,3.54,1,1,1,0.0,0.0,6,1,7,5
180,2015-07-06,46.44,3,2,3,0.6666666666666666,0.3333333333333333,0,0,7,6
180,2015-07-07,31.55,1,1,1,0.0,1.0,1,0,7,7
180,2015-07-09,231.45999999999998,3,2,2,0.3333333333333333,0.3333333333333333,3,0,7,9
180,2015-07-10,19.28,1,1,1,0.0,1.0,4,0,7,10
180,2015-07-11,40.11,2,2,2,0.0,0.0,5,1,7,11
180,2015-07-12,9.32,1,1,1,1.0,0.0,6,1,7,12
180,2015-07-13,472.19,1,1,1,0.0,0.0,0,0,7,13
180,2015-07-14,114.43,2,1,1,0.0,0.5,1,0,7,14
180,2015-07-15,37.14,2,2,2,0.5,0.0,2,0,7,15
180,2015-07-16,46.19,2,1,2,0.0,0.0,3,0,7,16
180,2015-07-17,317.12,2,2,2,0.5,0.5,4,0,7,17
180,2015-07-18,95.05,3,3,3,0.0,0.3333333333333333,5,1,7,18
180,2015-07-19,105.05,2,2,2,0.0,1.0,6,1,7,19
180,2015-07-22,38.51,4,4,4,0.25,0.5,2,0,7,22
180,2015-07-23,88.07000000000001,4,2,3,0.25,0.25,3,0,7,23
180,2015-07-24,343.23,5,4,4,0.2,0.4,4,0,7,24
180,2015-07-25,525.9,3,3,3,0.0,0.6666666666666666,5,1,7,25
180,2015-07-27,-252.62,3,2,2,0.0,0.3333333333333333,0,0,7,27
180,2015-07-28,118.78,1,1,1,0.0,0.0,1,0,7,28
180,2015-07-29,16.49,1,1,1,0.0,1.0,2,0,7,29
180,2015-07-30,20.71,1,1,1,0.0,1.0,3,0,7,30
180,2015-07-31,75.78,4,4,4,0.0,0.5,4,0,7,31
180,2015-08-01,46.95,2,2,2,0.0,0.5,5,1,8,1
180,2015-08-03,31.37,1,1,1,0.0,0.0,0,0,8,3
180,2015-08-04,135.18,1,1,1,0.0,1.0,1,0,8,4
180,2015-08-05,52.58,3,3,3,0.6666666666666666,0.0,2,0,8,5
180,2015-08-07,290.9,3,3,3,0.3333333333333333,0.0,4,0,8,7
180,2015-08-08,48.18,3,3,3,0.3333333333333333,0.3333333333333333,5,1,8,8
180,2015-08-09,55.25,2,2,2,0.5,0.0,6,1,8,9
180,2015-08-11,31.84,2,2,2,0.5,0.0,1,0,8,11
180,2015-08-13,34.71,2,2,2,0.5,0.5,3,0,8,13
180,2015-08-14,62.260000000000005,5,3,4,0.6,0.2,4,0,8,14
180,2015-08-15,49.29,1,1,1,0.0,0.0,5,1,8,15
180,2015-08-16,110.95,1,1,1,0.0,0.0,6,1,8,16
180,2015-08-17,95.13,1,1,1,1.0,0.0,0,0,8,17
180,2015-08-20,16.72,1,1,1,0.0,1.0,3,0,8,20
180,2015-08-21,14.69,1,1,1,0.0,0.0,4,0,8,21
180,2015-08-22,16.99,1,1,1,1.0,0.0,5,1,8,22
180,2015-08-23,14.77,1,1,1,1.0,0.0,6,1,8,23
180,2015-08-24,147.76999999999998,4,4,4,0.25,0.5,0,0,8,24
180,2015-08-25,19.27,1,1,1,1.0,0.0,1,0,8,25
180,2015-08-26,17.48,1,1,1,1.0,0.0,2,0,8,26
180,2015-08-27,36.06,2,2,2,0.5,0.5,3,0,8,27
180,2015-08-28,28.55,2,1,2,0.0,1.0,4,0,8,28
180,2015-08-30,37.769999999999996,2,2,2,0.5,0.5,6,1,8,30
180,2015-09-01,96.09,1,1,1,0.0,0.0,1,0,9,1
180,2015-09-02,17.88,1,1,1,0.0,0.0,2,0,9,2
180,2015-09-03,161.64,4,2,3,0.0,0.75,3,0,9,3
180,2015-09-04,39.72,2,2,2,0.5,0.5,4,0,9,4
180,2015-09-05,70.57,4,3,4,0.25,0.25,5,1,9,5
180,2015-09-06,22.12,2,2,2,0.5,0.5,6,1,9,6
180,2015-09-07,72.88,2,2,2,0.0,0.5,0,0,9,7
180,2015-09-08,100.0,1,1,1,0.0,0.0,1,0,9,8
180,2015-09-09,114.66,2,2,2,0.0,1.0,2,0,9,9
180,2015-09-10,72.22999999999999,4,3,3,0.25,0.75,3,0,9,10
180,2015-09-12,17.69,1,1,1,1.0,0.0,5,1,9,12
180,2015-09-13,43.66,2,2,2,0.0,0.5,6,1,9,13
180,2015-09-14,15.42,1,1,1,0.0,0.0,0,0,9,14
180,2015-09-15,9.95,1,1,1,0.0,0.0,1,0,9,15
180,2015-09-16,11.0,1,1,1,0.0,0.0,2,0,9,16
180,2015-09-17,51.61,3,3,3,0.0,0.6666666666666666,3,0,9,17
180,2015-09-18,37.14,2,1,2,0.0,0.5,4,0,9,18
180,2015-09-19,36.96,2,2,2,0.0,0.0,5,1,9,19
180,2015-09-20,28.55,1,1,1,1.0,0.0,6,1,9,20
180,2015-09-21,29.43,2,2,2,0.0,0.0,0,0,9,21
180,2015-09-22,34.61,1,1,1,0.0,0.0,1,0,9,22
180,2015-09-24,247.18,3,3,3,0.0,0.3333333333333333,3,0,9,24
180,2015-09-25,17.36,1,1,1,0.0,1.0,4,0,9,25
180,2015-09-27,60.17,3,3,3,0.0,0.6666666666666666,6,1,9,27
180,2015-09-28,21.4,1,1,1,0.0,0.0,0,0,9,28
180,2015-09-29,60.22,3,3,3,0.0,0.3333333333333333,1,0,9,29
180,2015-09-30,15.34,1,1,1,1.0,0.0,2,0,9,30
180,2015-10-02,41.910000000000004,3,2,2,0.0,0.3333333333333333,4,0,10,2
180,2015-10-03,39.69,3,3,3,0.0,0.0,5,1,10,3
180,2015-10-04,111.83,2,2,2,0.0,0.5,6,1,10,4
180,2015-10-06,24.650000000000002,2,2,2,0.0,0.5,1,0,10,6
180,2015-10-07,32.21,1,1,1,0.0,0.0,2,0,10,7
180,2015-10-08,44.97,3,3,3,0.3333333333333333,0.6666666666666666,3,0,10,8
180,2015-10-09,26.450000000000003,2,2,2,0.0,0.5,4,0,10,9
180,2015-10-10,11.15,1,1,1,0.0,0.0,5,1,10,10
180,2015-10-11,131.16,2,2,2,0.0,0.5,6,1,10,11
180,2015-10-12,9.45,1,1,1,0.0,1.0,0,0,10,12
180,2015-10-13,11.87,1,1,1,0.0,1.0,1,0,10,13
180,2015-10-15,169.24,4,3,3,0.0,0.5,3,0,10,15
180,2015-10-16,157.51999999999998,4,4,4,0.25,0.5,4,0,10,16
180,2015-10-17,161.67999999999998,3,3,3,0.3333333333333333,0.3333333333333333,5,1,10,17
180,2015-10-19,94.85,3,3,3,0.0,0.6666666666666666,0,0,10,19
180,2015-10-20,75.3,3,3,3,0.3333333333333333,0.0,1,0,10,20
180,2015-10-21,13.3,1,1,1,0.0,0.0,2,0,10,21
180,2015-10-22,32.76,2,2,2,0.0,0.5,3,0,10,22
180,2015-10-23,149.93,5,4,4,0.2,0.2,4,0,10,23
180,2015-10-24,38.47,4,4,4,0.25,0.25,5,1,10,24
180,2015-10-25,216.95,4,4,4,0.0,0.75,6,1,10,25
180,2015-10-27,13.48,1,1,1,0.0,0.0,1,0,10,27
180,2015-10-28,18.81,1,1,1,1.0,0.0,2,0,10,28
180,2015-10-29,18.49,1,1,1,0.0,1.0,3,0,10,29
180,2015-10-30,33.32,2,2,2,0.5,0.5,4,0,10,30
180,2015-10-31,47.99,1,1,1,0.0,0.0,5,1,10,31
180,2015-11-01,82.89,2,2,2,0.0,0.0,6,1,11,1
180,2015-11-04,100.0,1,1,1,0.0,0.0,2,0,11,4
180,2015-11-05,197.08999999999997,5,3,4,0.4,0.2,3,0,11,5
180,2015-11-06,32.01,2,2,2,0.5,0.5,4,0,11,6
180,2015-11-08,78.09,4,4,4,0.25,0.25,6,1,11,8
180,2015-11-10,53.120000000000005,3,2,2,0.0,1.0,1,0,11,10
180,2015-11-11,28.67,1,1,1,0.0,0.0,2,0,11,11
180,2015-11-12,24.46,2,1,1,0.0,0.5,3,0,11,12
180,2015-11-13,13.69,1,1,1,0.0,1.0,4,0,11,13
180,2015-11-15,100.0,1,1,1,0.0,1.0,6,1,11,15
180,2015-11-16,29.02,2,2,2,0.5,0.0,0,0,11,16
180,2015-11-17,153.98,2,2,2,0.0,0.5,1,0,11,17
180,2015-11-19,118.33,2,2,2,0.0,1.0,3,0,11,19
180,2015-11-21,33.379999999999995,2,2,2,0.0,0.5,5,1,11,21
180,2015-11-23,40.43,2,2,2,0.0,0.5,0,0,11,23
180,2015-11-24,123.27000000000001,5,4,4,0.2,0.8,1,0,11,24
180,2015-11-25,66.14,4,3,3,0.25,0.5,2,0,11,25
180,2015-11-26,353.78,6,4,4,0.6666666666666666,0.3333333333333333,3,0,11,26
180,2015-11-27,42.76,4,3,3,0.25,0.25,4,0,11,27
180,2015-11-28,105.38,3,3,3,0.3333333333333333,0.3333333333333333,5,1,11,28
180,2015-11-29,176.57,2,2,2,0.5,0.0,6,1,11,29
180,2015-12-01,135.73,2,2,2,0.0,0.0,1,0,12,1
180,2015-12-03,152.65,4,4,4,0.25,0.0,3,0,12,3
180,2015-12-04,17.1,1,1,1,1.0,0.0,4,0,12,4
180,2015-12-06,20.18,1,1,1,0.0,1.0,6,1,12,6
180,2015-12-07,30.509999999999998,2,2,2,0.0,0.0,0,0,12,7
180,2015-12-08,100.0,1,1,1,0.0,0.0,1,0,12,8
180,2015-12-09,15.04,1,1,1,0.0,1.0,2,0,12,9
180,2015-12-10,17.35,1,1,1,0.0,0.0,3,0,12,10
180,2015-12-11,256.44,4,3,4,0.0,0.75,4,0,12,11
180,2015-12-13,180.95,2,2,2,0.5,0.0,6,1,12,13
180,2015-12-15,100.0,1,1,1,0.0,1.0,1,0,12,15
180,2015-12-16,34.24,2,2,2,0.0,0.0,2,0,12,16
180,2015-12-17,52.230000000000004,3,3,3,0.3333333333333333,0.0,3,0,12,17
180,2015-12-18,55.29,3,2,3,0.6666666666666666,0.0,4,0,12,18
180,2015-12-19,22.04,2,2,2,0.5,0.0,5,1,12,19
180,2015-12-20,133.91,3,3,3,0.6666666666666666,0.3333333333333333,6,1,12,20
180,2015-12-21,52.81,3,3,3,0.0,0.0,0,0,12,21
180,2015-12-24,194.95000000000002,3,3,3,0.6666666666666666,0.3333333333333333,3,0,12,24
180,2015-12-25,106.94,4,2,3,0.75,0.0,4,0,12,25
180,2015-12-26,81.0,3,3,3,0.0,0.6666666666666666,5,1,12,26
180,2015-12-27,138.85,2,2,2,0.0,1.0,6,1,12,27
180,2015-12-30,41.230000000000004,3,3,3,0.0,0.3333333333333333,2,0,12,30
180,2015-12-31,36.93,2,1,2,1.0,0.0,3,0,12,31
180,2016-01-01,11.92,1,1,1,0.0,1.0,4,0,1,1
180,2016-01-02,137.29999999999998,2,2,2,0.0,1.0,5,1,1,2
180,2016-01-03,125.94,1,1,1,1.0,0.0,6,1,1,3
180,2016-01-04,29.47,2,2,2,0.5,0.5,0,0,1,4
180,2016-01-05,36.32,2,2,2,0.5,0.0,1,0,1,5
180,2016-01-07,18.26,1,1,1,1.0,0.0,3,0,1,7
180,2016-01-08,33.14,2,1,2,0.0,0.0,4,0,1,8
180,2016-01-09,78.03999999999999,5,3,3,0.0,0.2,5,1,1,9
180,2016-01-10,120.0,1,1,1,0.0,0.0,6,1,1,10
180,2016-01-11,16.68,1,1,1,0.0,1.0,0,0,1,11
180,2016-01-12,14.72,1,1,1,1.0,0.0,1,0,1,12
180,2016-01-13,80.78,1,1,1,0.0,0.0,2,0,1,13
180,2016-01-14,311.85999999999996,4,4,4,0.25,0.5,3,0,1,14
180,2016-01-15,13.94,1,1,1,0.0,0.0,4,0,1,15
180,2016-01-16,178.33,4,4,4,0.0,0.25,5,1,1,16
180,2016-01-17,60.83,3,2,2,0.0,0.0,6,1,1,17
180,2016-01-18,32.2,1,1,1,0.0,1.0,0,0,1,18
180,2016-01-19,43.41,2,2,2,0.5,0.5,1,0,1,19
180,2016-01-20,360.51,5,4,4,0.0,0.6,2,0,1,20
180,2016-01-21,15.34,1,1,1,1.0,0.0,3,0,1,21
180,2016-01-22,149.14,4,3,3,0.0,0.75,4,0,1,22
180,2016-01-23,156.69,4,4,4,0.25,0.5,5,1,1,23
180,2016-01-24,224.37,2,2,2,1.0,0.0,6,1,1,24
180,2016-01-27,15.9,1,1,1,0.0,0.0,2,0,1,27
180,2016-01-28,159.07,1,1,1,1.0,0.0,3,0,1,28
180,2016-01-29,17.2,2,2,2,0.5,0.0,4,0,1,29
180,2016-01-30,15.71,1,1,1,0.0,1.0,5,1,1,30
180,2016-02-01,17.74,1,1,1,0.0,0.0,0,0,2,1
180,2016-02-03,21.64,2,2,2,0.0,1.0,2,0,2,3
180,2016-02-05,584.4,3,3,3,0.3333333333333333,0.3333333333333333,4,0,2,5
180,2016-02-06,4.79,1,1,1,0.0,0.0,5,1,2,6
180,2016-02-07,20.35,1,1,1,0.0,0.0,6,1,2,7
180,2016-02-08,202.17999999999998,3,3,3,0.0,0.6666666666666666,0,0,2,8
180,2016-02-10,31.47,2,2,2,0.0,0.0,2,0,2,10
180,2016-02-12,155.16,3,3,3,0.3333333333333333,0.3333333333333333,4,0,2,12
180,2016-02-13,33.599999999999994,2,1,1,0.0,0.5,5,1,2,13
180,2016-02-14,46.5,1,1,1,0.0,1.0,6,1,2,14
180,2016-02-15,8.73,1,1,1,0.0,0.0,0,0,2,15
180,2016-02-17,13.95,1,1,1,0.0,0.0,2,0,2,17
180,2016-02-18,110.89,1,1,1,0.0,0.0,3,0,2,18
180,2016-02-19,42.36,2,2,2,0.5,0.0,4,0,2,19
180,2016-02-20,155.0,2,2,2,1.0,0.0,5,1,2,20
180,2016-02-21,155.32,3,2,2,0.0,1.0,6,1,2,21
180,2016-02-23,49.0,2,2,2,0.5,0.0,1,0,2,23
180,2016-02-25,19.43,1,1,1,0.0,1.0,3,0,2,25
180,2016-02-26,14.26,1,1,1,0.0,1.0,4,0,2,26
180,2016-02-27,162.49,5,3,3,0.0,0.6,5,1,2,27
180,2016-02-28,91.75,1,1,1,0.0,1.0,6,1,2,28
180,2016-03-01,80.0,1,1,1,0.0,0.0,1,0,3,1
180,2016-03-02,40.59,2,2,2,0.0,0.5,2,0,3,2
180,2016-03-03,10.85,1,1,1,1.0,0.0,3,0,3,3
180,2016-03-04,13.16,1,1,1,0.0,0.0,4,0,3,4
180,2016-03-05,18.79,2,2,2,0.0,0.5,5,1,3,5
180,2016-03-08,6.369999999999999,2,2,2,0.0,0.5,1,0,3,8
180,2016-03-09,12.75,1,1,1,0.0,0.0,2,0,3,9
180,2016-03-10,2.49,1,1,1,0.0,1.0,3,0,3,10
180,2016-03-11,126.89999999999999,3,3,3,0.3333333333333333,0.3333333333333333,4,0,3,11
180,2016-03-12,16.92,1,1,1,0.0,1.0,5,1,3,12
180,2016-03-13,8.82,1,1,1,1.0,0.0,6,1,3,13
180,2016-03-14,161.91,1,1,1,0.0,0.0,0,0,3,14
180,2016-03-15,151.17,2,2,2,0.0,0.0,1,0,3,15
180,2016-03-16,143.13,1,1,1,1.0,0.0,2,0,3,16
180,2016-03-18,9.16,1,1,1,0.0,0.0,4,0,3,18
180,2016-03-19,43.26,3,3,3,0.3333333333333333,0.3333333333333333,5,1,3,19
180,2016-03-20,12.18,1,1,1,0.0,0.0,6,1,3,20
180,2016-03-22,30.08,3,3,3,0.0,0.6666666666666666,1,0,3,22
180,2016-03-23,178.85000000000002,3,3,3,0.0,0.3333333333333333,2,0,3,23
180,2016-03-24,118.01,1,1,1,0.0,0.0,3,0,3,24
180,2016-03-25,170.35000000000002,2,2,2,0.5,0.5,4,0,3,25
180,2016-03-26,36.25,2,2,2,0.5,0.0,5,1,3,26
180,2016-03-27,119.13,2,2,2,0.5,0.0,6,1,3,27
180,2016-03-28,120.46000000000001,2,2,2,0.0,0.0,0,0,3,28
180,2016-03-31,21.93,1,1,1,1.0,0.0,3,0,3,31
180,2016-04-01,504.82,4,4,4,0.0,0.5,4,0,4,1
180,2016-04-02,-235.62,4,3,3,0.25,0.75,5,1,4,2
180,2016-04-04,40.879999999999995,2,2,2,0.5,0.5,0,0,4,4
180,2016-04-06,49.23,2,2,2,0.0,0.0,2,0,4,6
180,2016-04-07,88.7,2,2,2,0.0,1.0,3,0,4,7
180,2016-04-08,131.72,4,4,4,0.25,0.25,4,0,4,8
180,2016-04-09,18.52,1,1,1,1.0,0.0,5,1,4,9
180,2016-04-10,248.24,2,2,2,0.5,0.5,6,1,4,10
180,2016-04-11,13.75,1,1,1,0.0,1.0,0,0,4,11
180,2016-04-12,154.15,1,1,1,0.0,0.0,1,0,4,12
180,2016-04-13,20.38,1,1,1,0.0,1.0,2,0,4,13
180,2016-04-15,55.74,4,4,4,0.0,0.25,4,0,4,15
180,2016-04-16,11.08,1,1,1,1.0,0.0,5,1,4,16
180,2016-04-18,112.99,1,1,1,0.0,0.0,0,0,4,18
180,2016-04-20,48.45,2,2,2,0.0,0.5,2,0,4,20
180,2016-04-21,103.28,3,2,2,0.0,0.3333333333333333,3,0,4,21
180,2016-04-22,74.95,4,4,4,0.25,0.75,4,0,4,22
180,2016-04-23,102.54,1,1,1,0.0,0.0,5,1,4,23
180,2016-04-24,71.34,3,3,3,0.0,0.6666666666666666,6,1,4,24
180,2016-04-25,10.08,1,1,1,0.0,1.0,0,0,4,25
180,2016-04-26,4.3,1,1,1,0.0,0.0,1,0,4,26
180,2016-04-27,127.81,1,1,1,0.0,1.0,2,0,4,27
180,2016-04-29,61.63,3,3,3,0.0,0.0,4,0,4,29
180,2016-04-30,203.95000000000002,4,3,3,0.25,0.25,5,1,4,30
180,2016-05-02,100.0,1,1,1,0.0,0.0,0,0,5,2
180,2016-05-03,37.83,2,2,2,0.0,1.0,1,0,5,3
180,2016-05-04,157.81,3,3,3,0.0,0.6666666666666666,2,0,5,4
180,2016-05-05,73.57,4,3,4,0.0,0.75,3,0,5,5
180,2016-05-06,30.03,2,2,2,0.5,0.0,4,0,5,6
180,2016-05-07,35.739999999999995,2,1,1,0.0,0.0,5,1,5,7
180,2016-05-08,20.28,1,1,1,1.0,0.0,6,1,5,8
180,2016-05-09,78.96000000000001,4,4,4,0.5,0.25,0,0,5,9
180,2016-05-10,21.12,1,1,1,0.0,1.0,1,0,5,10
180,2016-05-11,120.0,1,1,1,0.0,1.0,2,0,5,11
180,2016-05-12,138.06,1,1,1,0.0,0.0,3,0,5,12
180,2016-05-14,36.78,2,2,2,0.0,1.0,5,1,5,14
180,2016-05-17,60.36,2,2,2,0.5,0.0,1,0,5,17
180,2016-05-18,16.06,1,1,1,0.0,0.0,2,0,5,18
180,2016-05-19,8.02,1,1,1,0.0,0.0,3,0,5,19
180,2016-05-20,17.23,1,1,1,0.0,0.0,4,0,5,20
180,2016-05-21,56.79,3,3,3,0.6666666666666666,0.0,5,1,5,21
180,2016-05-22,51.269999999999996,3,3,3,0.0,1.0,6,1,5,22
180,2016-05-23,131.52,1,1,1,1.0,0.0,0,0,5,23
180,2016-05-24,170.99,1,1,1,0.0,1.0,1,0,5,24
180,2016-05-25,257.17,5,5,5,0.2,0.6,2,0,5,25
180,2016-05-27,31.73,2,2,2,0.5,0.5,4,0,5,27
180,2016-05-28,48.85,3,2,3,0.6666666666666666,0.0,5,1,5,28
180,2016-05-29,85.41,5,3,3,0.2,0.4,6,1,5,29
180,2016-06-03,17.13,1,1,1,1.0,0.0,4,0,6,3
180,2016-06-04,34.21,2,1,2,0.0,0.0,5,1,6,4
180,2016-06-05,33.22,2,2,2,0.0,0.5,6,1,6,5
180,2016-06-06,129.15,2,2,2,0.0,0.5,0,0,6,6
180,2016-06-07,17.16,1,1,1,0.0,0.0,1,0,6,7
180,2016-06-09,74.22,1,1,1,0.0,0.0,3,0,6,9
180,2016-06-10,31.64,2,2,2,0.0,0.5,4,0,6,10
180,2016-06-11,144.84,3,3,3,0.3333333333333333,0.6666666666666666,5,1,6,11
180,2016-06-12,10.26,1,1,1,0.0,0.0,6,1,6,12
180,2016-06-13,108.08,1,1,1,0.0,1.0,0,0,6,13
180,2016-06-14,106.53,3,3,3,0.3333333333333333,0.3333333333333333,1,0,6,14
180,2016-06-16,99.17,1,1,1,0.0,0.0,3,0,6,16
180,2016-06-17,96.74,2,2,2,0.0,0.0,4,0,6,17
180,2016-06-18,372.94,7,6,7,0.2857142857142857,0.42857142857142855,5,1,6,18
180,2016-06-19,74.58,4,3,4,0.5,0.0,6,1,6,19
180,2016-06-20,54.45,3,2,3,0.6666666666666666,0.0,0,0,6,20
180,2016-06-21,35.62,2,1,2,1.0,0.0,1,0,6,21
180,2016-06-22,34.290000000000006,2,1,2,0.0,0.0,2,0,6,22
180,2016-06-23,52.019999999999996,3,2,3,0.3333333333333333,0.3333333333333333,3,0,6,23
180,2016-06-24,21.979999999999997,4,3,3,0.25,0.0,4,0,6,24
180,2016-06-25,48.18,3,3,3,0.0,0.0,5,1,6,25
180,2016-06-26,90.98,2,2,2,0.0,1.0,6,1,6,26
180,2016-06-27,78.02000000000001,3,3,3,0.3333333333333333,0.0,0,0,6,27
180,2016-07-01,300.05,5,4,5,0.2,0.2,4,0,7,1
180,2016-07-02,12.44,1,1,1,0.0,0.0,5,1,7,2
180,2016-07-04,117.28,3,3,3,0.3333333333333333,0.3333333333333333,0,0,7,4
180,2016-07-06,146.99,2,2,2,0.5,0.5,2,0,7,6
180,2016-07-07,53.449999999999996,2,2,2,0.0,0.5,3,0,7,7
180,2016-07-08,74.47,4,3,3,0.0,0.5,4,0,7,8
180,2016-07-09,47.650000000000006,3,3,3,0.3333333333333333,0.6666666666666666,5,1,7,9
180,2016-07-11,11.55,1,1,1,0.0,0.0,0,0,7,11
180,2016-07-12,37.18,3,3,3,0.0,0.0,1,0,7,12
180,2016-07-13,77.13,1,1,1,0.0,0.0,2,0,7,13
180,2016-07-14,54.88,2,2,2,0.5,0.0,3,0,7,14
180,2016-07-15,33.8,3,3,3,0.0,0.6666666666666666,4,0,7,15
180,2016-07-16,161.66,4,2,3,0.75,0.25,5,1,7,16
180,2016-07-18,15.79,1,1,1,0.0,0.0,0,0,7,18
180,2016-07-19,75.46,1,1,1,0.0,0.0,1,0,7,19
180,2016-07-21,51.92,3,3,3,0.3333333333333333,0.0,3,0,7,21
180,2016-07-22,128.55,1,1,1,0.0,0.0,4,0,7,22
180,2016-07-23,55.230000000000004,2,2,2,0.0,0.5,5,1,7,23
180,2016-07-25,138.33,1,1,1,0.0,0.0,0,0,7,25
180,2016-07-26,18.02,1,1,1,1.0,0.0,1,0,7,26
180,2016-07-28,9.19,1,1,1,0.0,1.0,3,0,7,28
180,2016-07-29,629.85,2,2,2,0.5,0.0,4,0,7,29
180,2016-07-30,87.50999999999999,5,4,4,0.2,0.4,5,1,7,30
180,2016-07-31,171.98,3,3,3,0.0,0.3333333333333333,6,1,7,31
180,2016-08-01,147.58,3,3,3,0.3333333333333333,0.0,0,0,8,1
180,2016-08-03,273.70000000000005,3,3,3,0.3333333333333333,0.3333333333333333,2,0,8,3
180,2016-08-05,188.82,5,4,4,0.0,0.4,4,0,8,5
180,2016-08-06,19.86,1,1,1,1.0,0.0,5,1,8,6
180,2016-08-07,36.71,2,2,2,0.0,0.0,6,1,8,7
180,2016-08-08,31.03,2,2,2,0.0,0.0,0,0,8,8
180,2016-08-09,15.78,1,1,1,0.0,1.0,1,0,8,9
180,2016-08-10,254.16000000000003,5,5,5,0.0,0.6,2,0,8,10
180,2016-08-12,307.79,6,6,6,0.16666666666666666,0.3333333333333333,4,0,8,12
180,2016-08-13,17.48,1,1,1,0.0,1.0,5,1,8,13
180,2016-08-15,14.27,1,1,1,0.0,1.0,0,0,8,15
180,2016-08-17,18.2,1,1,1,0.0,1.0,2,0,8,17
180,2016-08-19,29.85,2,1,2,1.0,0.0,4,0,8,19
180,2016-08-20,49.709999999999994,3,3,3,0.6666666666666666,0.3333333333333333,5,1,8,20
180,2016-08-21,236.79,3,2,2,0.0,0.3333333333333333,6,1,8,21
180,2016-08-24,100.0,1,1,1,0.0,0.0,2,0,8,24
180,2016-08-25,506.24,3,2,2,0.0,0.3333333333333333,3,0,8,25
180,2016-08-26,15.59,1,1,1,1.0,0.0,4,0,8,26
180,2016-08-27,-216.42,7,5,6,0.14285714285714285,0.5714285714285714,5,1,8,27
180,2016-08-30,17.61,1,1,1,0.0,0.0,1,0,8,30
180,2016-09-01,25.619999999999997,2,2,2,0.0,0.5,3,0,9,1
180,2016-09-02,9.85,1,1,1,0.0,1.0,4,0,9,2
180,2016-09-03,60.01,4,3,4,0.25,0.0,5,1,9,3
180,2016-09-04,461.82,6,5,5,0.16666666666666666,0.6666666666666666,6,1,9,4
180,2016-09-05,20.32,1,1,1,0.0,1.0,0,0,9,5
180,2016-09-07,140.65,2,2,2,0.0,0.5,2,0,9,7
180,2016-09-08,125.34,1,1,1,0.0,1.0,3,0,9,8
180,2016-09-09,112.46000000000001,3,3,3,0.3333333333333333,0.3333333333333333,4,0,9,9
180,2016-09-10,19.92,1,1,1,1.0,0.0,5,1,9,10
180,2016-09-11,63.92,1,1,1,0.0,1.0,6,1,9,11
180,2016-09-14,111.41,2,2,2,0.0,0.5,2,0,9,14
180,2016-09-15,161.39,4,4,4,0.25,0.25,3,0,9,15
180,2016-09-16,16.6,1,1,1,0.0,1.0,4,0,9,16
180,2016-09-17,154.45,3,3,3,0.3333333333333333,0.3333333333333333,5,1,9,17
180,2016-09-19,15.77,1,1,1,0.0,0.0,0,0,9,19
180,2016-09-20,13.8,1,1,1,0.0,1.0,1,0,9,20
180,2016-09-21,35.67,3,3,3,0.0,0.3333333333333333,2,0,9,21
180,2016-09-22,13.4,1,1,1,0.0,1.0,3,0,9,22
180,2016-09-23,47.44,2,2,2,0.0,0.0,4,0,9,23
180,2016-09-24,20.41,1,1,1,0.0,1.0,5,1,9,24
180,2016-09-25,100.0,1,1,1,0.0,0.0,6,1,9,25
180,2016-09-26,39.56,2,2,2,0.5,0.0,0,0,9,26
180,2016-09-27,52.9,1,1,1,0.0,1.0,1,0,9,27
180,2016-09-28,140.02,3,3,3,0.3333333333333333,0.3333333333333333,2,0,9,28
180,2016-09-29,8.82,1,1,1,0.0,0.0,3,0,9,29
180,2016-09-30,153.59,5,4,5,0.0,0.2,4,0,9,30
180,2016-10-01,49.61,2,2,2,0.5,0.0,5,1,10,1
180,2016-10-02,25.38,1,1,1,0.0,1.0,6,1,10,2
180,2016-10-04,13.83,1,1,1,0.0,0.0,1,0,10,4
180,2016-10-05,110.03,2,2,2,0.0,0.0,2,0,10,5
180,2016-10-07,16.79,1,1,1,0.0,1.0,4,0,10,7
180,2016-10-08,71.33,3,3,3,0.3333333333333333,0.6666666666666666,5,1,10,8
180,2016-10-11,49.05,2,2,2,0.0,1.0,1,0,10,11
180,2016-10-13,29.93,1,1,1,0.0,1.0,3,0,10,13
180,2016-10-14,105.94,4,4,4,0.0,0.5,4,0,10,14
180,2016-10-15,29.37,2,2,2,0.5,0.5,5,1,10,15
180,2016-10-16,14.64,1,1,1,0.0,1.0,6,1,10,16
180,2016-10-17,175.99,1,1,1,1.0,0.0,0,0,10,17
180,2016-10-18,186.12,1,1,1,0.0,0.0,1,0,10,18
180,2016-10-19,10.18,1,1,1,0.0,1.0,2,0,10,19
180,2016-10-20,110.41,2,2,2,0.5,0.5,3,0,10,20
180,2016-10-21,32.120000000000005,2,1,1,1.0,0.0,4,0,10,21
180,2016-10-22,104.39,2,2,2,1.0,0.0,5,1,10,22
180,2016-10-23,26.68,2,2,2,0.0,0.0,6,1,10,23
180,2016-10-24,142.25,1,1,1,0.0,0.0,0,0,10,24
180,2016-10-26,22.68,1,1,1,1.0,0.0,2,0,10,26
180,2016-10-28,18.56,1,1,1,0.0,0.0,4,0,10,28
180,2016-10-29,19.68,1,1,1,0.0,1.0,5,1,10,29
180,2016-10-30,201.24,3,3,3,0.3333333333333333,0.3333333333333333,6,1,10,30
180,2016-10-31,30.35,2,2,2,0.5,0.0,0,0,10,31
180,2016-11-02,7.54,1,1,1,0.0,0.0,2,0,11,2
180,2016-11-03,195.58,2,2,2,0.5,0.0,3,0,11,3
180,2016-11-04,127.09,3,3,3,0.0,0.3333333333333333,4,0,11,4
180,2016-11-05,25.79,2,2,2,0.5,0.5,5,1,11,5
180,2016-11-07,26.89,2,2,2,0.0,0.5,0,0,11,7
180,2016-11-08,23.34,2,2,2,0.0,0.5,1,0,11,8
180,2016-11-09,26.39,2,2,2,0.5,0.0,2,0,11,9
180,2016-11-10,110.38,3,3,3,0.3333333333333333,0.0,3,0,11,10
180,2016-11-11,29.810000000000002,2,1,2,1.0,0.0,4,0,11,11
180,2016-11-12,18.24,1,1,1,0.0,1.0,5,1,11,12
180,2016-11-14,186.12,5,4,4,0.0,1.0,0,0,11,14
180,2016-11-17,100.0,1,1,1,0.0,1.0,3,0,11,17
180,2016-11-18,338.05,6,4,5,0.16666666666666666,0.3333333333333333,4,0,11,18
180,2016-11-19,121.03,4,4,4,0.25,0.5,5,1,11,19
180,2016-11-22,44.84,4,4,4,0.0,0.25,1,0,11,22
180,2016-11-23,67.4,5,3,4,0.0,0.2,2,0,11,23
180,2016-11-24,29.98,2,2,2,0.5,0.0,3,0,11,24
180,2016-11-25,19.9,1,1,1,1.0,0.0,4,0,11,25
180,2016-11-26,48.88,3,3,3,0.0,0.6666666666666666,5,1,11,26
180,2016-11-27,70.02,2,2,2,0.5,0.0,6,1,11,27
180,2016-11-29,14.84,2,2,2,0.0,0.0,1,0,11,29
180,2016-11-30,8.09,1,1,1,0.0,1.0,2,0,11,30
180,2016-12-02,39.11,2,2,2,0.5,0.0,4,0,12,2
180,2016-12-03,19.45,1,1,1,1.0,0.0,5,1,12,3
180,2016-12-05,133.96,2,2,2,0.0,0.0,0,0,12,5
180,2016-12-06,12.06,1,1,1,0.0,0.0,1,0,12,6
180,2016-12-07,229.69,3,3,3,0.3333333333333333,0.3333333333333333,2,0,12,7
180,2016-12-08,2.36,1,1,1,0.0,0.0,3,0,12,8
180,2016-12-09,34.1,2,2,2,0.0,1.0,4,0,12,9
180,2016-12-10,66.85,3,3,3,0.6666666666666666,0.0,5,1,12,10
180,2016-12-11,55.53,2,2,2,0.5,0.5,6,1,12,11
180,2016-12-12,19.04,1,1,1,1.0,0.0,0,0,12,12
180,2016-12-13,13.2,1,1,1,1.0,0.0,1,0,12,13
180,2016-12-14,420.96999999999997,4,4,4,0.25,0.5,2,0,12,14
180,2016-12-16,41.79,4,3,4,0.25,0.5,4,0,12,16
180,2016-12-17,201.84,5,3,3,0.6,0.0,5,1,12,17
180,2016-12-18,140.93,2,2,2,0.0,0.5,6,1,12,18
180,2016-12-19,23.64,1,1,1,0.0,1.0,0,0,12,19
180,2016-12-20,17.84,1,1,1,1.0,0.0,1,0,12,20
180,2016-12-21,361.67,6,6,6,0.16666666666666666,0.16666666666666666,2,0,12,21
180,2016-12-22,236.96,5,4,4,0.0,0.4,3,0,12,22
180,2016-12-23,18.23,1,1,1,0.0,0.0,4,0,12,23
180,2016-12-24,55.63,3,1,2,0.0,0.0,5,1,12,24
180,2016-12-25,183.57999999999998,6,4,5,0.3333333333333333,0.16666666666666666,6,1,12,25
180,2016-12-26,50.62,3,2,2,0.0,0.6666666666666666,0,0,12,26
180,2016-12-27,49.86,3,2,2,0.3333333333333333,0.0,1,0,12,27
180,2016-12-28,62.400000000000006,4,3,3,0.0,0.25,2,0,12,28
180,2016-12-29,16.68,1,1,1,0.0,0.0,3,0,12,29
180,2016-12-30,57.98,3,3,3,0.3333333333333333,0.3333333333333333,4,0,12,30
180,2016-12-31,22.049999999999997,2,2,2,0.0,0.0,5,1,12,31
180,2017-01-01,28.21,2,2,2,0.5,0.0,6,1,1,1
180,2017-01-03,18.02,1,1,1,0.0,0.0,1,0,1,3
180,2017-01-04,4.16,1,1,1,0.0,0.0,2,0,1,4
180,2017-01-05,250.15,5,5,5,0.2,0.6,3,0,1,5
180,2017-01-06,171.32999999999998,2,2,2,0.5,0.5,4,0,1,6
180,2017-01-07,10.6,1,1,1,0.0,0.0,5,1,1,7
180,2017-01-08,12.43,1,1,1,1.0,0.0,6,1,1,8
180,2017-01-09,34.209999999999994,2,2,2,0.5,0.5,0,0,1,9
180,2017-01-10,5.5,1,1,1,0.0,0.0,1,0,1,10
180,2017-01-12,138.37,2,2,2,0.0,0.5,3,0,1,12
180,2017-01-13,187.85000000000002,4,3,3,0.0,0.25,4,0,1,13
180,2017-01-14,50.22,3,3,3,0.3333333333333333,0.0,5,1,1,14
180,2017-01-15,33.44,2,2,2,0.5,0.0,6,1,1,15
180,2017-01-16,26.21,2,2,2,0.0,1.0,0,0,1,16
180,2017-01-17,64.02000000000001,4,3,4,0.25,0.5,1,0,1,17
180,2017-01-18,23.33,2,1,2,0.0,0.0,2,0,1,18
180,2017-01-19,111.42,1,1,1,0.0,0.0,3,0,1,19
180,2017-01-20,18.71,1,1,1,1.0,0.0,4,0,1,20
180,2017-01-22,178.6,3,3,3,0.3333333333333333,0.3333333333333333,6,1,1,22
180,2017-01-23,18.21,1,1,1,0.0,0.0,0,0,1,23
180,2017-01-24,288.01,3,3,3,0.0,0.3333333333333333,1,0,1,24
180,2017-01-25,12.46,1,1,1,0.0,1.0,2,0,1,25
180,2017-01-26,196.44,2,2,2,0.0,0.5,3,0,1,26
180,2017-01-27,72.57,2,2,2,0.0,0.5,4,0,1,27
180,2017-01-28,19.81,1,1,1,0.0,1.0,5,1,1,28
180,2017-01-29,17.4,1,1,1,0.0,1.0,6,1,1,29
180,2017-02-01,100.88,1,1,1,0.0,0.0,2,0,2,1
180,2017-02-02,17.98,1,1,1,0.0,0.0,3,0,2,2
180,2017-02-03,16.43,2,2,2,0.0,0.5,4,0,2,3
180,2017-02-04,112.17,2,2,2,0.0,0.0,5,1,2,4
180,2017-02-05,52.599999999999994,3,3,3,0.3333333333333333,0.3333333333333333,6,1,2,5
180,2017-02-06,35.41,2,2,2,0.5,0.5,0,0,2,6
180,2017-02-08,21.83,2,2,2,0.0,0.0,2,0,2,8
180,2017-02-09,4.29,1,1,1,0.0,1.0,3,0,2,9
180,2017-02-10,151.99,2,2,2,0.0,0.0,4,0,2,10
180,2017-02-11,100.0,1,1,1,0.0,1.0,5,1,2,11
180,2017-02-12,24.64,2,1,2,0.0,0.5,6,1,2,12
180,2017-02-13,42.21,3,3,3,0.0,0.0,0,0,2,13
180,2017-02-14,135.63,2,2,2,0.0,0.5,1,0,2,14
180,2017-02-15,195.09,2,2,2,0.0,1.0,2,0,2,15
180,2017-02-17,147.13,2,2,2,0.0,0.0,4,0,2,17
180,2017-02-18,139.96,2,2,2,0.0,0.5,5,1,2,18
180,2017-02-19,37.019999999999996,2,2,2,0.0,0.5,6,1,2,19
180,2017-02-20,21.12,2,2,2,0.5,0.5,0,0,2,20
180,2017-02-21,87.48,4,3,4,0.0,0.5,1,0,2,21
180,2017-02-22,158.33999999999997,2,1,1,0.0,0.5,2,0,2,22
180,2017-02-23,10.68,1,1,1,0.0,0.0,3,0,2,23
180,2017-02-26,60.0,1,1,1,0.0,0.0,6,1,2,26
180,2017-02-27,28.080000000000002,2,2,2,0.5,0.5,0,0,2,27
180,2017-03-02,12.09,1,1,1,0.0,0.0,3,0,3,2
180,2017-03-03,100.0,1,1,1,0.0,0.0,4,0,3,3
180,2017-03-04,75.08,3,3,3,0.0,0.6666666666666666,5,1,3,4
180,2017-03-05,36.32,2,2,2,0.5,0.5,6,1,3,5
180,2017-03-06,61.5,3,2,2,0.0,0.0,0,0,3,6
180,2017-03-07,20.84,1,1,1,1.0,0.0,1,0,3,7
180,2017-03-08,9.25,1,1,1,1.0,0.0,2,0,3,8
180,2017-03-09,54.28,2,2,2,0.0,0.5,3,0,3,9
180,2017-03-10,11.52,1,1,1,0.0,0.0,4,0,3,10
180,2017-03-11,140.15,2,2,2,0.0,1.0,5,1,3,11
180,2017-03-12,31.48,2,2,2,0.5,0.5,6,1,3,12
180,2017-03-13,36.68,2,2,2,0.0,0.5,0,0,3,13
180,2017-03-14,127.97,1,1,1,0.0,1.0,1,0,3,14
180,2017-03-16,167.63,2,2,2,0.0,1.0,3,0,3,16
180,2017-03-17,9.66,1,1,1,0.0,1.0,4,0,3,17
180,2017-03-18,13.52,1,1,1,1.0,0.0,5,1,3,18
180,2017-03-19,28.509999999999998,2,1,1,0.0,0.5,6,1,3,19
180,2017-03-20,131.44,2,2,2,0.0,1.0,0,0,3,20
180,2017-03-21,12.07,1,1,1,0.0,0.0,1,0,3,21
180,2017-03-22,133.89,2,2,2,0.5,0.5,2,0,3,22
180,2017-03-25,26.75,2,2,2,0.5,0.5,5,1,3,25
180,2017-03-26,239.49,3,3,3,0.0,0.6666666666666666,6,1,3,26
180,2017-03-27,72.36,4,3,3,0.0,0.75,0,0,3,27
180,2017-03-28,32.58,2,2,2,0.5,0.0,1,0,3,28
180,2017-03-29,14.59,1,1,1,1.0,0.0,2,0,3,29
180,2017-04-01,39.39,2,2,2,0.0,0.0,5,1,4,1
180,2017-04-02,33.94,2,2,2,0.0,0.5,6,1,4,2
180,2017-04-03,69.92,3,3,3,0.3333333333333333,0.6666666666666666,0,0,4,3
180,2017-04-04,7.7,1,1,1,0.0,1.0,1,0,4,4
180,2017-04-06,63.24,1,1,1,0.0,0.0,3,0,4,6
180,2017-04-07,84.31,3,3,3,0.0,0.6666666666666666,4,0,4,7
180,2017-04-09,20.66,1,1,1,1.0,0.0,6,1,4,9
180,2017-04-10,69.77,3,3,3,0.3333333333333333,0.0,0,0,4,10
180,2017-04-13,367.3,2,2,2,0.5,0.0,3,0,4,13
180,2017-04-15,257.99,4,4,4,0.25,0.25,5,1,4,15
180,2017-04-16,34.0,3,3,3,0.0,0.6666666666666666,6,1,4,16
180,2017-04-17,117.97,2,2,2,0.0,0.0,0,0,4,17
180,2017-04-18,17.64,1,1,1,0.0,1.0,1,0,4,18
180,2017-04-19,19.86,1,1,1,0.0,0.0,2,0,4,19
180,2017-04-20,15.59,1,1,1,0.0,1.0,3,0,4,20
180,2017-04-21,35.629999999999995,2,2,2,0.5,0.5,4,0,4,21
180,2017-04-22,153.34,1,1,1,1.0,0.0,5,1,4,22
180,2017-04-23,29.47,2,2,2,0.0,0.5,6,1,4,23
180,2017-04-24,166.91,3,3,3,0.3333333333333333,0.0,0,0,4,24
180,2017-04-25,15.33,1,1,1,0.0,0.0,1,0,4,25
180,2017-04-28,72.3,1,1,1,0.0,1.0,4,0,4,28
180,2017-04-30,24.24,1,1,1,0.0,1.0,6,1,4,30
180,2017-05-01,23.76,2,2,2,0.0,0.5,0,0,5,1
180,2017-05-03,15.94,1,1,1,0.0,1.0,2,0,5,3
180,2017-05-04,175.54999999999998,2,2,2,0.0,1.0,3,0,5,4
180,2017-05-05,21.0,1,1,1,0.0,0.0,4,0,5,5
180,2017-05-06,18.05,1,1,1,0.0,1.0,5,1,5,6
180,2017-05-07,15.59,1,1,1,0.0,1.0,6,1,5,7
180,2017-05-08,13.47,1,1,1,0.0,0.0,0,0,5,8
180,2017-05-09,68.81,3,3,3,0.0,1.0,1,0,5,9
180,2017-05-10,986.74,4,4,4,0.5,0.25,2,0,5,10
180,2017-05-11,4.34,1,1,1,0.0,1.0,3,0,5,11
180,2017-05-12,-524.14,4,2,2,0.0,0.5,4,0,5,12
180,2017-05-13,12.1,1,1,1,0.0,1.0,5,1,5,13
180,2017-05-14,9.11,1,1,1,0.0,0.0,6,1,5,14
180,2017-05-15,23.979999999999997,2,2,2,0.0,0.0,0,0,5,15
180,2017-05-17,115.18,3,2,2,0.6666666666666666,0.0,2,0,5,17
180,2017-05-18,99.2,2,2,2,0.0,0.0,3,0,5,18
180,2017-05-19,54.21,2,2,2,0.0,0.5,4,0,5,19
180,2017-05-21,20.39,1,1,1,0.0,0.0,6,1,5,21
180,2017-05-22,65.27,3,3,3,0.3333333333333333,0.0,0,0,5,22
180,2017-05-24,122.44,2,2,2,0.0,0.5,2,0,5,24
180,2017-05-26,10.21,1,1,1,0.0,0.0,4,0,5,26
180,2017-05-27,72.09,1,1,1,0.0,0.0,5,1,5,27
180,2017-05-28,94.04,3,3,3,0.3333333333333333,0.3333333333333333,6,1,5,28
180,2017-05-29,61.239999999999995,3,2,3,0.6666666666666666,0.3333333333333333,0,0,5,29
180,2017-05-30,26.89,2,1,2,0.0,0.0,1,0,5,30
180,2017-06-01,127.54,2,2,2,0.0,0.0,3,0,6,1
180,2017-06-03,12.85,1,1,1,0.0,0.0,5,1,6,3
180,2017-06-04,64.98,4,3,3,0.25,0.5,6,1,6,4
180,2017-06-05,55.66,3,1,2,1.0,0.0,0,0,6,5
180,2017-06-06,282.75,2,2,2,0.5,0.0,1,0,6,6
180,2017-06-07,42.9,3,3,3,0.0,0.6666666666666666,2,0,6,7
180,2017-06-08,43.65,2,2,2,0.5,0.5,3,0,6,8
180,2017-06-09,16.74,2,2,2,0.0,0.5,4,0,6,9
180,2017-06-11,17.02,1,1,1,0.0,1.0,6,1,6,11
180,2017-06-12,45.07,3,3,3,0.3333333333333333,0.3333333333333333,0,0,6,12
180,2017-06-13,11.39,1,1,1,0.0,1.0,1,0,6,13
180,2017-06-14,111.1,2,2,2,0.5,0.5,2,0,6,14
180,2017-06-15,13.48,1,1,1,0.0,1.0,3,0,6,15
180,2017-06-16,10.99,1,1,1,1.0,0.0,4,0,6,16
180,2017-06-17,28.66,2,2,2,0.0,0.5,5,1,6,17
180,2017-06-18,54.709999999999994,4,3,3,0.25,0.5,6,1,6,18
180,2017-06-20,63.78,3,2,3,0.0,1.0,1,0,6,20
180,2017-06-23,151.2,2,1,2,0.0,0.0,4,0,6,23
180,2017-06-24,32.53,2,2,2,0.0,1.0,5,1,6,24
180,2017-06-25,108.57,3,2,3,0.0,0.0,6,1,6,25
180,2017-06-26,73.52000000000001,5,3,5,0.6,0.4,0,0,6,26
180,2017-06-27,49.29,1,1,1,0.0,0.0,1,0,6,27
180,2017-06-29,14.08,1,1,1,0.0,1.0,3,0,6,29
180,2017-06-30,34.73,2,2,2,0.0,0.0,4,0,6,30
180,2017-07-01,20.66,1,1,1,0.0,1.0,5,1,7,1
180,2017-07-02,366.47,3,3,3,0.3333333333333333,0.3333333333333333,6,1,7,2
180,2017-07-03,16.46,1,1,1,0.0,1.0,0,0,7,3
180,2017-07-04,33.41,3,2,2,0.6666666666666666,0.3333333333333333,1,0,7,4
180,2017-07-05,148.05,3,3,3,0.0,0.6666666666666666,2,0,7,5
180,2017-07-06,41.65,3,3,3,0.3333333333333333,0.0,3,0,7,6
180,2017-07-07,39.0,2,1,1,1.0,0.0,4,0,7,7
180,2017-07-08,12.9,1,1,1,0.0,1.0,5,1,7,8
180,2017-07-09,228.7,2,2,2,0.0,0.5,6,1,7,9
180,2017-07-10,128.57,2,2,2,0.5,0.5,0,0,7,10
180,2017-07-11,18.76,1,1,1,0.0,1.0,1,0,7,11
180,2017-07-13,21.62,1,1,1,0.0,1.0,3,0,7,13
180,2017-07-15,19.79,1,1,1,0.0,0.0,5,1,7,15
180,2017-07-16,40.709999999999994,3,2,3,0.0,0.6666666666666666,6,1,7,16
180,2017-07-17,153.7,3,3,3,0.3333333333333333,0.3333333333333333,0,0,7,17
180,2017-07-19,25.38,1,1,1,0.0,1.0,2,0,7,19
180,2017-07-21,17.66,1,1,1,0.0,0.0,4,0,7,21
180,2017-07-23,55.519999999999996,4,2,3,0.0,0.25,6,1,7,23
180,2017-07-24,15.81,1,1,1,0.0,1.0,0,0,7,24
180,2017-07-25,258.08000000000004,2,2,2,0.0,0.5,1,0,7,25
180,2017-07-29,24.82,2,2,2,0.0,1.0,5,1,7,29
180,2017-07-30,208.87,3,3,3,0.0,0.6666666666666666,6,1,7,30
180,2017-07-31,54.94,3,2,2,0.6666666666666666,0.0,0,0,7,31
180,2017-08-01,6.95,1,1,1,0.0,1.0,1,0,8,1
180,2017-08-03,3.27,1,1,1,0.0,0.0,3,0,8,3
180,2017-08-04,69.45,4,4,4,0.25,0.25,4,0,8,4
180,2017-08-05,53.16,1,1,1,0.0,1.0,5,1,8,5
180,2017-08-06,132.76,2,2,2,0.0,1.0,6,1,8,6
180,2017-08-08,285.17,3,3,3,0.0,1.0,1,0,8,8
180,2017-08-09,13.93,1,1,1,0.0,0.0,2,0,8,9
180,2017-08-10,14.01,1,1,1,1.0,0.0,3,0,8,10
180,2017-08-12,70.62,2,2,2,0.5,0.5,5,1,8,12
180,2017-08-13,11.63,1,1,1,0.0,0.0,6,1,8,13
180,2017-08-14,79.56,2,2,2,0.5,0.5,0,0,8,14
180,2017-08-15,55.39,2,2,2,0.0,0.5,1,0,8,15
180,2017-08-16,119.57,2,2,2,0.0,1.0,2,0,8,16
180,2017-08-18,30.18,2,2,2,0.0,0.5,4,0,8,18
180,2017-08-19,32.87,2,2,2,0.5,0.5,5,1,8,19
180,2017-08-20,51.33,1,1,1,0.0,1.0,6,1,8,20
180,2017-08-21,134.79,3,2,3,0.6666666666666666,0.0,0,0,8,21
180,2017-08-22,406.77,8,6,7,0.25,0.5,1,0,8,22
180,2017-08-23,146.85,4,2,3,0.0,0.5,2,0,8,23
180,2017-08-24,161.46,6,3,3,0.6666666666666666,0.0,3,0,8,24
180,2017-08-25,222.35000000000002,7,4,5,0.2857142857142857,0.14285714285714285,4,0,8,25
180,2017-08-26,80.22999999999999,4,2,3,0.75,0.0,5,1,8,26
180,2017-08-27,79.21000000000001,4,3,4,0.5,0.0,6,1,8,27
180,2017-08-28,40.17,2,2,2,0.5,0.0,0,0,8,28
180,2017-08-29,52.22,3,2,2,0.6666666666666666,0.0,1,0,8,29
180,2017-08-30,186.76,3,2,2,0.3333333333333333,0.6666666666666666,2,0,8,30
180,2017-08-31,-105.10999999999999,3,2,2,0.0,0.6666666666666666,3,0,8,31
180,2017-09-02,24.1,1,1,1,0.0,1.0,5,1,9,2
180,2017-09-03,50.449999999999996,3,2,2,0.0,0.3333333333333333,6,1,9,3
180,2017-09-04,26.759999999999998,2,2,2,0.5,0.5,0,0,9,4
180,2017-09-05,43.96,2,2,2,0.0,1.0,1,0,9,5
180,2017-09-06,15.9,1,1,1,0.0,0.0,2,0,9,6
180,2017-09-07,72.11,2,2,2,0.5,0.5,3,0,9,7
180,2017-09-08,80.12,1,1,1,0.0,0.0,4,0,9,8
180,2017-09-09,144.13,2,2,2,0.5,0.5,5,1,9,9
180,2017-09-10,51.68,3,3,3,0.3333333333333333,0.3333333333333333,6,1,9,10
180,2017-09-11,41.370000000000005,2,1,1,0.0,1.0,0,0,9,11
180,2017-09-12,60.089999999999996,2,2,2,0.0,1.0,1,0,9,12
180,2017-09-15,15.57,1,1,1,0.0,1.0,4,0,9,15
180,2017-09-17,58.019999999999996,3,3,3,0.3333333333333333,0.3333333333333333,6,1,9,17
180,2017-09-18,34.32,3,2,2,0.0,0.6666666666666666,0,0,9,18
180,2017-09-19,21.46,1,1,1,1.0,0.0,1,0,9,19
180,2017-09-20,132.43,1,1,1,0.0,1.0,2,0,9,20
180,2017-09-22,45.37,2,2,2,0.0,0.5,4,0,9,22
180,2017-09-23,216.76000000000002,3,3,3,0.3333333333333333,0.3333333333333333,5,1,9,23
180,2017-09-24,129.36,5,5,5,0.2,0.6,6,1,9,24
180,2017-09-25,37.69,2,2,2,0.5,0.0,0,0,9,25
180,2017-09-26,76.38,1,1,1,1.0,0.0,1,0,9,26
180,2017-09-27,23.990000000000002,2,2,2,0.5,0.0,2,0,9,27
180,2017-10-01,49.84,3,2,2,0.3333333333333333,0.6666666666666666,6,1,10,1
180,2017-10-02,176.94,5,3,3,0.0,0.4,0,0,10,2
180,2017-10-04,22.35,1,1,1,0.0,1.0,2,0,10,4
180,2017-10-05,167.23,3,2,2,0.0,0.0,3,0,10,5
180,2017-10-07,132.37,1,1,1,0.0,0.0,5,1,10,7
180,2017-10-08,163.54,3,3,3,0.3333333333333333,0.0,6,1,10,8
180,2017-10-09,7.02,1,1,1,0.0,1.0,0,0,10,9
180,2017-10-10,176.01,3,2,2,0.0,0.3333333333333333,1,0,10,10
180,2017-10-11,15.17,1,1,1,0.0,0.0,2,0,10,11
180,2017-10-13,153.38,1,1,1,0.0,1.0,4,0,10,13
180,2017-10-15,105.77000000000001,4,4,4,0.25,0.5,6,1,10,15
180,2017-10-16,128.3,3,3,3,0.3333333333333333,0.3333333333333333,0,0,10,16
180,2017-10-18,33.39,2,2,2,0.0,0.5,2,0,10,18
180,2017-10-19,20.64,1,1,1,1.0,0.0,3,0,10,19
180,2017-10-20,14.38,1,1,1,0.0,0.0,4,0,10,20
180,2017-10-21,12.77,1,1,1,0.0,1.0,5,1,10,21
180,2017-10-22,12.58,1,1,1,0.0,0.0,6,1,10,22
180,2017-10-23,102.86,4,3,3,0.5,0.25,0,0,10,23
180,2017-10-26,130.03,2,2,2,0.5,0.0,3,0,10,26
180,2017-10-27,255.81,4,3,3,0.0,0.5,4,0,10,27
180,2017-10-28,111.36,3,3,3,0.0,0.3333333333333333,5,1,10,28
180,2017-10-29,26.85,2,1,2,1.0,0.0,6,1,10,29
180,2017-10-30,15.93,1,1,1,0.0,1.0,0,0,10,30
180,2017-10-31,100.0,1,1,1,0.0,1.0,1,0,10,31
180,2017-11-02,37.739999999999995,2,1,1,0.0,1.0,3,0,11,2
180,2017-11-03,33.43,2,2,2,0.5,0.0,4,0,11,3
180,2017-11-04,49.98,4,3,3,0.0,0.5,5,1,11,4
180,2017-11-05,42.86,3,2,3,0.6666666666666666,0.0,6,1,11,5
180,2017-11-06,51.72,4,4,4,0.25,0.25,0,0,11,6
180,2017-11-07,28.91,2,2,2,0.5,0.0,1,0,11,7
180,2017-11-08,69.86,4,3,3,0.25,0.25,2,0,11,8
180,2017-11-09,56.19,3,2,3,0.6666666666666666,0.3333333333333333,3,0,11,9
180,2017-11-11,19.23,1,1,1,0.0,0.0,5,1,11,11
180,2017-11-12,34.120000000000005,2,1,1,0.0,0.5,6,1,11,12
180,2017-11-13,31.869999999999997,2,2,2,0.5,0.5,0,0,11,13
180,2017-11-14,28.91,2,2,2,0.5,0.5,1,0,11,14
180,2017-11-17,12.05,1,1,1,0.0,1.0,4,0,11,17
180,2017-11-18,14.26,1,1,1,0.0,1.0,5,1,11,18
180,2017-11-19,47.65,3,2,2,0.0,0.3333333333333333,6,1,11,19
180,2017-11-20,25.1,2,2,2,0.5,0.5,0,0,11,20
180,2017-11-21,144.35000000000002,2,2,2,0.0,1.0,1,0,11,21
180,2017-11-23,77.23,2,2,2,0.0,1.0,3,0,11,23
180,2017-11-24,66.61,4,2,3,0.25,0.25,4,0,11,24
180,2017-11-25,89.94999999999999,2,2,2,0.0,0.5,5,1,11,25
180,2017-11-26,121.84,2,2,2,0.0,1.0,6,1,11,26
180,2017-11-27,73.42,3,3,3,0.0,0.3333333333333333,0,0,11,27
180,2017-11-29,70.98,3,3,3,0.3333333333333333,0.0,2,0,11,29
180,2017-11-30,17.15,2,2,2,0.0,0.5,3,0,11,30
180,2017-12-01,186.26999999999998,2,2,2,0.5,0.0,4,0,12,1
180,2017-12-03,50.82000000000001,3,2,2,0.6666666666666666,0.3333333333333333,6,1,12,3
180,2017-12-04,140.82,3,3,3,0.3333333333333333,0.6666666666666666,0,0,12,4
180,2017-12-05,15.35,1,1,1,0.0,1.0,1,0,12,5
180,2017-12-07,22.01,1,1,1,0.0,0.0,3,0,12,7
180,2017-12-08,56.24,4,4,4,0.0,0.25,4,0,12,8
180,2017-12-10,2.88,1,1,1,0.0,1.0,6,1,12,10
180,2017-12-11,32.07,2,2,2,0.5,0.5,0,0,12,11
180,2017-12-12,79.3,2,2,2,0.5,0.0,1,0,12,12
180,2017-12-15,39.3,2,2,2,0.0,0.0,4,0,12,15
180,2017-12-17,15.56,1,1,1,0.0,1.0,6,1,12,17
180,2017-12-18,29.03,2,2,2,0.5,0.5,0,0,12,18
180,2017-12-20,36.57,2,2,2,0.5,0.5,2,0,12,20
180,2017-12-22,101.97,2,2,2,0.5,0.0,4,0,12,22
180,2017-12-24,33.339999999999996,2,1,2,1.0,0.0,6,1,12,24
180,2017-12-25,36.7,2,1,1,0.0,0.5,0,0,12,25
180,2017-12-30,41.24,3,3,3,0.3333333333333333,0.0,5,1,12,30
180,2017-12-31,62.08,5,5,5,0.0,0.4,6,1,12,31
180,2018-01-01,93.2,5,3,4,0.6,0.0,0,0,1,1
180,2018-01-02,10.55,1,1,1,0.0,1.0,1,0,1,2
180,2018-01-04,12.23,1,1,1,0.0,1.0,3,0,1,4
180,2018-01-05,8.82,1,1,1,0.0,0.0,4,0,1,5
180,2018-01-06,17.26,1,1,1,0.0,0.0,5,1,1,6
180,2018-01-07,27.45,1,1,1,0.0,0.0,6,1,1,7
180,2018-01-08,45.62,2,2,2,0.5,0.0,0,0,1,8
180,2018-01-09,39.300000000000004,3,3,3,0.0,0.0,1,0,1,9
180,2018-01-10,16.0,1,1,1,0.0,0.0,2,0,1,10
180,2018-01-12,167.34,2,2,2,0.0,0.0,4,0,1,12
180,2018-01-13,105.09,4,3,3,0.0,0.5,5,1,1,13
180,2018-01-14,137.46,1,1,1,0.0,1.0,6,1,1,14
180,2018-01-15,47.04,3,2,3,0.6666666666666666,0.3333333333333333,0,0,1,15
180,2018-01-16,15.92,1,1,1,1.0,0.0,1,0,1,16
180,2018-01-17,155.5,3,2,3,0.0,0.6666666666666666,2,0,1,17
180,2018-01-19,10.7,1,1,1,0.0,0.0,4,0,1,19
180,2018-01-20,173.95,1,1,1,1.0,0.0,5,1,1,20
180,2018-01-21,14.66,1,1,1,0.0,0.0,6,1,1,21
180,2018-01-22,24.759999999999998,2,1,2,0.0,1.0,0,0,1,22
180,2018-01-24,40.49,3,3,3,0.3333333333333333,0.0,2,0,1,24
180,2018-01-25,80.55,1,1,1,0.0,0.0,3,0,1,25
180,2018-01-26,48.0,1,1,1,0.0,0.0,4,0,1,26
180,2018-01-27,47.57,4,4,4,0.0,0.5,5,1,1,27
180,2018-01-28,8.16,1,1,1,0.0,0.0,6,1,1,28
180,2018-01-29,23.27,2,2,2,0.5,0.5,0,0,1,29
180,2018-01-30,21.64,3,3,3,0.0,0.3333333333333333,1,0,1,30
180,2018-02-02,175.79,4,3,3,0.25,0.25,4,0,2,2
180,2018-02-03,46.95,1,1,1,0.0,0.0,5,1,2,3
180,2018-02-05,69.78999999999999,4,3,3,0.0,0.5,0,0,2,5
180,2018-02-06,140.0,1,1,1,0.0,1.0,1,0,2,6
180,2018-02-07,197.48,3,3,3,0.6666666666666666,0.3333333333333333,2,0,2,7
180,2018-02-08,28.17,2,2,2,0.5,0.5,3,0,2,8
180,2018-02-10,11.55,1,1,1,0.0,0.0,5,1,2,10
180,2018-02-11,120.35,1,1,1,0.0,1.0,6,1,2,11
180,2018-02-12,12.08,1,1,1,1.0,0.0,0,0,2,12
180,2018-02-13,16.38,1,1,1,0.0,1.0,1,0,2,13
180,2018-02-14,39.56,2,2,2,0.0,1.0,2,0,2,14
180,2018-02-17,158.41,2,2,2,0.0,0.0,5,1,2,17
180,2018-02-19,25.4,2,2,2,0.5,0.0,0,0,2,19
180,2018-02-20,57.75,3,2,3,0.0,0.0,1,0,2,20
180,2018-02-21,81.05,5,3,3,0.0,0.6,2,0,2,21
180,2018-02-22,17.57,1,1,1,0.0,0.0,3,0,2,22
180,2018-02-23,94.21,1,1,1,0.0,1.0,4,0,2,23
180,2018-02-25,95.72,3,3,3,0.0,0.3333333333333333,6,1,2,25
180,2018-02-26,144.29,3,3,3,0.0,0.6666666666666666,0,0,2,26
180,2018-02-27,55.26,3,2,3,0.0,1.0,1,0,2,27
180,2018-02-28,76.92,1,1,1,1.0,0.0,2,0,2,28
180,2018-03-01,26.18,2,2,2,0.5,0.0,3,0,3,1
180,2018-03-02,55.2,3,3,3,0.3333333333333333,0.6666666666666666,4,0,3,2
180,2018-03-04,19.52,1,1,1,0.0,1.0,6,1,3,4
180,2018-03-05,89.8,2,2,2,0.0,0.5,0,0,3,5
180,2018-03-06,7.67,1,1,1,1.0,0.0,1,0,3,6
180,2018-03-07,23.08,1,1,1,1.0,0.0,2,0,3,7
180,2018-03-08,17.81,1,1,1,0.0,1.0,3,0,3,8
180,2018-03-09,107.18,1,1,1,0.0,1.0,4,0,3,9
180,2018-03-11,17.02,1,1,1,0.0,0.0,6,1,3,11
180,2018-03-12,59.64,3,2,2,0.3333333333333333,0.0,0,0,3,12
180,2018-03-13,30.02,2,2,2,0.0,1.0,1,0,3,13
180,2018-03-14,9.64,1,1,1,0.0,1.0,2,0,3,14
180,2018-03-15,133.91,1,1,1,0.0,0.0,3,0,3,15
180,2018-03-16,50.74,1,1,1,0.0,0.0,4,0,3,16
180,2018-03-17,25.79,2,2,2,0.0,0.0,5,1,3,17
180,2018-03-18,153.45999999999998,2,2,2,0.0,0.0,6,1,3,18
180,2018-03-19,15.88,1,1,1,0.0,0.0,0,0,3,19
180,2018-03-20,129.34,3,3,3,0.0,0.3333333333333333,1,0,3,20
180,2018-03-22,63.18,4,4,4,0.0,0.0,3,0,3,22
180,2018-03-23,140.57,3,3,3,0.3333333333333333,0.3333333333333333,4,0,3,23
180,2018-03-24,18.01,1,1,1,0.0,1.0,5,1,3,24
180,2018-03-26,172.10999999999999,3,3,3,0.3333333333333333,0.3333333333333333,0,0,3,26
180,2018-03-27,33.34,2,2,2,0.5,0.0,1,0,3,27
180,2018-03-28,220.38,4,3,3,0.0,0.75,2,0,3,28
180,2018-03-30,23.74,1,1,1,1.0,0.0,4,0,3,30
180,2018-04-02,40.15,2,2,2,0.5,0.5,0,0,4,2
180,2018-04-03,55.22,3,3,3,0.0,0.3333333333333333,1,0,4,3
180,2018-04-04,10.17,1,1,1,1.0,0.0,2,0,4,4
180,2018-04-05,83.76,1,1,1,0.0,1.0,3,0,4,5
180,2018-04-06,139.06,2,2,2,0.0,1.0,4,0,4,6
180,2018-04-07,187.99,3,3,3,0.3333333333333333,0.0,5,1,4,7
180,2018-04-08,212.7,1,1,1,1.0,0.0,6,1,4,8
180,2018-04-09,213.79999999999998,3,2,3,1.0,0.0,0,0,4,9
180,2018-04-10,53.86,3,2,2,0.6666666666666666,0.0,1,0,4,10
180,2018-04-11,50.010000000000005,3,3,3,0.3333333333333333,0.3333333333333333,2,0,4,11
180,2018-04-12,112.29,1,1,1,0.0,0.0,3,0,4,12
180,2018-04-14,33.68,2,1,1,0.0,1.0,5,1,4,14
180,2018-04-16,53.919999999999995,3,2,3,0.0,0.3333333333333333,0,0,4,16
180,2018-04-17,98.77000000000001,3,3,3,0.0,0.3333333333333333,1,0,4,17
180,2018-04-18,7.09,1,1,1,0.0,1.0,2,0,4,18
180,2018-04-19,137.99,3,2,2,0.0,0.6666666666666666,3,0,4,19
180,2018-04-21,16.28,1,1,1,0.0,0.0,5,1,4,21
180,2018-04-22,331.14,4,4,4,0.5,0.25,6,1,4,22
180,2018-04-23,42.129999999999995,2,2,2,0.0,0.5,0,0,4,23
180,2018-04-24,42.08,3,3,3,0.0,1.0,1,0,4,24
180,2018-04-26,18.47,1,1,1,0.0,0.0,3,0,4,26
180,2018-04-27,15.26,1,1,1,0.0,1.0,4,0,4,27
180,2018-04-28,9.19,1,1,1,0.0,0.0,5,1,4,28
180,2018-04-29,13.78,1,1,1,0.0,0.0,6,1,4,29
180,2018-04-30,293.09,6,5,6,0.5,0.3333333333333333,0,0,4,30
180,2018-05-01,24.479999999999997,2,2,2,0.5,0.5,1,0,5,1
180,2018-05-03,944.77,4,4,4,0.0,0.25,3,0,5,3
180,2018-05-05,181.31,4,2,2,0.0,0.25,5,1,5,5
180,2018-05-07,10.8,1,1,1,0.0,0.0,0,0,5,7
180,2018-05-08,44.2,3,2,3,0.6666666666666666,0.0,1,0,5,8
180,2018-05-10,29.05,1,1,1,0.0,0.0,3,0,5,10
180,2018-05-14,234.43,6,5,6,0.3333333333333333,0.5,0,0,5,14
180,2018-05-15,138.89,2,2,2,0.5,0.0,1,0,5,15
180,2018-05-16,19.78,1,1,1,0.0,0.0,2,0,5,16
180,2018-05-17,130.64,3,3,3,0.0,0.3333333333333333,3,0,5,17
180,2018-05-18,18.9,1,1,1,1.0,0.0,4,0,5,18
180,2018-05-21,424.47,3,3,3,0.0,0.6666666666666666,0,0,5,21
180,2018-05-22,60.06,4,2,2,0.25,0.0,1,0,5,22
180,2018-05-23,79.29,5,3,4,0.2,0.4,2,0,5,23
180,2018-05-24,76.75999999999999,4,3,4,0.5,0.5,3,0,5,24
180,2018-05-25,164.02,3,3,3,0.3333333333333333,0.3333333333333333,4,0,5,25
180,2018-05-26,88.98,3,3,3,0.3333333333333333,0.0,5,1,5,26
180,2018-05-27,58.47,3,3,3,0.3333333333333333,0.3333333333333333,6,1,5,27
180,2018-05-28,288.48,5,3,4,0.0,0.2,0,0,5,28
180,2018-05-29,187.42,4,4,4,0.5,0.0,1,0,5,29
180,2018-05-30,153.75,3,2,3,0.0,0.6666666666666666,2,0,5,30
180,2018-05-31,39.25,3,2,2,0.6666666666666666,0.0,3,0,5,31
180,2018-06-01,-136.68,4,2,2,0.0,0.5,4,0,6,1
180,2018-06-04,27.42,2,1,2,0.0,0.5,0,0,6,4
180,2018-06-05,27.17,2,2,2,0.0,0.5,1,0,6,5
180,2018-06-06,26.71,2,2,2,1.0,0.0,2,0,6,6
180,2018-06-07,69.22999999999999,2,2,2,0.0,1.0,3,0,6,7
180,2018-06-09,120.42,1,1,1,0.0,0.0,5,1,6,9
180,2018-06-10,18.54,1,1,1,1.0,0.0,6,1,6,10
180,2018-06-11,32.13,2,1,1,0.0,0.5,0,0,6,11
180,2018-06-12,146.3,2,2,2,0.5,0.0,1,0,6,12
180,2018-06-13,34.06,1,1,1,0.0,1.0,2,0,6,13
180,2018-06-14,51.03,1,1,1,0.0,1.0,3,0,6,14
180,2018-06-15,256.95,3,3,3,0.3333333333333333,0.0,4,0,6,15
180,2018-06-16,15.17,1,1,1,0.0,0.0,5,1,6,16
180,2018-06-17,27.36,2,2,2,0.0,0.5,6,1,6,17
180,2018-06-18,130.48,2,2,2,0.0,0.0,0,0,6,18
180,2018-06-19,57.19,3,2,2,0.0,0.0,1,0,6,19
180,2018-06-20,87.04,1,1,1,0.0,0.0,2,0,6,20
180,2018-06-21,15.54,1,1,1,1.0,0.0,3,0,6,21
180,2018-06-22,43.230000000000004,3,3,3,0.0,0.0,4,0,6,22
180,2018-06-23,17.67,1,1,1,0.0,1.0,5,1,6,23
180,2018-06-24,29.91,1,1,1,0.0,0.0,6,1,6,24
180,2018-06-25,65.22,4,4,4,0.25,0.5,0,0,6,25
180,2018-06-26,38.92,2,2,2,0.0,0.5,1,0,6,26
180,2018-06-27,32.05,1,1,1,0.0,1.0,2,0,6,27
180,2018-06-28,27.7,3,3,3,0.0,0.0,3,0,6,28
180,2018-06-29,124.92999999999999,2,2,2,0.0,1.0,4,0,6,29
180,2018-06-30,29.450000000000003,2,2,2,0.5,0.0,5,1,6,30
180,2018-07-02,29.08,2,2,2,0.0,1.0,0,0,7,2
180,2018-07-03,166.67,5,4,5,0.0,0.0,1,0,7,3
180,2018-07-04,69.19,4,3,4,0.5,0.25,2,0,7,4
180,2018-07-08,14.93,1,1,1,0.0,0.0,6,1,7,8
180,2018-07-09,51.1,3,2,2,0.0,0.6666666666666666,0,0,7,9
180,2018-07-10,48.400000000000006,3,2,2,0.6666666666666666,0.3333333333333333,1,0,7,10
180,2018-07-11,11.49,1,1,1,0.0,0.0,2,0,7,11
180,2018-07-12,12.96,1,1,1,0.0,1.0,3,0,7,12
180,2018-07-13,130.31,1,1,1,0.0,1.0,4,0,7,13
180,2018-07-14,154.07,1,1,1,0.0,0.0,5,1,7,14
180,2018-07-15,69.86,1,1,1,0.0,1.0,6,1,7,15
180,2018-07-16,123.41,5,5,5,0.0,0.4,0,0,7,16
180,2018-07-17,140.31,2,2,2,0.0,0.5,1,0,7,17
180,2018-07-18,91.24,2,2,2,0.0,0.5,2,0,7,18
180,2018-07-20,45.2,2,2,2,0.0,0.5,4,0,7,20
180,2018-07-21,24.46,2,2,2,0.0,0.0,5,1,7,21
180,2018-07-22,31.93,1,1,1,0.0,1.0,6,1,7,22
180,2018-07-23,191.07999999999998,4,3,3,0.25,0.5,0,0,7,23
180,2018-07-24,111.3,6,5,6,0.16666666666666666,0.5,1,0,7,24
180,2018-07-26,53.39,4,4,4,0.5,0.5,3,0,7,26
180,2018-07-27,11.48,1,1,1,0.0,0.0,4,0,7,27
180,2018-07-28,85.36,2,2,2,0.0,1.0,5,1,7,28
180,2018-07-29,80.0,1,1,1,0.0,0.0,6,1,7,29
180,2018-07-30,11.77,1,1,1,0.0,1.0,0,0,7,30
180,2018-07-31,171.24,4,3,4,0.0,0.5,1,0,7,31
180,2018-08-01,108.38000000000001,2,2,2,0.0,0.0,2,0,8,1
180,2018-08-03,10.09,1,1,1,0.0,0.0,4,0,8,3
180,2018-08-05,37.900000000000006,3,3,3,0.3333333333333333,0.0,6,1,8,5
180,2018-08-06,62.91,3,3,3,0.0,0.6666666666666666,0,0,8,6
180,2018-08-07,32.489999999999995,2,2,2,0.0,0.5,1,0,8,7
180,2018-08-10,243.48999999999998,3,3,3,0.0,0.6666666666666666,4,0,8,10
180,2018-08-12,24.44,2,2,2,0.0,0.0,6,1,8,12
180,2018-08-13,44.64,3,3,3,0.3333333333333333,0.3333333333333333,0,0,8,13
180,2018-08-14,176.48999999999998,4,4,4,0.25,0.25,1,0,8,14
180,2018-08-15,114.91,1,1,1,0.0,1.0,2,0,8,15
180,2018-08-17,13.67,1,1,1,0.0,0.0,4,0,8,17
180,2018-08-18,74.02000000000001,2,2,2,0.0,0.0,5,1,8,18
180,2018-08-19,144.13,3,3,3,0.3333333333333333,0.3333333333333333,6,1,8,19
180,2018-08-20,36.81,2,2,2,0.0,0.0,0,0,8,20
180,2018-08-21,136.0,2,2,2,0.0,1.0,1,0,8,21
180,2018-08-23,135.57,2,2,2,0.5,0.0,3,0,8,23
180,2018-08-24,45.75,2,2,2,0.0,1.0,4,0,8,24
180,2018-08-25,25.15,1,1,1,1.0,0.0,5,1,8,25
180,2018-08-26,32.9,1,1,1,0.0,0.0,6,1,8,26
180,2018-08-27,40.22,2,2,2,0.5,0.5,0,0,8,27
180,2018-08-29,92.6,1,1,1,0.0,0.0,2,0,8,29
180,2018-08-30,10.73,1,1,1,0.0,0.0,3,0,8,30
180,2018-09-01,20.21,1,1,1,0.0,0.0,5,1,9,1
180,2018-09-02,126.62,2,2,2,0.0,0.5,6,1,9,2
180,2018-09-03,33.05,2,2,2,0.5,0.0,0,0,9,3
180,2018-09-04,35.75,2,1,2,1.0,0.0,1,0,9,4
180,2018-09-05,225.53,5,4,4,0.2,0.6,2,0,9,5
180,2018-09-06,241.34,2,2,2,0.5,0.5,3,0,9,6
180,2018-09-07,10.73,1,1,1,0.0,1.0,4,0,9,7
180,2018-09-08,123.6,2,2,2,0.0,0.5,5,1,9,8
180,2018-09-09,146.22,2,2,2,0.5,0.5,6,1,9,9
180,2018-09-10,44.58,2,2,2,0.5,0.0,0,0,9,10
180,2018-09-11,10.94,1,1,1,0.0,0.0,1,0,9,11
180,2018-09-12,18.32,1,1,1,1.0,0.0,2,0,9,12
180,2018-09-13,35.32,1,1,1,0.0,0.0,3,0,9,13
180,2018-09-14,46.81,3,2,2,0.0,0.3333333333333333,4,0,9,14
180,2018-09-15,17.6,1,1,1,1.0,0.0,5,1,9,15
180,2018-09-16,247.51999999999998,3,2,3,0.3333333333333333,0.3333333333333333,6,1,9,16
180,2018-09-17,43.93,3,3,3,0.3333333333333333,0.3333333333333333,0,0,9,17
180,2018-09-18,50.95,3,3,3,0.3333333333333333,0.0,1,0,9,18
180,2018-09-19,198.78,4,4,4,0.0,0.5,2,0,9,19
180,2018-09-20,32.15,2,2,2,0.0,0.0,3,0,9,20
180,2018-09-21,14.32,1,1,1,0.0,1.0,4,0,9,21
180,2018-09-22,18.98,2,2,2,0.5,0.0,5,1,9,22
180,2018-09-23,143.5,4,3,4,0.0,0.5,6,1,9,23
180,2018-09-24,26.68,2,2,2,0.5,0.0,0,0,9,24
180,2018-09-25,110.55,3,3,3,0.3333333333333333,0.6666666666666666,1,0,9,25
180,2018-09-27,323.7,2,2,2,0.5,0.0,3,0,9,27
180,2018-09-28,18.02,2,2,2,0.0,1.0,4,0,9,28
180,2018-09-29,16.88,1,1,1,0.0,1.0,5,1,9,29
180,2018-09-30,15.81,1,1,1,0.0,1.0,6,1,9,30
180,2018-10-01,194.18,2,2,2,0.0,0.5,0,0,10,1
180,2018-10-02,113.96000000000001,4,3,3,0.25,0.0,1,0,10,2
180,2018-10-03,49.41,2,2,2,0.0,1.0,2,0,10,3
180,2018-10-04,15.9,1,1,1,0.0,0.0,3,0,10,4
180,2018-10-05,41.19,2,1,1,1.0,0.0,4,0,10,5
180,2018-10-06,125.03,2,2,2,0.0,0.5,5,1,10,6
180,2018-10-07,115.13999999999999,3,3,3,0.0,0.3333333333333333,6,1,10,7
180,2018-10-08,16.32,1,1,1,0.0,0.0,0,0,10,8
180,2018-10-09,57.28,3,3,3,0.3333333333333333,0.6666666666666666,1,0,10,9
180,2018-10-10,136.82999999999998,3,3,3,0.0,1.0,2,0,10,10
180,2018-10-11,41.06,2,2,2,0.5,0.5,3,0,10,11
180,2018-10-12,109.13,4,3,3,0.0,0.5,4,0,10,12
180,2018-10-15,156.07,4,4,4,0.25,0.25,0,0,10,15
180,2018-10-16,182.10000000000002,5,3,4,0.0,0.2,1,0,10,16
180,2018-10-17,67.72,1,1,1,0.0,1.0,2,0,10,17
180,2018-10-18,100.0,1,1,1,0.0,0.0,3,0,10,18
180,2018-10-19,8.51,1,1,1,0.0,0.0,4,0,10,19
180,2018-10-22,21.18,1,1,1,0.0,1.0,0,0,10,22
180,2018-10-23,219.36,5,4,5,0.4,0.4,1,0,10,23
180,2018-10-26,170.22000000000003,3,3,3,0.0,1.0,4,0,10,26
180,2018-10-27,4.71,1,1,1,0.0,1.0,5,1,10,27
180,2018-10-28,29.33,1,1,1,0.0,1.0,6,1,10,28
180,2018-10-29,11.77,1,1,1,1.0,0.0,0,0,10,29
180,2018-10-30,53.32,3,3,3,0.3333333333333333,0.0,1,0,10,30
180,2018-10-31,130.0,2,2,2,0.0,0.5,2,0,10,31
180,2018-11-01,13.74,1,1,1,0.0,0.0,3,0,11,1
180,2018-11-02,30.2,2,2,2,0.5,0.0,4,0,11,2
180,2018-11-04,150.23999999999998,2,1,2,0.0,0.5,6,1,11,4
180,2018-11-05,76.27,4,4,4,0.0,0.25,0,0,11,5
180,2018-11-06,26.310000000000002,2,2,2,0.0,0.0,1,0,11,6
180,2018-11-07,41.83,2,2,2,0.0,0.5,2,0,11,7
180,2018-11-08,178.9,2,2,2,1.0,0.0,3,0,11,8
180,2018-11-09,35.02,2,2,2,0.0,0.5,4,0,11,9
180,2018-11-10,39.150000000000006,2,2,2,0.0,0.5,5,1,11,10
180,2018-11-11,26.060000000000002,2,2,2,0.5,0.0,6,1,11,11
180,2018-11-12,53.42,3,3,3,0.3333333333333333,0.3333333333333333,0,0,11,12
180,2018-11-13,21.42,2,2,2,0.0,0.5,1,0,11,13
180,2018-11-15,125.42,4,3,3,0.25,0.0,3,0,11,15
180,2018-11-16,35.230000000000004,2,2,2,0.0,0.5,4,0,11,16
180,2018-11-17,61.8,2,2,2,0.0,0.0,5,1,11,17
180,2018-11-18,290.17,4,4,4,0.25,0.0,6,1,11,18
180,2018-11-19,31.65,2,2,2,0.0,0.0,0,0,11,19
180,2018-11-20,151.57999999999998,3,3,3,0.3333333333333333,0.3333333333333333,1,0,11,20
180,2018-11-21,7.04,1,1,1,0.0,0.0,2,0,11,21
180,2018-11-22,151.01,2,2,2,0.0,0.0,3,0,11,22
180,2018-11-23,151.57,3,3,3,0.0,0.6666666666666666,4,0,11,23
180,2018-11-24,77.57,2,2,2,0.0,1.0,5,1,11,24
180,2018-11-25,573.0,2,2,2,0.5,0.0,6,1,11,25
180,2018-11-26,51.76,3,2,2,0.3333333333333333,0.6666666666666666,0,0,11,26
180,2018-11-27,-318.23,5,3,3,0.2,0.2,1,0,11,27
180,2018-11-28,31.2,1,1,1,0.0,1.0,2,0,11,28
180,2018-12-01,49.59,3,3,3,0.3333333333333333,0.6666666666666666,5,1,12,1
180,2018-12-03,171.9,4,4,4,0.0,0.25,0,0,12,3
180,2018-12-04,29.52,2,2,2,0.0,0.5,1,0,12,4
180,2018-12-05,166.57,1,1,1,1.0,0.0,2,0,12,5
180,2018-12-06,268.62,3,2,2,1.0,0.0,3,0,12,6
180,2018-12-07,35.49,3,3,3,0.0,0.3333333333333333,4,0,12,7
180,2018-12-08,128.37,1,1,1,0.0,0.0,5,1,12,8
180,2018-12-10,14.53,1,1,1,0.0,1.0,0,0,12,10
180,2018-12-11,31.29,2,2,2,0.0,0.5,1,0,12,11
180,2018-12-12,243.74,4,3,4,0.25,0.5,2,0,12,12
180,2018-12-13,13.29,1,1,1,0.0,1.0,3,0,12,13
180,2018-12-14,14.94,1,1,1,0.0,1.0,4,0,12,14
180,2018-12-15,149.72,2,2,2,0.0,0.0,5,1,12,15
180,2018-12-16,19.28,1,1,1,0.0,0.0,6,1,12,16
180,2018-12-17,42.59,3,2,3,0.6666666666666666,0.3333333333333333,0,0,12,17
180,2018-12-19,131.27,2,2,2,0.0,1.0,2,0,12,19
180,2018-12-20,481.07,2,2,2,0.0,0.0,3,0,12,20
180,2018-12-21,30.93,2,2,2,0.5,0.0,4,0,12,21
180,2018-12-22,45.230000000000004,3,2,3,0.6666666666666666,0.0,5,1,12,22
180,2018-12-23,214.76999999999998,5,4,4,0.2,0.6,6,1,12,23
180,2018-12-24,68.52,4,3,3,0.25,0.0,0,0,12,24
180,2018-12-25,172.01,7,3,6,0.42857142857142855,0.14285714285714285,1,0,12,25
180,2018-12-26,44.37,3,1,2,0.0,0.3333333333333333,2,0,12,26
180,2018-12-27,51.46,3,2,2,0.3333333333333333,0.0,3,0,12,27
180,2018-12-28,-253.51,5,3,4,0.2,0.2,4,0,12,28
180,2018-12-29,15.35,1,1,1,1.0,0.0,5,1,12,29
180,2018-12-30,223.47000000000003,2,2,2,1.0,0.0,6,1,12,30
180,2018-12-31,154.97,3,2,3,0.3333333333333333,0.3333333333333333,0,0,12,31
180,2019-01-01,56.11,3,2,2,0.6666666666666666,0.0,1,0,1,1
180,2019-01-02,156.36,4,4,4,0.0,0.25,2,0,1,2
180,2019-01-03,30.159999999999997,2,2,2,0.0,1.0,3,0,1,3
180,2019-01-04,17.04,1,1,1,1.0,0.0,4,0,1,4
180,2019-01-05,11.4,1,1,1,1.0,0.0,5,1,1,5
180,2019-01-06,44.71,2,2,2,0.0,0.5,6,1,1,6
180,2019-01-07,91.05,2,2,2,0.0,0.5,0,0,1,7
180,2019-01-08,34.379999999999995,2,2,2,0.0,1.0,1,0,1,8
180,2019-01-09,17.73,1,1,1,0.0,1.0,2,0,1,9
180,2019-01-10,162.55,4,3,3,0.0,0.25,3,0,1,10
180,2019-01-11,4.22,1,1,1,0.0,1.0,4,0,1,11
180,2019-01-12,25.73,1,1,1,0.0,0.0,5,1,1,12
180,2019-01-13,18.89,2,2,2,0.0,0.5,6,1,1,13
180,2019-01-14,3.26,1,1,1,0.0,0.0,0,0,1,14
180,2019-01-15,167.24,4,4,4,0.25,0.25,1,0,1,15
180,2019-01-17,35.96,2,2,2,0.5,0.5,3,0,1,17
180,2019-01-20,34.96,2,2,2,0.0,0.5,6,1,1,20
180,2019-01-21,148.22,4,4,4,0.25,0.5,0,0,1,21
180,2019-01-22,67.11,4,4,4,0.5,0.25,1,0,1,22
180,2019-01-23,58.96,3,3,3,0.6666666666666666,0.0,2,0,1,23
180,2019-01-25,111.67,2,2,2,0.0,0.0,4,0,1,25
180,2019-01-26,30.099999999999998,2,2,2,0.5,0.5,5,1,1,26
180,2019-01-28,109.41,1,1,1,0.0,1.0,0,0,1,28
180,2019-01-29,54.589999999999996,3,3,3,0.0,0.6666666666666666,1,0,1,29
180,2019-01-30,35.95,2,2,2,0.0,1.0,2,0,1,30
180,2019-02-01,19.88,1,1,1,0.0,0.0,4,0,2,1
180,2019-02-04,82.32,2,2,2,0.0,0.5,0,0,2,4
180,2019-02-05,16.82,1,1,1,1.0,0.0,1,0,2,5
180,2019-02-06,28.0,2,2,2,0.0,0.5,2,0,2,6
180,2019-02-08,14.99,1,1,1,0.0,1.0,4,0,2,8
180,2019-02-09,12.73,1,1,1,1.0,0.0,5,1,2,9
180,2019-02-10,26.25,2,2,2,0.0,0.5,6,1,2,10
180,2019-02-11,40.88,2,2,2,0.0,0.5,0,0,2,11
180,2019-02-12,24.64,2,1,1,1.0,0.0,1,0,2,12
180,2019-02-13,54.68,3,3,3,0.3333333333333333,0.3333333333333333,2,0,2,13
180,2019-02-15,28.21,2,2,2,0.0,0.5,4,0,2,15
180,2019-02-16,10.1,1,1,1,0.0,0.0,5,1,2,16
180,2019-02-19,204.25,6,4,4,0.3333333333333333,0.5,1,0,2,19
180,2019-02-20,27.590000000000003,2,2,2,0.0,0.5,2,0,2,20
180,2019-02-21,63.739999999999995,4,3,3,0.5,0.0,3,0,2,21
180,2019-02-23,9.95,1,1,1,0.0,0.0,5,1,2,23
180,2019-02-24,35.03,2,2,2,0.5,0.5,6,1,2,24
180,2019-02-27,26.380000000000003,2,2,2,0.5,0.0,2,0,2,27
180,2019-02-28,18.13,1,1,1,0.0,1.0,3,0,2,28
180,2019-03-01,62.41,2,2,2,0.5,0.0,4,0,3,1
180,2019-03-02,211.98,3,3,3,0.0,0.3333333333333333,5,1,3,2
180,2019-03-03,12.13,1,1,1,0.0,1.0,6,1,3,3
180,2019-03-04,134.78,2,2,2,0.0,0.0,0,0,3,4
180,2019-03-05,58.410000000000004,3,2,3,0.3333333333333333,0.3333333333333333,1,0,3,5
180,2019-03-06,180.49,2,2,2,0.0,0.5,2,0,3,6
180,2019-03-07,5.86,1,1,1,0.0,1.0,3,0,3,7
180,2019-03-08,20.31,1,1,1,1.0,0.0,4,0,3,8
180,2019-03-10,17.55,1,1,1,0.0,0.0,6,1,3,10
180,2019-03-11,8.13,1,1,1,0.0,0.0,0,0,3,11
180,2019-03-12,168.33,4,4,4,0.25,0.0,1,0,3,12
180,2019-03-13,17.49,1,1,1,0.0,1.0,2,0,3,13
180,2019-03-14,13.25,1,1,1,0.0,1.0,3,0,3,14
180,2019-03-15,26.82,2,2,2,0.0,0.0,4,0,3,15
180,2019-03-19,28.45,2,2,2,0.0,0.5,1,0,3,19
180,2019-03-20,27.04,1,1,1,0.0,0.0,2,0,3,20
180,2019-03-22,27.43,2,1,2,1.0,0.0,4,0,3,22
180,2019-03-23,34.21,3,3,3,0.0,0.3333333333333333,5,1,3,23
180,2019-03-24,32.96,1,1,1,0.0,0.0,6,1,3,24
180,2019-03-26,57.75,4,3,3,0.0,0.5,1,0,3,26
180,2019-03-27,135.7,4,3,4,0.5,0.0,2,0,3,27
180,2019-03-28,10.97,1,1,1,0.0,0.0,3,0,3,28
180,2019-03-29,125.64999999999999,2,2,2,0.0,0.0,4,0,3,29
180,2019-03-30,35.67,2,2,2,0.0,0.0,5,1,3,30
180,2019-04-01,35.71,1,1,1,0.0,1.0,0,0,4,1
180,2019-04-02,185.56,3,3,3,0.3333333333333333,0.3333333333333333,1,0,4,2
180,2019-04-03,113.56,4,4,4,0.25,0.75,2,0,4,3
180,2019-04-04,175.34,2,2,2,1.0,0.0,3,0,4,4
180,2019-04-05,18.18,1,1,1,0.0,1.0,4,0,4,5
180,2019-04-06,13.52,1,1,1,0.0,1.0,5,1,4,6
180,2019-04-08,18.28,1,1,1,1.0,0.0,0,0,4,8
180,2019-04-09,137.29,3,3,3,0.6666666666666666,0.3333333333333333,1,0,4,9
180,2019-04-10,63.33,3,3,3,0.3333333333333333,0.6666666666666666,2,0,4,10
180,2019-04-11,153.91,3,3,3,0.0,0.3333333333333333,3,0,4,11
180,2019-04-12,4.72,1,1,1,0.0,0.0,4,0,4,12
180,2019-04-14,29.54,2,2,2,0.0,0.0,6,1,4,14
180,2019-04-15,114.49000000000001,2,2,2,0.5,0.0,0,0,4,15
180,2019-04-16,320.02,4,4,4,0.25,0.25,1,0,4,16
180,2019-04-17,91.56,3,3,3,0.0,0.6666666666666666,2,0,4,17
180,2019-04-20,26.71,1,1,1,0.0,0.0,5,1,4,20
180,2019-04-22,143.57999999999998,2,2,2,0.5,0.5,0,0,4,22
180,2019-04-23,11.46,1,1,1,0.0,0.0,1,0,4,23
180,2019-04-24,21.38,1,1,1,0.0,0.0,2,0,4,24
180,2019-04-26,8.0,1,1,1,0.0,0.0,4,0,4,26
180,2019-04-27,128.39,3,3,3,0.0,0.0,5,1,4,27
180,2019-04-28,19.54,2,2,2,0.0,0.0,6,1,4,28
180,2019-04-29,131.96,2,2,2,0.0,0.5,0,0,4,29
180,2019-04-30,78.63,4,4,4,0.25,0.25,1,0,4,30
180,2019-05-01,324.78999999999996,4,3,3,0.25,0.25,2,0,5,1
180,2019-05-02,10.05,1,1,1,1.0,0.0,3,0,5,2
180,2019-05-03,52.330000000000005,2,2,2,0.0,0.5,4,0,5,3
180,2019-05-05,14.49,1,1,1,0.0,1.0,6,1,5,5
180,2019-05-06,10.88,1,1,1,0.0,1.0,0,0,5,6
180,2019-05-07,59.120000000000005,4,3,3,0.0,0.75,1,0,5,7
180,2019-05-08,50.07,4,4,4,0.25,0.25,2,0,5,8
180,2019-05-12,139.51999999999998,2,2,2,0.5,0.5,6,1,5,12
180,2019-05-13,21.59,1,1,1,0.0,1.0,0,0,5,13
180,2019-05-14,40.64,4,4,4,0.25,0.0,1,0,5,14
180,2019-05-15,35.58,2,2,2,0.0,0.0,2,0,5,15
180,2019-05-16,117.07,2,2,2,0.0,0.5,3,0,5,16
180,2019-05-17,84.29,1,1,1,0.0,1.0,4,0,5,17
180,2019-05-18,80.46,4,4,4,0.25,0.25,5,1,5,18
180,2019-05-20,39.33,2,2,2,0.0,1.0,0,0,5,20
180,2019-05-21,36.010000000000005,2,2,2,0.0,0.0,1,0,5,21
180,2019-05-22,135.24,4,3,3,0.0,0.5,2,0,5,22
180,2019-05-24,194.94,2,2,2,0.5,0.5,4,0,5,24
180,2019-05-25,22.87,1,1,1,0.0,0.0,5,1,5,25
180,2019-05-26,12.68,1,1,1,0.0,0.0,6,1,5,26
180,2019-05-27,160.73,2,2,2,0.5,0.5,0,0,5,27
180,2019-05-28,126.21000000000001,5,3,4,0.4,0.2,1,0,5,28
180,2019-05-29,18.09,1,1,1,0.0,0.0,2,0,5,29
180,2019-05-30,164.12,4,4,4,0.5,0.5,3,0,5,30
180,2019-05-31,95.47,1,1,1,0.0,1.0,4,0,5,31
180,2019-06-01,136.97,1,1,1,0.0,0.0,5,1,6,1
180,2019-06-02,3.05,1,1,1,0.0,1.0,6,1,6,2
180,2019-06-03,10.74,1,1,1,0.0,1.0,0,0,6,3
180,2019-06-04,155.17000000000002,4,4,4,0.0,0.25,1,0,6,4
180,2019-06-05,45.59,3,2,3,0.6666666666666666,0.0,2,0,6,5
180,2019-06-07,15.08,1,1,1,0.0,0.0,4,0,6,7
180,2019-06-08,16.61,1,1,1,1.0,0.0,5,1,6,8
180,2019-06-09,33.68,2,2,2,0.5,0.0,6,1,6,9
180,2019-06-10,13.48,1,1,1,0.0,0.0,0,0,6,10
180,2019-06-11,118.46000000000001,4,3,4,0.5,0.5,1,0,6,11
180,2019-06-12,82.92,2,2,2,0.5,0.5,2,0,6,12
180,2019-06-13,11.14,1,1,1,0.0,0.0,3,0,6,13
180,2019-06-16,41.96,4,4,4,0.0,0.25,6,1,6,16
180,2019-06-17,138.77,2,2,2,0.0,0.5,0,0,6,17
180,2019-06-18,43.83,3,3,3,0.0,0.3333333333333333,1,0,6,18
180,2019-06-19,15.53,1,1,1,0.0,0.0,2,0,6,19
180,2019-06-20,15.8,1,1,1,0.0,1.0,3,0,6,20
180,2019-06-22,84.78,1,1,1,0.0,1.0,5,1,6,22
180,2019-06-25,136.82,5,4,4,0.0,0.4,1,0,6,25
180,2019-06-26,38.33,2,2,2,0.5,0.0,2,0,6,26
180,2019-06-27,10.9,1,1,1,0.0,1.0,3,0,6,27
180,2019-06-28,273.2,5,5,5,0.2,0.2,4,0,6,28
180,2019-06-29,21.03,1,1,1,0.0,1.0,5,1,6,29
180,2019-06-30,9.36,1,1,1,0.0,1.0,6,1,6,30
180,2019-07-01,122.0,2,2,2,0.0,1.0,0,0,7,1
180,2019-07-02,13.79,2,2,2,0.0,0.5,1,0,7,2
180,2019-07-03,135.22,4,4,4,0.25,0.25,2,0,7,3
180,2019-07-04,38.28,2,1,2,0.0,0.5,3,0,7,4
180,2019-07-06,47.49,3,3,3,0.3333333333333333,0.0,5,1,7,6
180,2019-07-07,41.21,2,2,2,0.0,0.0,6,1,7,7
180,2019-07-08,82.89,1,1,1,0.0,0.0,0,0,7,8
180,2019-07-09,14.93,1,1,1,0.0,0.0,1,0,7,9
180,2019-07-10,8.68,1,1,1,0.0,0.0,2,0,7,10
180,2019-07-13,26.55,1,1,1,0.0,1.0,5,1,7,13
180,2019-07-14,14.04,1,1,1,1.0,0.0,6,1,7,14
180,2019-07-16,33.17,2,2,2,0.0,0.5,1,0,7,16
180,2019-07-17,117.99,4,3,4,0.5,0.0,2,0,7,17
180,2019-07-19,70.75999999999999,3,3,3,0.3333333333333333,0.0,4,0,7,19
180,2019-07-20,180.5,1,1,1,0.0,1.0,5,1,7,20
180,2019-07-21,215.17,3,3,3,0.3333333333333333,0.3333333333333333,6,1,7,21
180,2019-07-22,171.65,4,4,4,0.0,0.75,0,0,7,22
180,2019-07-23,87.06,4,4,4,0.25,0.0,1,0,7,23
180,2019-07-24,26.36,2,1,1,0.0,0.5,2,0,7,24
180,2019-07-25,11.74,2,2,2,0.0,1.0,3,0,7,25
180,2019-07-27,5.41,1,1,1,0.0,0.0,5,1,7,27
180,2019-07-28,167.87,2,2,2,0.5,0.0,6,1,7,28
180,2019-07-29,159.24,3,3,3,0.0,0.3333333333333333,0,0,7,29
180,2019-07-30,35.97,2,2,2,0.5,0.5,1,0,7,30
180,2019-07-31,10.78,1,1,1,1.0,0.0,2,0,7,31
180,2019-08-02,17.6,1,1,1,0.0,0.0,4,0,8,2
180,2019-08-03,25.479999999999997,2,2,2,0.5,0.5,5,1,8,3
180,2019-08-04,13.79,1,1,1,0.0,0.0,6,1,8,4
180,2019-08-05,110.56,1,1,1,0.0,1.0,0,0,8,5
180,2019-08-06,44.2,2,2,2,0.0,1.0,1,0,8,6
180,2019-08-07,313.4,4,3,3,0.25,0.25,2,0,8,7
180,2019-08-08,638.2,1,1,1,0.0,0.0,3,0,8,8
180,2019-08-10,207.57,4,4,4,0.25,0.25,5,1,8,10
180,2019-08-11,15.82,1,1,1,0.0,1.0,6,1,8,11
180,2019-08-12,62.769999999999996,2,2,2,0.5,0.0,0,0,8,12
180,2019-08-13,121.49000000000001,4,1,1,0.0,0.0,1,0,8,13
180,2019-08-14,53.54,3,3,3,0.3333333333333333,0.3333333333333333,2,0,8,14
180,2019-08-15,46.34,3,3,3,0.3333333333333333,0.3333333333333333,3,0,8,15
180,2019-08-16,61.3,3,2,2,0.0,0.6666666666666666,4,0,8,16
180,2019-08-17,162.22,3,2,3,0.3333333333333333,0.3333333333333333,5,1,8,17
180,2019-08-18,154.72,1,1,1,0.0,0.0,6,1,8,18
180,2019-08-20,195.44,5,5,5,0.0,0.4,1,0,8,20
180,2019-08-21,34.28,2,2,2,0.5,0.0,2,0,8,21
180,2019-08-23,26.84,1,1,1,0.0,1.0,4,0,8,23
180,2019-08-24,26.130000000000003,2,2,2,0.0,0.0,5,1,8,24
180,2019-08-27,37.35,2,2,2,0.5,0.0,1,0,8,27
180,2019-08-28,43.06,3,3,3,0.3333333333333333,0.6666666666666666,2,0,8,28
180,2019-08-29,29.93,2,1,1,0.0,0.0,3,0,8,29
180,2019-08-30,10.53,1,1,1,1.0,0.0,4,0,8,30
180,2019-08-31,18.78,1,1,1,0.0,0.0,5,1,8,31
180,2019-09-01,11.73,1,1,1,0.0,0.0,6,1,9,1
180,2019-09-03,68.24000000000001,4,4,4,0.25,0.25,1,0,9,3
180,2019-09-04,16.34,1,1,1,0.0,1.0,2,0,9,4
180,2019-09-05,55.12,3,2,3,0.6666666666666666,0.3333333333333333,3,0,9,5
180,2019-09-06,16.69,1,1,1,1.0,0.0,4,0,9,6
180,2019-09-10,221.04000000000002,5,4,4,0.2,0.4,1,0,9,10
180,2019-09-11,16.44,1,1,1,0.0,1.0,2,0,9,11
180,2019-09-12,244.37,3,3,3,0.0,0.6666666666666666,3,0,9,12
180,2019-09-13,128.5,2,1,2,0.5,0.0,4,0,9,13
180,2019-09-14,94.36,3,3,3,0.0,0.0,5,1,9,14
180,2019-09-16,50.6,3,3,3,0.6666666666666666,0.3333333333333333,0,0,9,16
180,2019-09-17,316.02,5,4,5,0.0,0.4,1,0,9,17
180,2019-09-18,24.56,2,2,2,0.0,0.0,2,0,9,18
180,2019-09-20,175.04,1,1,1,1.0,0.0,4,0,9,20
180,2019-09-21,18.34,1,1,1,0.0,1.0,5,1,9,21
180,2019-09-22,118.55000000000001,2,2,2,0.0,0.5,6,1,9,22
180,2019-09-24,27.42,2,1,1,1.0,0.0,1,0,9,24
180,2019-09-25,61.94,4,3,3,0.5,0.0,2,0,9,25
180,2019-09-26,15.66,1,1,1,1.0,0.0,3,0,9,26
180,2019-09-27,33.38,1,1,1,0.0,0.0,4,0,9,27
180,2019-09-29,14.16,1,1,1,0.0,1.0,6,1,9,29
180,2019-09-30,32.519999999999996,2,2,2,0.0,0.5,0,0,9,30
180,2019-10-01,31.93,2,2,2,0.0,0.5,1,0,10,1
180,2019-10-02,50.54,3,3,3,0.6666666666666666,0.0,2,0,10,2
180,2019-10-03,153.39000000000001,3,2,2,0.0,0.6666666666666666,3,0,10,3
180,2019-10-05,11.48,1,1,1,0.0,0.0,5,1,10,5
180,2019-10-06,16.22,1,1,1,1.0,0.0,6,1,10,6
180,2019-10-08,167.31,5,4,5,0.4,0.4,1,0,10,8
180,2019-10-09,154.9,3,2,3,1.0,0.0,2,0,10,9
180,2019-10-10,77.66,2,2,2,0.0,0.0,3,0,10,10
180,2019-10-12,20.3,2,2,2,0.5,0.5,5,1,10,12
180,2019-10-13,100.0,1,1,1,0.0,1.0,6,1,10,13
180,2019-10-14,11.91,1,1,1,0.0,1.0,0,0,10,14
180,2019-10-15,59.16,3,2,3,1.0,0.0,1,0,10,15
180,2019-10-16,31.73,2,1,2,0.0,0.0,2,0,10,16
180,2019-10-17,16.54,1,1,1,1.0,0.0,3,0,10,17
180,2019-10-18,20.48,1,1,1,0.0,1.0,4,0,10,18
180,2019-10-19,98.66,2,2,2,0.0,0.0,5,1,10,19
180,2019-10-20,29.119999999999997,2,2,2,0.0,0.0,6,1,10,20
180,2019-10-21,17.77,1,1,1,0.0,0.0,0,0,10,21
180,2019-10-22,34.38,2,2,2,0.0,0.0,1,0,10,22
180,2019-10-23,83.02,5,4,5,0.2,0.4,2,0,10,23
180,2019-10-24,10.07,1,1,1,0.0,1.0,3,0,10,24
180,2019-10-25,24.310000000000002,2,2,2,0.0,0.0,4,0,10,25
180,2019-10-26,27.27,1,1,1,0.0,0.0,5,1,10,26
180,2019-10-28,15.69,1,1,1,0.0,0.0,0,0,10,28
180,2019-10-29,20.34,1,1,1,0.0,0.0,1,0,10,29
180,2019-10-30,16.31,1,1,1,0.0,0.0,2,0,10,30
180,2019-10-31,108.03999999999999,2,2,2,0.5,0.0,3,0,10,31
